SET foreign_key_checks = 0;
TRUNCATE TABLE calendar;
TRUNCATE TABLE effect;
TRUNCATE TABLE effect_category;
TRUNCATE TABLE effect_modifier;
TRUNCATE TABLE icon;
TRUNCATE TABLE item_category;
TRUNCATE TABLE item_effect;
TRUNCATE TABLE item_requirement;
TRUNCATE TABLE item_skill;
TRUNCATE TABLE item_skill_modifiers;
TRUNCATE TABLE item_slot;
TRUNCATE TABLE item_template;
TRUNCATE TABLE item_template_slot;
TRUNCATE TABLE item_type;
TRUNCATE TABLE item_unskill;
TRUNCATE TABLE job;
TRUNCATE TABLE job_bonus;
TRUNCATE TABLE job_origin_blacklist;
TRUNCATE TABLE job_origin_whitelist;
TRUNCATE TABLE job_requirement;
TRUNCATE TABLE job_restrict;
TRUNCATE TABLE job_skill;
TRUNCATE TABLE location;
TRUNCATE TABLE location_map;
TRUNCATE TABLE monster_location;
TRUNCATE TABLE monster_template;
TRUNCATE TABLE monster_trait;
TRUNCATE TABLE monster_type;
TRUNCATE TABLE origin;
TRUNCATE TABLE origin_bonus;
TRUNCATE TABLE origin_info;
TRUNCATE TABLE origin_requirement;
TRUNCATE TABLE origin_restrict;
TRUNCATE TABLE origin_skill;
TRUNCATE TABLE skill;
TRUNCATE TABLE skill_effect;
TRUNCATE TABLE speciality;
TRUNCATE TABLE speciality_modifier;
TRUNCATE TABLE speciality_special;
TRUNCATE TABLE stat;

INSERT INTO calendar (id, name, startday, endday, note) VALUES (1, 'Décade de Sbroz', 1, 10, null),
(2, 'Décade de Th’ungi', 11, 20, null),
(3, 'Décade d’Uhien le Velu', 21, 30, null),
(4, 'Fête d’Honslépêle (jour du Sameule)', 31, 31, null),
(5, 'Décade de Lakkan', 32, 41, null),
(6, 'Décade de Sblortz', 42, 51, null),
(7, 'Décade maudite de Gzor', 52, 61, null),
(8, 'Décade des champignons', 62, 71, null),
(9, 'Trois journées de la fête de Dékhon (dis aussi «trois jours du con d’or»)', 72, 74, null),
(10, 'Décade de Kzaranagax l’Archi-Mage ou "de l’équité": équinoxe de printemps pendant la décade.', 75, 84, 'On y paye les impôts'),
(11, 'Décade des géraniums en pôt', 85, 94, null),
(12, 'Décade de Phytgar Ranald', 95, 104, null),
(13, 'Fête des giboulées', 105, 105, null),
(14, 'Décade des géraniums gelés', 106, 115, null),
(15, 'Fête des grenouilles', 116, 116, null),
(16, 'Décade des pieds humides', 117, 126, null),
(17, 'Décade de Zaralbak', 127, 136, null),
(18, 'Petite Décade de Ravsgalat', 137, 145, null),
(19, 'Décade de Swimaf', 146, 155, null),
(20, 'Décade de Vontorz', 156, 165, null),
(21, 'Décade de Lasinjan', 166, 175, null),
(22, 'Décade des premières moissons', 176, 185, null),
(23, 'Trois jours de la fête de la bière de printemps', 186, 188, null),
(24, 'Décade de la truite', 189, 198, null),
(25, 'Décade du grand Khan Ikul', 199, 208, null),
(26, 'Fête de Dlul, jour des Feignasses, jour du sommeil, jour des couettes, jour du Cursed Pillow of Slumber', 209, 209, 'début des calendes de Zaou'),
(27, 'Décade des Grand Départs', 210, 210, null),
(28, 'Décade des Pèlerins de Dlul', 211, 220, null),
(29, 'Décade des Grands Retours', 221, 230, null),
(30, 'Fête de Oboulos', 231, 231, 'fin des calendes de Zaou'),
(31, 'Décade des moissons tardives', 232, 241, null),
(32, 'Fête de la bière d’automne', 242, 242, null),
(33, 'Décade des vendanges', 243, 252, null),
(34, 'Décade des bonnes résolutions', 253, 262, null),
(35, 'Décade des Trolls', 263, 272, 'souvent équinoxe d’automne, mais pas toujours et puis on s’en moque'),
(36, 'Fête du vin nouveau frelaté', 273, 273, null),
(37, 'Jour chômé du Mal de Tête', 274, 274, null),
(38, 'Décade de Kazarmon', 275, 284, null),
(39, 'Fête des pommes', 285, 285, 'incidemment, Jour de Deuil chez les Elfes'),
(40, 'Décade des liches', 286, 295, null),
(41, 'Décade des barbares Drombards', 296, 305, null),
(42, 'Décade des barbares Moriacs', 306, 315, null),
(43, 'Décade des barbares Syldériens', 316, 325, null),
(44, 'Fête de la Baston, jour de Crom, jour pour pourrir ses voisins', 326, 326, null),
(45, 'Décade des cochons', 327, 336, null),
(46, 'Fête du gras jambon', 337, 337, 'début des Calendes des Cembres'),
(47, 'Décade des boules de neige', 338, 347, null),
(48, 'Décade de Saint Taklauss', 348, 357, 'le solstice d’hiver est le prétexte à une grande fête, et à plein de cadeaux'),
(49, 'Jours Sacrés, fête de la Grande Binouze, Vénération hivernale de Dlul.', 358, 365, 'durée variable pour ajuster le calendrier en fonction du mal de tête et de la gueule de bois, fin des Calendes des Cembres');

INSERT INTO effect_category (id, name, dicecount, dicesize, note) VALUES (1, 'Mutation mineure', 2, 6, 'La mutation magique survient en cinq minutes. Pour se débarrasser d''une mutation, lui ou un allié, un mage peut essayer un dispel magic, une seule fois.
En cas d''échec, il convient de se rendre dans une clinique de mages, à Glargh ou bien à Waldorg. Le résultat n''est pas garanti.
Dans le cas d''une mutation non visible immédiatement, le MJ doit se débrouiller pour permettre au héros de découvrir sa mutation, cela peut prendre du temps.'),
(2, 'Mutation majeure', 1, 20, 'La mutation magique survient en cinq minutes. Pour se débarrasser d''une mutation, lui ou un allié, un mage peut essayer un dispel magic, une seule fois.
En cas d''échec, il convient de se rendre dans une clinique de mages, à Glargh ou bien à Waldorg. Le résultat n''est pas garanti.
Dans le cas d''une mutation non visible immédiatement, le MJ doit se débrouiller pour permettre au héros de découvrir sa mutation, cela peut prendre du temps.'),
(3, 'Folie', 1, 20, 'Table que vous pouvez appliquer en cas d''événement provoquant la folie d''un personnage : sortilège raté, échec critique au courage, malédiction...
Vous devrez donc apporter les modifications pendant la durée de l''effet de folie et aussi modifier le rôleplay !

Durée : dans le cas où la durée de l''effet de folie n''est pas précisée, comptez 1D20+10 heures ou 2D20 heures (choix MJ)'),
(4, 'Conséquences blessures graves', 0, 0, ''),
(5, 'Poison', 1, 20, 'Les effets de ces poisons sont valables sur les humains ou humanoïdes de taille standard. Ils n''ont pas forcément le même effet sur les monstres...
Ils peuvent aussi bien ne pas avoir d''effet du tout ! Pour tous les cas étranges, c''est le MJ qui décide.'),
(6, 'Antidote', 0, 0, 'Les antidotes agissent 4 secondes après inoculation par intraveineuse et 20 secondes après ingestion.');

INSERT INTO effect_modifier (effect, stat, value, type) VALUES (2, 'CHA', -1, 'ADD'),
(3, 'CHA', -2, 'ADD'),
(5, 'AD', -1, 'ADD'),
(5, 'CHA', -1, 'ADD'),
(6, 'CHA', -1, 'ADD'),
(7, 'CHA', -2, 'ADD'),
(8, 'CHA', -2, 'ADD'),
(11, 'CHA', -2, 'ADD'),
(12, 'CHA', -1, 'ADD'),
(13, 'CHA', 2, 'ADD'),
(14, 'CHA', -2, 'ADD'),
(15, 'COU', 1, 'ADD'),
(15, 'FO', 2, 'ADD'),
(16, 'CHA', -1, 'ADD'),
(17, 'CHA', -3, 'ADD'),
(17, 'PR', 2, 'ADD'),
(18, 'CHA', -2, 'ADD'),
(19, 'AD', -2, 'ADD'),
(19, 'AT', -1, 'ADD'),
(22, 'CHA', -4, 'ADD'),
(22, 'FO', 1, 'ADD'),
(26, 'FO', -2, 'ADD'),
(26, 'INT', 2, 'ADD'),
(27, 'CHA', -3, 'ADD'),
(28, 'COU', -1, 'ADD'),
(28, 'FO', -2, 'ADD'),
(29, 'AD', -2, 'ADD'),
(29, 'CHA', -2, 'ADD'),
(29, 'MV', -30, 'ADD'),
(31, 'AD', 0, 'SET'),
(31, 'FO', 0, 'SET'),
(31, 'RESM', 5, 'ADD'),
(32, 'AD', 0, 'SET'),
(32, 'CHA', 0, 'SET'),
(32, 'COU', 0, 'SET'),
(32, 'FO', 0, 'SET'),
(32, 'INT', 0, 'SET'),
(33, 'COU', -3, 'ADD'),
(33, 'INT', -3, 'ADD'),
(34, 'AD', -3, 'ADD'),
(34, 'AT', -2, 'ADD'),
(34, 'INT', -5, 'ADD'),
(34, 'PRD', -2, 'ADD'),
(35, 'INT', -2, 'ADD'),
(36, 'INT', -2, 'ADD'),
(37, 'INT', -3, 'ADD'),
(38, 'COU', 3, 'ADD'),
(38, 'FO', 2, 'ADD'),
(38, 'INT', -4, 'ADD'),
(40, 'COU', -4, 'ADD'),
(42, 'COU', -3, 'ADD'),
(42, 'INT', -2, 'ADD'),
(43, 'AD', -3, 'ADD'),
(43, 'CHA', -3, 'ADD'),
(43, 'COU', -3, 'ADD'),
(43, 'INT', -3, 'ADD'),
(44, 'COU', -3, 'ADD'),
(46, 'COU', 4, 'ADD'),
(46, 'INT', -2, 'ADD'),
(48, 'COU', -2, 'ADD'),
(48, 'INT', -2, 'ADD'),
(49, 'INT', -2, 'ADD'),
(50, 'INT', -3, 'ADD'),
(51, 'INT', -2, 'ADD'),
(52, 'AD', -5, 'ADD'),
(52, 'AT', -5, 'ADD'),
(52, 'FO', -5, 'ADD'),
(52, 'PRD', -5, 'ADD'),
(53, 'AD', -1, 'ADD'),
(53, 'AT', -1, 'ADD'),
(53, 'CHA', -3, 'ADD'),
(53, 'PRD', -2, 'ADD'),
(54, 'AD', -6, 'ADD'),
(54, 'AT', -5, 'ADD'),
(54, 'CHA', -6, 'ADD'),
(54, 'COU', -6, 'ADD'),
(54, 'PRD', -8, 'ADD'),
(55, 'AD', -2, 'ADD'),
(55, 'AT', -1, 'ADD'),
(55, 'MV', -50, 'ADD'),
(55, 'PRD', -2, 'ADD'),
(56, 'AD', -2, 'ADD'),
(56, 'AT', -3, 'ADD'),
(56, 'FO', -2, 'ADD'),
(56, 'PRD', -3, 'ADD'),
(57, 'AD', -2, 'ADD'),
(57, 'AT', -3, 'ADD'),
(57, 'FO', -2, 'ADD'),
(57, 'PRD', -3, 'ADD'),
(58, 'AD', -1, 'ADD'),
(58, 'AT', -1, 'ADD'),
(58, 'FO', -1, 'ADD'),
(58, 'PRD', -2, 'ADD'),
(59, 'AD', -1, 'ADD'),
(59, 'AT', -1, 'ADD'),
(59, 'FO', -1, 'ADD'),
(59, 'PRD', -2, 'ADD'),
(60, 'AD', -2, 'ADD'),
(60, 'AT', -2, 'ADD'),
(60, 'MV', -50, 'ADD'),
(60, 'PRD', -2, 'ADD'),
(61, 'AD', -4, 'ADD'),
(61, 'AT', -4, 'ADD'),
(61, 'COU', -3, 'ADD'),
(61, 'FO', -3, 'ADD'),
(61, 'MV', -75, 'ADD'),
(61, 'PRD', -6, 'ADD'),
(62, 'AD', -6, 'ADD'),
(62, 'AT', -8, 'ADD'),
(62, 'COU', -5, 'ADD'),
(62, 'FO', -5, 'ADD'),
(62, 'MV', -100, 'ADD'),
(62, 'PRD', -8, 'ADD'),
(63, 'AD', -4, 'ADD'),
(63, 'AT', -4, 'ADD'),
(63, 'COU', -3, 'ADD'),
(63, 'FO', -3, 'ADD'),
(63, 'MV', -75, 'ADD'),
(63, 'PRD', -6, 'ADD'),
(64, 'AD', -6, 'ADD'),
(64, 'AT', -8, 'ADD'),
(64, 'COU', -5, 'ADD'),
(64, 'FO', -5, 'ADD'),
(64, 'MV', -100, 'ADD'),
(64, 'PRD', -8, 'ADD'),
(65, 'AD', -4, 'ADD'),
(65, 'AT', -5, 'ADD'),
(65, 'COU', -2, 'ADD'),
(65, 'FO', -4, 'ADD'),
(65, 'PRD', -6, 'ADD'),
(66, 'AD', -2, 'ADD'),
(66, 'AT', -5, 'ADD'),
(66, 'CHA', -5, 'ADD'),
(66, 'COU', -4, 'ADD'),
(66, 'FO', -4, 'ADD'),
(66, 'PRD', -6, 'ADD'),
(67, 'AD', -4, 'ADD'),
(67, 'AT', -5, 'ADD'),
(67, 'COU', -1, 'ADD'),
(67, 'FO', -2, 'ADD'),
(67, 'PRD', -6, 'ADD'),
(68, 'AD', -4, 'ADD'),
(68, 'AT', -5, 'ADD'),
(68, 'COU', -1, 'ADD'),
(68, 'FO', -2, 'ADD'),
(68, 'PRD', -6, 'ADD'),
(69, 'AD', -2, 'ADD'),
(69, 'AT', -2, 'ADD'),
(69, 'COU', -1, 'ADD'),
(69, 'FO', -2, 'ADD'),
(69, 'PRD', -3, 'ADD'),
(70, 'AD', -2, 'ADD'),
(70, 'AT', -3, 'ADD'),
(70, 'COU', -2, 'ADD'),
(70, 'FO', -2, 'ADD'),
(70, 'PRD', -4, 'ADD'),
(71, 'AD', -2, 'ADD'),
(71, 'AT', -2, 'ADD'),
(71, 'COU', -1, 'ADD'),
(71, 'FO', -1, 'ADD'),
(71, 'PRD', -3, 'ADD'),
(72, 'AD', -2, 'ADD'),
(72, 'AT', -2, 'ADD'),
(72, 'COU', -1, 'ADD'),
(72, 'FO', -1, 'ADD'),
(72, 'PRD', -3, 'ADD'),
(73, 'AD', -2, 'ADD'),
(73, 'COU', -5, 'ADD'),
(73, 'MV', -50, 'ADD'),
(74, 'AD', -2, 'ADD'),
(75, 'AD', -1, 'ADD'),
(78, 'AD', -1, 'ADD'),
(78, 'AT', -1, 'ADD'),
(78, 'PRD', -1, 'ADD'),
(79, 'COU', -5, 'ADD'),
(80, 'AD', -2, 'ADD'),
(80, 'AT', -2, 'ADD'),
(80, 'CHA', -2, 'ADD'),
(80, 'COU', -2, 'ADD'),
(80, 'PRD', -2, 'ADD'),
(81, 'AD', 2, 'DIV'),
(81, 'AT', 2, 'DIV'),
(81, 'MV', 2, 'DIV'),
(81, 'PRD', 2, 'DIV'),
(82, 'CHA', -4, 'ADD'),
(82, 'COU', -2, 'ADD'),
(82, 'FO', -1, 'ADD'),
(84, 'AD', -2, 'ADD'),
(84, 'AT', -2, 'ADD'),
(84, 'PRD', -2, 'ADD'),
(85, 'AD', -2, 'ADD'),
(85, 'AT', -2, 'ADD'),
(85, 'COU', -2, 'ADD'),
(85, 'INT', -3, 'ADD'),
(85, 'PRD', -2, 'ADD'),
(86, 'CHA', -3, 'ADD'),
(86, 'FO', 3, 'ADD'),
(87, 'AD', -2, 'ADD'),
(87, 'AT', -2, 'ADD'),
(87, 'FO', -2, 'ADD'),
(87, 'PRD', -2, 'ADD'),
(88, 'AD', -2, 'ADD'),
(88, 'CHA', -2, 'ADD'),
(88, 'COU', -2, 'ADD'),
(88, 'FO', -2, 'ADD'),
(88, 'INT', -2, 'ADD'),
(89, 'AD', 2, 'DIV'),
(89, 'CHA', 2, 'DIV'),
(89, 'COU', 2, 'DIV'),
(89, 'FO', 2, 'DIV'),
(89, 'INT', 2, 'DIV'),
(97, 'FO', -3, 'ADD'),
(98, 'AD', -1, 'ADD'),
(98, 'AT', -1, 'ADD'),
(98, 'PRD', -1, 'ADD'),
(101, 'COU', -2, 'ADD'),
(103, 'FO', -2, 'ADD'),
(104, 'INT', -3, 'ADD');

INSERT INTO effect (id, name, description, duration, dice, category, combatcount, timeduration) VALUES (1, 'Doigt en plus', 'Signe distinctif sans importance.', null, 2, 1, null, null),
 (2, 'Branchies', 'Permet de respirer sous l''eau', null, 3, 1, null, null),
 (3, 'Bosse', 'Signe distinctif difficile à cacher.', null, 4, 1, null, null),
 (5, 'Allongement des bras', 'Signe distinctif difficile à cacher, handicapant.', null, 5, 1, null, null),
 (6, 'Troisième oeil sur le front', 'Signe distinctif facile à cacher (bandeau, casque). Donne la vision nocturne.', null, 6, 1, null, null),
 (7, 'Oreilles géantes', 'Signe distinctif difficile à cacher, ouïe décuplée.', null, 7, 1, null, null),
 (8, 'Cornes', 'Signe distinctif difficile à cacher, ne peut porter de casque. Coup de boule dangereux !', null, 8, 1, null, null),
 (9, 'Dents aiguisées', 'Signe distinctif sans importance. Morsure douloureuse, peut trancher la chair.', null, 9, 1, null, null),
 (10, 'Canalisateur', 'Canalise l''énergie. Double la récupération des PA de tous les mages/prêtres du groupe.', null, 10, 1, null, null),
 (11, 'Gros pieds palmés', 'Nage très vite et efficacement. Ne peut porter de chaussures ou bottes, et c''est plutôt moche.', null, 11, 1, null, null),
 (12, 'Griffes', 'Signe distinctif difficile à cacher. Bonus combat à mains nues : 1D+2', null, 12, 1, null, null),
 (13, 'Ailes emplumées', 'Le personnage ressemble à un ange et devient très impressionnant. Il peut voler, mais ne peut utiliser de sac à dos. Difficultés dans les endroits confinés.', null, 1, 2, null, null),
 (14, 'Bras en plus', 'Permet d''ajouter 1 arme et 1 attaque/assaut, ou une parade (au choix). Assez moche. Les vêtements doivent être adaptés. Au choix du destin, droite ou gauche.', null, 2, 2, null, null),
 (15, 'Colosse', 'Augmentation de la taille et de la force. Le héros doit changer ses vêtements et armures.', null, 3, 2, null, null),
 (16, 'Ailes squameuses', 'Le personnage a l''air démoniaque et animal, mais contrebalance par son air impressionnant. Il peut voler, mais ne peut utiliser de sac à dos. Difficultés dans les endroits confinés.', null, 4, 2, null, null),
 (17, 'Peau écailleuse', 'La peau écailleuse rend le héros particulièrement laid. En revanche elle est dure à percer !', null, 5, 2, null, null),
 (18, 'Tentacule dorsal', 'Empêche le personnage de porter un sac à dos. Permet d''ajouter 1 arme et 1 attaque/assaut.', null, 6, 2, null, null),
 (19, 'Deux bras en plus', 'Un bras en plus de chaque côté, ce n''est pas forcément très pratique, on s''emmêle un peu. Cependant, ils donnent 1 attaque et et 1 parade en plus à chaque assaut.', null, 7, 2, null, null),
 (20, 'Spider touch', 'Le personnage peut grimper aux murs et peut escalader n''importe quoi sans épreuve. Peut même se cacher au plafond. Il éprouve des difficultés à garder sa petite amie.', null, 8, 2, null, null),
 (21, 'Lycanthropie', 'Le personnage se sent bizarre, et deviendra un homme-loup à la nuit tombée. Il sera alors totalement incontrôlable et voudra dévorer ses camarades.', null, 9, 2, null, null),
 (22, 'C''est velu', 'Le personnage se couvre d''une fourrure épaisse. Il ne craint plus le froid mais il sent mauvais. Il gagne en force et possède l''odorat d''un orque (flaire le danger à 50m).', null, 10, 2, null, null),
 (23, 'Télépathe', 'Le héros peut maintenant lire les pensées de quelqu''un sur épreuve INT (sauf rés. Magie).', null, 11, 2, null, null),
 (24, 'Solidité', 'Les os du héros deviennent si durs qu''il ne peut plus subir la moindre fracture.', null, 12, 2, null, null),
 (25, 'Ignifugé', 'Le feu ne peut plus altérer la santé du héros, en revanche ça ne protège pas son équipement.', null, 13, 2, null, null),
 (26, 'Petit génie', 'La boîte crânienne du héros grossit en même temps que son cerveau, ses muscles s''atrophient.', null, 14, 2, null, null),
 (27, 'Ailes embryonnaires', 'Le personnage ne peut porter de sac à dos et il est également bossu. Ne peut voler.', null, 15, 2, null, null),
 (28, 'Minus', 'Diminution de la taille et de la force. Le héros doit changer ses vêtements et armures.', null, 16, 2, null, null),
 (29, 'Jambe en plus', 'Le personnage a trois jambes. Hélas, ça ne sert pas à grand-chose et ce n''est pas pratique. Il se déplace moins vite. Les vêtements doivent être adaptés également.', null, 17, 2, null, null),
 (30, 'Corps enflammé', 'Le personnage se couvre de flammes de façon aléatoire. Il brûle tout ce qu''il touche, y compris son équipement. Il peut infliger des dégâts par simple contact : 2D+2. Il ne peut s''habiller que de vêtements de mailles métalliques.', null, 18, 2, null, null),
 (31, 'Éthéré', 'Le personnage perd sa consistance et devient translucide. Il peut traverser n''importe quelle matière mais ne peut plus transporter d''équipement ou manipuler d''objets. Il communique cependant et peut toujours lancer des sorts ou prodiges. Il est immunisé aux coups. Éthéré : dans ce cas précis, AD ne sert plus à rien, FO est à zéro, AT et PRD n''ont pas lieu d''être. Résistance magie +5. Vulnérable au feu, à l''électricité...', null, 19, 2, null, null),
 (32, 'Têtacule', 'La tête du personnage est remplacée par un gros tentacule très laid. Le héros ne peut plus voir, entendre, penser, s''alimenter, et la respiration se fait par un petit orifice. La mutation doit être inversée dans les 48H ou il mourra.', null, 20, 2, null, null),
 (33, 'Paranoïa', 'Le héros sombre dans une paranoïa profonde, se renferme sur lui-même', null, 1, 3, null, null),
 (34, 'Débilité', 'Le héros, incapable de se concentrer, est victime de débilité', null, 2, 3, null, null),
 (35, 'Pensées troublantes I', 'Le héros est troublé car il pense avoir changé de sexe, il agit bizarrement', null, 3, 3, null, null),
 (36, 'Faim dévorante', 'Le héros est soudain obsédé par la nourriture et doit manger toutes les heures - cet état l''empêche de dormir', null, 4, 3, null, null),
 (37, 'Pensées troublantes II', 'Le héros est soudain obsédé par le sexe et cet état l''empêche de dormir', null, 5, 3, null, null),
 (38, 'Barbarisme', 'Le héros est enragé et pense qu''il est un barbare, il ne lance plus de sorts et attaque à vue au corps-à- corps – s''il était déjà barbare, la folie n''a pas d''effet', null, 6, 3, null, null),
 (39, 'Schyzophrénie', 'Le héros développe une deuxième personnalité, du sexe opposé et violente, qui peut ressortir en cas de stress (chiffre pair au D6) et cette personnalité ne peut jeter des sorts', null, 7, 3, null, null),
 (40, 'Émotivité', 'Le héros devient émotionnellement très fragile, il peut s''évanouir à la vue du danger s''il fait 5 ou 6 au D6', null, 8, 3, null, null),
 (41, 'Mutisme', 'Le héros ne peut plus parler, quelque chose a craqué en lui – de fait, il ne pourra plus lancer que des sorts silencieux', null, 9, 3, null, null),
 (42, 'Peur de l''obscur', 'Le héros a très peur du noir : il produira de la lumière en permanence ou se collera à une personne qui produit de la lumière - cet état l''empêche de dormir', null, 10, 3, null, null),
 (43, 'Craquage', 'Le héros a craqué : la bave à la bouche, il tremble en permanence et ne peut plus dormir', null, 11, 3, null, null),
 (44, 'Suicidaire', 'Le héros perd goût à la vie : il devient suicidaire et doit être surveillé à tout moment - en cas de stress il a 50% de chance d''essayer de se suicider à l''arme blanche', null, 12, 3, null, null),
 (45, 'Sadisme', 'Le héros devient sadique : la seule chose qui lui importe à présent, c''est d''infliger le plus de souffrance possible à ses ennemis - il ne s''intéressera plus à rien d''autre et délaissera toute autre préoccupation - cet état l''empêche de dormir', null, 13, 3, null, null),
 (46, 'Masochisme', 'Le héros devient complètement masochiste : il rêve de se voir infliger les souffrances les plus cuisantes et se mettra volontairement en danger - cela l''empêche de dormir', null, 14, 3, null, null),
 (47, 'Exhibitionnisme', 'Le héros devient exhibitionniste et complètement réfractaire aux vêtements : il devra se promener nu ou entrera dans une rage folle (héros nu : INT-2 pour TOUT LE GROUPE)', null, 15, 3, null, null),
 (48, 'Narcolepsie', 'Le héros devient narcoleptique : en cas de stress il pourra s''endormir sur place s''il fait 5 ou 6 au D6 - il ne peut pas rester 5 minutes inactif sans s''endormir', null, 16, 3, null, null),
 (49, 'Révélation', 'Le héros a une vision : devenu fou, il pense qu''il est l''élu de Braav'' et agira en fonction des préceptes de ce dieu', null, 17, 3, null, null),
 (50, 'Cleptomanie', 'Le héros est devenu un violent cleptomane : toutes les 15 minutes il tentera de s''emparer des biens de quelqu''un proche de lui, par la ruse ou par la force - cela l''empêche de dormir', null, 18, 3, null, null),
 (51, 'Grève de la faim', 'Le héros pense qu''il est allergique à la nourriture et que des parasites vivent à l''intérieur de lui : il refuse de s''alimenter ou de boire des potions, et cet état l''empêche de dormir', null, 19, 3, null, null),
 (52, 'Hémiplégie', 'Devenu momentanément hémiplégique, le héros ne peut plus utiliser que son bras gauche et se déplace difficilement', null, 20, 3, null, null),
 (53, '1 oeil crevé', null, 'permanent', null, 4, null, null),
 (54, 'Tous les yeux crevés', null, 'permanent', null, 4, null, null),
 (63, '1 jambe tranché', null, 'permanent', null, 4, null, null),
 (64, '2 jambes tranchées', null, 'permanent', null, 4, null, null),
 (66, 'Bras droit tranché', null, 'permanent', null, 4, null, null),
 (68, 'Main droite tranchée', null, 'permanent', null, 4, null, null),
 (70, 'Bras gauche tranché', null, 'permanent', null, 4, null, null),
 (72, 'Main gauche tranchée', null, 'permanent', null, 4, null, null),
 (73, 'Organes génitaux endommagés', null, 'permanent', null, 4, null, null),
 (76, 'Poison Courette (naturel)', 'Provoque une envie immédiate d''aller au toilettes... Et cela se répétera toutes les dix minutes pendant 1D6 heures', null, 1, 5, null, null),
 (77, 'Faidhodho (alchimie)', 'Sauf épreuve de force réussie : la victime s''endort pendant 1D20 min Elle peut être réveillée seulement par des moyens très énergiques', '', 2, 5, null, null),
 (78, 'Venin Tarentula (naturel)', 'Pour chaque dose dans le sang : AT/PRD/AD -1. Durée : 30 min ou moins selon force Pour chaque point de force au-dessus de 5, on gagne une minute', '', 3, 5, null, null),
 (79, 'Paranoïax (alchimie)', 'A moins de réussir une épreuve de courage -5, la victime s''enfuit au hasard, en hurlant', '1D20 min', 4, 5, null, null),
 (80, 'Chatouillouze (naturel)', 'Provoque l''envie de se gratter comme un forcené, atroces démangeaisons. La victime doit enlever son armure. Modifs : CHA/COU/AT/PRD/AD -2', '1D20 min', 5, 5, null, null),
 (81, 'Herbe Allanguira (naturel)', 'La victime devient complètement amorphe et se traîne comme une vieille loque.', '1D20 min', 6, 5, null, null),
 (83, 'Poison Kirmu (naturel)', 'Le personnage touché par le poison n''est plus maître de son corps, il se met à sauter partout Il doit être entravé sous peine de se blesser contre les murs ou les obstacles Il ne peut plus rien faire de constructif', '30 min ou moins selon force Pour chaque point de force au-dessus de 5, on gagne une minute', 8, 5, null, null),
 (84, 'Tyruk du Marais (naturel)', 'Provoque des vomissements et des spasmes à intervalles réguliers', '1 journée au terme de laquelle la victime perd 1D6 points de vie', 9, 5, null, null),
 (85, 'Dolorisya (alchimie)', 'Provoque des douleurs intenses dans la poitrine au niveau du coeur, perte de concentration', '24 H ou moins selon force Pour chaque point de force au-dessus de 5, on gagne une heure', 10, 5, null, null),
 (86, 'Rage de Khornettoh (alchimie)', 'Provoque une envie furieuse de meurtre et de combat, fait perdre tout sens des réalités La victime doit réussir une épreuve d''intelligence -5 chaque minute ou elle attaque à vue', '1D20 minutes', 11, 5, null, null),
 (87, 'Feuilles de Mourocco (naturel)', 'Effet tardif - au bout d''une heure, la victime se sent mal, éprouve vertiges et faiblesse. Perd 1D6 en énergie vitale. tente épreuve de force : si échec, perd 1D6 PV à nouveau', 'Chaque heure pendant 1D6 heures.', 12, 5, null, null),
 (88, 'Brasix des baies rouges (naturel)', 'Sensations de brûlures intenses sur la peau et dans les poumons, respiration difficile État de fièvre : perte de 1 PV toutes les heures', '24h ou moins - Pour chaque point de force au-dessus de 5, on gagne une heure', 13, 5, null, null),
 (89, 'Poudre Fantasmatron (alchimie)', 'Provoque des hallucinations et des états extatiques – la victime fait n''importe quoi Épreuve d''intelligence nécessaire pour toute action demandant de la concentration Perte de I PV toutes les 30 min', '1D20 heures Pour chaque point de force au-dessus de 5, on gagne une heure', 14, 5, null, null),
 (90, 'Scorpinio (alchimie)', 'Effet immédiat... Perte rapide d''énergie vitale, état de faiblesse, bave au coin des lèvres Chaque heure : -1 à toutes les caracs / -1D6PV', '2D6 heures', 15, 5, null, null),
 (91, 'Siestadonf (alchimie)', 'La victime s''endort pendant 1D6 jours et ses fonctions vitales sont ralenties Peut être utilisé pour faire croire à un décès La victime ne peut être réveillée sauf par inoculation forcée d''un antidote', '1D6 jours', 16, 5, null, null),
 (92, 'Acide Fluxurik (alchimie)', 'Ronge lentement la partie du corps atteinte en attaquant les cellules voisines Perte de 1 PV toutes les 15 min. Si ingéré ou proche d''un organe vital, provoque la mort en 2 heures', 'jusqu''à ablation du membre, antidote ou soin majeur ', 17, 5, null, null),
 (56, 'Coude droit luxé', null, null, null, 4, null, 604800),
 (57, 'Epaule droite luxé', null, null, null, 4, null, 604800),
 (59, 'Epaule gauche luxé', null, null, null, 4, null, 604800),
 (60, 'Pied écrasé', null, null, null, 4, null, 1209600),
 (61, '1 jambe cassée', null, null, null, 4, null, 1814400),
 (62, '2 jambes cassées', null, null, null, 4, null, 3628800),
 (65, 'Bras droit cassé', null, null, null, 4, null, 1814400),
 (69, 'Bras gauche cassé', null, null, null, 4, null, 1814400),
 (71, 'Main gauche cassée', null, null, null, 4, null, 1814400),
 (75, 'Perte d''un doigt supplémentaire', 'Le combattant finit par s''habituer à la perte de ses doigts et retrouve son adresse', null, null, 4, null, 2419200),
 (67, 'Main droite cassée', null, null, null, 4, null, 1814400),
 (82, 'Jus de Purulosia (naturel)', 'Apparition de plaques et de bubons au bout de 10 minutes. Perte de confiance en soi, fièvre.', null, 7, 5, null, 7200),
 (93, 'Hémorribilis (alchimie)', 'Quelques secondes après l''inoculation du poison, la victime commence à perdre du sang par tous ses orifices : nez, yeux, oreilles et je vous passe les détails Perte de 1 PV chaque min', 'jusqu''à inoculation d''un antidote ou soin majeur', 18, 5, null, null),
 (94, 'Venin du Taïpan (naturel)', 'Gonflement de tissus autour de la plaie - difficultés respiratoires, spasmes, tremblements Perte de 1 PV chaque min. Proche d''un organe vital, provoque la mort en 15 min', 'jusqu''à ablation du membre, antidote ou soin majeur', 19, 5, null, null),
 (95, 'Fulguria de Gzor (alchimie)', 'Arrêt cardiaque à courte échéance, bloque toutes les fonctions vitales, paralyse Perte de 1D6 PV par assaut (2 secondes)', 'jusqu''à l''inoculation d''un antidote', 20, 5, null, null),
 (55, 'Genoux luxé', null, null, null, 4, null, 604800),
 (58, 'Coude gauche luxé', null, null, null, 4, null, 604800),
 (74, 'Perte d''un doigt', 'Le combattant finit par s''habituer à la perte de ses doigts et retrouve son adresse', null, null, 4, null, 2419200),
 (96, 'Effets secondaires: Antidote alchimique universel', 'Apparition de boutons, diarrhée, fièvre légère', null, null, 6, null, 172800),
 (97, 'Effets secondaires: Antidote naturel', 'faiblesse', null, null, 6, null, 172800),
 (98, 'Effets secondaires: Antidote retardateur', 'Épaissit le sang', null, null, 6, null, 86400),
 (100, 'Effets secondaires: Antidote pifométrique de Gluk: 2', 'perte de l''audition', null, null, 6, null, 172800),
 (101, 'Effets secondaires: Antidote pifométrique de Gluk: 3', null, null, null, 6, null, 172800),
 (102, 'Effets secondaires: Antidote pifométrique de Gluk: 4', 'démangeaisons', null, null, 6, null, 172800),
 (103, 'Effets secondaires: Antidote pifométrique de Gluk: 5', null, null, null, 6, null, 172800),
 (104, 'Effets secondaires: Antidote pifométrique de Gluk: 6', null, null, null, 6, null, 172800),
 (99, 'Effets secondaires: Antidote pifométrique de Gluk: 1', 'nausées', null, null, 6, null, 172800);

INSERT INTO icon (name) VALUES ('abstract-001'),
 ('abstract-002'),
 ('abstract-003'),
 ('abstract-004'),
 ('abstract-005'),
 ('abstract-006'),
 ('abstract-007'),
 ('abstract-008'),
 ('abstract-009'),
 ('abstract-010'),
 ('abstract-011'),
 ('abstract-012'),
 ('abstract-013'),
 ('abstract-014'),
 ('abstract-015'),
 ('abstract-016'),
 ('abstract-017'),
 ('abstract-018'),
 ('abstract-019'),
 ('abstract-020'),
 ('abstract-021'),
 ('abstract-022'),
 ('abstract-023'),
 ('abstract-024'),
 ('abstract-025'),
 ('abstract-026'),
 ('abstract-027'),
 ('abstract-028'),
 ('abstract-029'),
 ('abstract-030'),
 ('abstract-031'),
 ('abstract-032'),
 ('abstract-033'),
 ('abstract-034'),
 ('abstract-035'),
 ('abstract-036'),
 ('abstract-037'),
 ('abstract-038'),
 ('abstract-039'),
 ('abstract-040'),
 ('abstract-041'),
 ('abstract-042'),
 ('abstract-043'),
 ('abstract-044'),
 ('abstract-045'),
 ('abstract-046'),
 ('abstract-047'),
 ('abstract-048'),
 ('abstract-049'),
 ('abstract-050'),
 ('abstract-051'),
 ('abstract-052'),
 ('abstract-053'),
 ('abstract-054'),
 ('abstract-055'),
 ('abstract-056'),
 ('abstract-057'),
 ('abstract-058'),
 ('abstract-059'),
 ('abstract-060'),
 ('abstract-061'),
 ('abstract-062'),
 ('abstract-063'),
 ('abstract-064'),
 ('abstract-065'),
 ('abstract-066'),
 ('abstract-067'),
 ('abstract-068'),
 ('abstract-069'),
 ('abstract-070'),
 ('abstract-071'),
 ('abstract-072'),
 ('abstract-073'),
 ('abstract-074'),
 ('abstract-075'),
 ('abstract-076'),
 ('abstract-077'),
 ('abstract-078'),
 ('abstract-079'),
 ('abstract-080'),
 ('abstract-081'),
 ('abstract-082'),
 ('abstract-083'),
 ('abstract-084'),
 ('abstract-085'),
 ('abstract-086'),
 ('abstract-087'),
 ('abstract-088'),
 ('abstract-089'),
 ('abstract-090'),
 ('abstract-091'),
 ('abstract-092'),
 ('abstract-093'),
 ('abstract-094'),
 ('abstract-095'),
 ('abstract-096'),
 ('abstract-097'),
 ('abstract-098'),
 ('abstract-099'),
 ('abstract-100'),
 ('abstract-101'),
 ('abstract-102'),
 ('abstract-103'),
 ('abstract-104'),
 ('abstract-105'),
 ('abstract-106'),
 ('abstract-107'),
 ('abstract-108'),
 ('abstract-109'),
 ('abstract-110'),
 ('abstract-111'),
 ('abstract-112'),
 ('abstract-113'),
 ('abstract-114'),
 ('abstract-115'),
 ('abstract-116'),
 ('abstract-117'),
 ('abstract-118'),
 ('abstract-119'),
 ('abstract-120'),
 ('abstract-121'),
 ('ace'),
 ('achievement'),
 ('acid'),
 ('acid-blob'),
 ('acid-tube'),
 ('acorn'),
 ('acoustic-megaphone'),
 ('aerial-signal'),
 ('aerodynamic-harpoon'),
 ('aerosol'),
 ('africa'),
 ('afterburn'),
 ('ages'),
 ('air-balloon'),
 ('air-force'),
 ('airplane'),
 ('air-zigzag'),
 ('ak47'),
 ('ak47u'),
 ('alarm-clock'),
 ('algae'),
 ('alien-fire'),
 ('alien-skull'),
 ('alien-stare'),
 ('all-for-one'),
 ('allied-star'),
 ('alligator-clip'),
 ('all-seeing-eye'),
 ('ambulance'),
 ('american-football-ball'),
 ('american-football-helmet'),
 ('american-shield'),
 ('amethyst'),
 ('ammo-box'),
 ('ammonite'),
 ('ammonite-fossil'),
 ('amphora'),
 ('amplitude'),
 ('amputation'),
 ('anarchy'),
 ('anatomy'),
 ('anchor'),
 ('ancient-ruins'),
 ('android-mask'),
 ('andromeda-chain'),
 ('angel-outfit'),
 ('angel-wings'),
 ('angler-fish'),
 ('angry-eyes'),
 ('angular-spider'),
 ('animal-hide'),
 ('animal-skull'),
 ('ankh'),
 ('annexation'),
 ('anthem'),
 ('anticlockwise-rotation'),
 ('anubis'),
 ('anvil'),
 ('anvil-impact'),
 ('apc'),
 ('apple-maggot'),
 ('apple-seeds'),
 ('aquarium'),
 ('aquarius'),
 ('aqueduct'),
 ('archery-target'),
 ('bowman'),
 ('architect-mask'),
 ('arcing-bolt'),
 ('arc-triomphe'),
 ('arena'),
 ('aries'),
 ('arm'),
 ('armadillo-tail'),
 ('armored-pants'),
 ('armor-vest'),
 ('armoured-shell'),
 ('arrow-cluster'),
 ('arrow-cursor'),
 ('arrow-dunk'),
 ('arrowed'),
 ('arrow-flights'),
 ('arrowhead'),
 ('arrow-scope'),
 ('arrows-shield'),
 ('arson'),
 ('artificial-hive'),
 ('artificial-intelligence'),
 ('assassin-pocket'),
 ('asteroid'),
 ('astronaut-helmet'),
 ('atlas'),
 ('atom'),
 ('atomic-slashes'),
 ('at-sea'),
 ('attached-shield'),
 ('aubergine'),
 ('audio-cassette'),
 ('aura'),
 ('australia'),
 ('autogun'),
 ('automatic-sas'),
 ('auto-repair'),
 ('awareness'),
 ('axe-in-stump'),
 ('axe-swing'),
 ('babyfoot-players'),
 ('backbone-shell'),
 ('back-forth'),
 ('backgammon'),
 ('backpack'),
 ('back-pain'),
 ('backstab'),
 ('backup'),
 ('bad-gnome'),
 ('balaclava'),
 ('balkenkreuz'),
 ('ball-heart'),
 ('ballista'),
 ('balloons'),
 ('banana'),
 ('banana-peel'),
 ('bandaged'),
 ('bandage-roll'),
 ('bank'),
 ('banknote'),
 ('barbarian'),
 ('barbed-arrow'),
 ('barbed-coil'),
 ('barbed-nails'),
 ('barbed-spear'),
 ('barbed-star'),
 ('barbed-sun'),
 ('barbed-wire'),
 ('barbute'),
 ('barefoot'),
 ('barn'),
 ('barrel'),
 ('barricade'),
 ('baseball-bat'),
 ('basketball-ball'),
 ('basketball-basket'),
 ('bat'),
 ('bat-blade'),
 ('baton'),
 ('battered-axe'),
 ('batteries'),
 ('battery-0'),
 ('battery-100'),
 ('battery-25'),
 ('battery-50'),
 ('battery-75'),
 ('battery-minus'),
 ('battery-pack'),
 ('battery-pack-alt'),
 ('battery-plus'),
 ('battle-axe'),
 ('battle-gear'),
 ('battleship'),
 ('bat-wing'),
 ('batwing-emblem'),
 ('bayonet'),
 ('beach-ball'),
 ('beams-aura'),
 ('beam-wake'),
 ('beanstalk'),
 ('beard'),
 ('bear-head'),
 ('beast-eye'),
 ('bed'),
 ('bed-lamp'),
 ('bee'),
 ('beech'),
 ('beehive'),
 ('beer-bottle'),
 ('beer-stein'),
 ('beetle-shell'),
 ('behold'),
 ('bell-shield'),
 ('belt'),
 ('belt-buckles'),
 ('bestial-fangs'),
 ('beveled-star'),
 ('biceps'),
 ('big-diamond-ring'),
 ('big-egg'),
 ('big-wave'),
 ('bindle'),
 ('binoculars'),
 ('biohazard'),
 ('bird-claw'),
 ('bird-limb'),
 ('bird-mask'),
 ('bird-twitter'),
 ('blackball'),
 ('black-bar'),
 ('black-book'),
 ('black-cat'),
 ('blackcurrant'),
 ('black-flag'),
 ('black-hand-shield'),
 ('black-hole-bolas'),
 ('black-knight-helm'),
 ('blade-bite'),
 ('blade-fall'),
 ('blast'),
 ('blaster'),
 ('bleeding-eye'),
 ('bleeding-heart'),
 ('bleeding-wound'),
 ('blindfold'),
 ('block-house'),
 ('blood'),
 ('bloody-stash'),
 ('bloody-sword'),
 ('blunderbuss'),
 ('bo'),
 ('boar-tusks'),
 ('body-balance'),
 ('body-height'),
 ('body-swapping'),
 ('boiling-bubbles'),
 ('bolas'),
 ('bolter-gun'),
 ('bolt-saw'),
 ('bolt-shield'),
 ('bolt-spell-cast'),
 ('bomber'),
 ('bombing-run'),
 ('bone-gnawer'),
 ('bone-knife'),
 ('book-aura'),
 ('book-cover'),
 ('book-cover-2'),
 ('bookmark'),
 ('bookmarklet'),
 ('book-pile'),
 ('bookshelf'),
 ('book-storm'),
 ('boomerang'),
 ('boomerang-sun'),
 ('boot-prints'),
 ('boots'),
 ('boot-stomp'),
 ('bordered-shield'),
 ('boss-key'),
 ('bottled-bolt'),
 ('bottle-vapors'),
 ('bottom-right-3d-arrow'),
 ('boulder-dash'),
 ('bowen-knot'),
 ('bowie-knife'),
 ('bowie-knife-2'),
 ('bowling-pin'),
 ('bowling-propulsion'),
 ('bowling-strike'),
 ('bowl-spiral'),
 ('bow-tie'),
 ('boxing-glove'),
 ('boxing-glove-surprise'),
 ('box-trap'),
 ('bracer'),
 ('bracers'),
 ('brain'),
 ('brain-freeze'),
 ('brain-stem'),
 ('brainstorm'),
 ('branch-arrow'),
 ('brandy-bottle'),
 ('brass-eye'),
 ('brass-knuckles'),
 ('bread'),
 ('breaking-chain'),
 ('breastplate'),
 ('brick-pile'),
 ('brick-wall'),
 ('bridge'),
 ('briefcase'),
 ('bright-explosion'),
 ('broad-dagger'),
 ('broadhead-arrow'),
 ('broadsword'),
 ('brodie-helmet'),
 ('broken-bone'),
 ('broken-bottle'),
 ('broken-heart'),
 ('broken-heart-zone'),
 ('broken-shield'),
 ('broken-skull'),
 ('broken-tablet'),
 ('broom'),
 ('brutal-helm'),
 ('bubble-field'),
 ('bubbles'),
 ('bubbling-beam'),
 ('bubbling-bowl'),
 ('bubbling-flask'),
 ('bud'),
 ('bugle-call'),
 ('bulb'),
 ('bull'),
 ('bullets'),
 ('bull-horns'),
 ('bullseye'),
 ('bundle-grenade'),
 ('buoy'),
 ('burn'),
 ('burning-blobs'),
 ('burning-book'),
 ('burning-dot'),
 ('burning-embers'),
 ('burning-eye'),
 ('burning-meteor'),
 ('burning-passion'),
 ('burning-round-shot'),
 ('burning-tree'),
 ('burst-blob'),
 ('butterfly'),
 ('butterfly-knife'),
 ('butterfly-warning'),
 ('button-finger'),
 ('c96'),
 ('cactus'),
 ('caduceus'),
 ('caesar'),
 ('cage'),
 ('caged-ball'),
 ('cake-slice'),
 ('caldera'),
 ('calendar'),
 ('camel-head'),
 ('campfire'),
 ('camping-tent'),
 ('cancel'),
 ('cancer'),
 ('candlebright'),
 ('candle-flame'),
 ('candle-holder'),
 ('candle-light'),
 ('candle-skull'),
 ('candlestick-phone'),
 ('candy-canes'),
 ('cannister'),
 ('cannon'),
 ('cannon-ball'),
 ('cannon-shot'),
 ('cape'),
 ('capitol'),
 ('capricorn'),
 ('card-10-clubs'),
 ('card-10-diamonds'),
 ('card-10-hearts'),
 ('card-10-spades'),
 ('card-2-clubs'),
 ('card-2-diamonds'),
 ('card-2-hearts'),
 ('card-2-spades'),
 ('card-3-clubs'),
 ('card-3-diamonds'),
 ('card-3-hearts'),
 ('card-3-spades'),
 ('card-4-clubs'),
 ('card-4-diamonds'),
 ('card-4-hearts'),
 ('card-4-spades'),
 ('card-5-clubs'),
 ('card-5-diamonds'),
 ('card-5-hearts'),
 ('card-5-spades'),
 ('card-6-clubs'),
 ('card-6-diamonds'),
 ('card-6-hearts'),
 ('card-6-spades'),
 ('card-7-clubs'),
 ('card-7-diamonds'),
 ('card-7-hearts'),
 ('card-7-spades'),
 ('card-8-clubs'),
 ('card-8-diamonds'),
 ('card-8-hearts'),
 ('card-8-spades'),
 ('card-9-clubs'),
 ('card-9-diamonds'),
 ('card-9-hearts'),
 ('card-9-spades'),
 ('card-ace-clubs'),
 ('card-ace-diamonds'),
 ('card-ace-hearts'),
 ('card-ace-spades'),
 ('cardboard-box'),
 ('card-discard'),
 ('card-draw'),
 ('card-jack-clubs'),
 ('card-jack-diamonds'),
 ('card-jack-hearts'),
 ('card-jack-spades'),
 ('card-king-clubs'),
 ('card-king-diamonds'),
 ('card-king-hearts'),
 ('card-king-spades'),
 ('card-pick'),
 ('card-queen-clubs'),
 ('card-queen-diamonds'),
 ('card-queen-hearts'),
 ('card-queen-spades'),
 ('card-random'),
 ('cargo-crane'),
 ('carillon'),
 ('car-key'),
 ('carnivore-mouth'),
 ('carnivorous-plant'),
 ('carnyx'),
 ('carpet-bombing'),
 ('carrier'),
 ('carrion'),
 ('carrot'),
 ('cartwheel'),
 ('car-wheel'),
 ('cash'),
 ('castle'),
 ('castle-2'),
 ('castle-ruins'),
 ('catapult'),
 ('cauldron'),
 ('cavalry'),
 ('cave-entrance'),
 ('cctv-camera'),
 ('ceiling-barnacle'),
 ('celebration-fire'),
 ('cement-shoes'),
 ('centipede'),
 ('chained-arrow-heads'),
 ('chained-heart'),
 ('chaingun'),
 ('chain-lightning'),
 ('chain-mail'),
 ('chainsaw'),
 ('chalice-drops'),
 ('charging-bull'),
 ('chariot'),
 ('charm'),
 ('chart'),
 ('checkbox-tree'),
 ('checked-shield'),
 ('checkered-flag'),
 ('checklist'),
 ('cheerful'),
 ('cheese-wedge'),
 ('chef-toque'),
 ('chemical-arrow'),
 ('chemical-bolt'),
 ('chemical-drop'),
 ('chemical-tank'),
 ('cherry'),
 ('chess-bishop'),
 ('chess-king'),
 ('chess-knight'),
 ('chess-pawn'),
 ('chess-queen'),
 ('chess-rook'),
 ('chest'),
 ('chewed-heart'),
 ('chicken'),
 ('chicken-leg'),
 ('chopped-skull'),
 ('church'),
 ('cigarette'),
 ('circle-claws'),
 ('circle-sparks'),
 ('circuitry'),
 ('circular-saw'),
 ('circular-sawblade'),
 ('city-car'),
 ('clapperboard'),
 ('claw'),
 ('claw-hammer'),
 ('claw-slashes'),
 ('claw-string'),
 ('click'),
 ('cloak'),
 ('cloak-dagger'),
 ('clockwise-rotation'),
 ('clockwork'),
 ('closed-doors'),
 ('cloud-ring'),
 ('cloudy-fork'),
 ('clout'),
 ('clover'),
 ('clover-2'),
 ('clover-spiked'),
 ('clubs'),
 ('cluster-bomb'),
 ('coal-wagon'),
 ('cobra'),
 ('cobweb'),
 ('coffee-beans'),
 ('coffee-cup'),
 ('coffee-mug'),
 ('coffin'),
 ('cog'),
 ('cog-lock'),
 ('cogsplosion'),
 ('coiling-curl'),
 ('coins'),
 ('cold-heart'),
 ('coliseum'),
 ('coma'),
 ('comb'),
 ('combination-lock'),
 ('comet-spark'),
 ('compact-disc'),
 ('compass'),
 ('computer-fan'),
 ('computing'),
 ('concentration-orb'),
 ('concentric-crescents'),
 ('condor-emblem'),
 ('condylura-skull'),
 ('confrontation'),
 ('console-controller'),
 ('contract'),
 ('conversation'),
 ('convict'),
 ('convince'),
 ('cooking-pot'),
 ('cool-spices'),
 ('corked-tube'),
 ('corn'),
 ('corner-explosion'),
 ('corner-flag'),
 ('corporal'),
 ('corset'),
 ('cow'),
 ('cowboy-boot'),
 ('cowboy-holster'),
 ('cowled'),
 ('crab'),
 ('crab-claw'),
 ('cracked-ball-dunk'),
 ('cracked-disc'),
 ('cracked-glass'),
 ('cracked-helm'),
 ('cracked-mask'),
 ('cracked-saber'),
 ('cracked-shield'),
 ('crags'),
 ('crenulated-shield'),
 ('crescent-blade'),
 ('crescent-blade-2'),
 ('crested-helmet'),
 ('cricket'),
 ('croc-jaws'),
 ('croc-sword'),
 ('croissant'),
 ('croissants-pupil'),
 ('crossbow'),
 ('crossed-air-flows'),
 ('crossed-axes'),
 ('crossed-bones'),
 ('crossed-chains'),
 ('crossed-claws'),
 ('crossed-pistols'),
 ('crossed-sabres'),
 ('crossed-slashes'),
 ('crossed-swords'),
 ('crosshair'),
 ('crosshair-arrow'),
 ('cross-mark'),
 ('crowbar'),
 ('crow-dive'),
 ('crown'),
 ('crown-coin'),
 ('crowned-explosion'),
 ('crowned-heart'),
 ('crowned-skull'),
 ('crow-nest'),
 ('crown-of-thorns'),
 ('crucifix'),
 ('cruiser'),
 ('crumbling-ball'),
 ('crush'),
 ('cryo-chamber'),
 ('crystal-ball'),
 ('crystal-bars'),
 ('crystal-cluster'),
 ('crystal-eye'),
 ('crystal-growth'),
 ('crystalize'),
 ('crystal-shine'),
 ('crystal-wand'),
 ('cubeforce'),
 ('cubes'),
 ('cultist'),
 ('cultist-2'),
 ('cupcake'),
 ('cupidon-arrow'),
 ('curled-leaf'),
 ('curled-tentacle'),
 ('curling-vines'),
 ('curly-wing'),
 ('cursed-star'),
 ('curvy-knife'),
 ('cut-diamond'),
 ('cut-palm'),
 ('cycle'),
 ('cyclops'),
 ('cz-skorpion'),
 ('d10'),
 ('d12'),
 ('d4'),
 ('daemon-skull'),
 ('dagger-rose'),
 ('daggers'),
 ('daisy'),
 ('dark-squad'),
 ('dart'),
 ('database'),
 ('dead-eye'),
 ('dead-head'),
 ('deadly-strike'),
 ('dead-wood'),
 ('deathcab'),
 ('death-note'),
 ('death-skull'),
 ('death-zone'),
 ('decapitation'),
 ('defensive-wall'),
 ('defibrilate'),
 ('delighted'),
 ('demolish'),
 ('dervish-swords'),
 ('desert-eagle'),
 ('desert-skull'),
 ('deshret-red-crown'),
 ('desk-lamp'),
 ('despair'),
 ('detour'),
 ('diablo-skull'),
 ('diagram'),
 ('diamond-hard'),
 ('diamond-ring'),
 ('diamonds'),
 ('diamonds-smile'),
 ('dice-eight-faces-eight'),
 ('dice-six-faces-five'),
 ('dice-six-faces-four'),
 ('dice-six-faces-one'),
 ('dice-six-faces-six'),
 ('dice-six-faces-three'),
 ('dice-six-faces-two'),
 ('dice-twenty-faces-twenty'),
 ('dig-dug'),
 ('dig-hole'),
 ('dinosaur-bones'),
 ('dinosaur-egg'),
 ('dinosaur-rex'),
 ('direction-sign'),
 ('disintegrate'),
 ('distraction'),
 ('divergence'),
 ('divert'),
 ('divided-spiral'),
 ('divided-square'),
 ('diving-dagger'),
 ('diving-helmet'),
 ('dna1'),
 ('dna2'),
 ('doctor-face'),
 ('dodge'),
 ('dodging'),
 ('dolphin'),
 ('domino-mask'),
 ('donkey'),
 ('doubled'),
 ('double-dragon'),
 ('double-face-mask'),
 ('double-quaver'),
 ('double-shot'),
 ('dough-roller'),
 ('dove'),
 ('dozen'),
 ('dragon-balls'),
 ('dragon-breath'),
 ('dragonfly'),
 ('dragon-head'),
 ('dragon-head-2'),
 ('dragon-spiral'),
 ('drakkar'),
 ('drakkar-dragon'),
 ('drama-masks'),
 ('dread'),
 ('dreadnought'),
 ('dread-skull'),
 ('dress'),
 ('drill'),
 ('drink-me'),
 ('dripping-blade'),
 ('dripping-goo'),
 ('dripping-honey'),
 ('dripping-knife'),
 ('dripping-star'),
 ('dripping-stone'),
 ('dripping-sword'),
 ('dripping-tube'),
 ('drop'),
 ('droplets'),
 ('droplet-splash'),
 ('drop-weapon'),
 ('drowning'),
 ('drum'),
 ('duality'),
 ('duality-mask'),
 ('duck'),
 ('duel'),
 ('dust-cloud'),
 ('dwarf-face'),
 ('dwarf-helmet'),
 ('dwennimmen'),
 ('dynamite'),
 ('eagle-emblem'),
 ('earth-africa-europe'),
 ('earth-america'),
 ('earth-asia-oceania'),
 ('earth-crack'),
 ('earth-spit'),
 ('earth-worm'),
 ('earwig'),
 ('echo-ripples'),
 ('eclipse'),
 ('eclipse-flare'),
 ('edge-crack'),
 ('edged-shield'),
 ('egg-clutch'),
 ('egg-defense'),
 ('egg-pod'),
 ('egyptian-pyramids'),
 ('egyptian-sphinx'),
 ('egyptian-walk'),
 ('eight-ball'),
 ('elderberry'),
 ('electric'),
 ('electrical-crescent'),
 ('electric-whip'),
 ('elephant-head'),
 ('elf-ear'),
 ('ember-shot'),
 ('embrassed-energy'),
 ('embryo'),
 ('emerald'),
 ('empty-chessboard'),
 ('empty-hourglass'),
 ('energise'),
 ('energy-arrow'),
 ('energy-breath'),
 ('energy-shield'),
 ('energy-sword'),
 ('engagement-ring'),
 ('enlightenment'),
 ('enrage'),
 ('ent-mouth'),
 ('entry-door'),
 ('envelope'),
 ('erlenmeyer'),
 ('ermine'),
 ('eruption'),
 ('eskimo'),
 ('european-flag'),
 ('evil-bat'),
 ('evil-book'),
 ('evil-eyes'),
 ('evil-fork'),
 ('evil-hand'),
 ('evil-moon'),
 ('evil-tree'),
 ('evil-wings'),
 ('exit-door'),
 ('expand'),
 ('expander'),
 ('explosion-rays'),
 ('explosive-materials'),
 ('explosive-meeting'),
 ('extra-lucid'),
 ('eyeball'),
 ('eyedropper'),
 ('eye-of-horus'),
 ('eye-shield'),
 ('eyestalk'),
 ('factory'),
 ('fairy'),
 ('fairy-wand'),
 ('falcon-moon'),
 ('fall-down'),
 ('falling'),
 ('falling-blob'),
 ('falling-boulder'),
 ('falling-eye'),
 ('falling-leaf'),
 ('falling-ovoid'),
 ('falling-rocks'),
 ('famas'),
 ('fanged-skull'),
 ('fangs'),
 ('farmer'),
 ('fast-arrow'),
 ('fat'),
 ('f-clef'),
 ('feather'),
 ('feathered-wing'),
 ('feather-wound'),
 ('fedora'),
 ('feline'),
 ('female'),
 ('fetus'),
 ('fez'),
 ('field'),
 ('finger-print'),
 ('fire'),
 ('fire-ace'),
 ('fire-axe'),
 ('fireball'),
 ('fire-bomb'),
 ('fire-bottle'),
 ('fire-bowl'),
 ('fire-breath'),
 ('fire-dash'),
 ('fire-extinguisher'),
 ('fireflake'),
 ('fire-punch'),
 ('fire-ray'),
 ('fire-ring'),
 ('fire-shield'),
 ('fire-silhouette'),
 ('fire-tail'),
 ('fire-wave'),
 ('firework-rocket'),
 ('fire-zone'),
 ('fishbone'),
 ('fish-corpse'),
 ('fishhook-fork'),
 ('fishing'),
 ('fishing-hook'),
 ('fishing-net'),
 ('fishing-pole'),
 ('fish-smoking'),
 ('fission'),
 ('fist'),
 ('fist-2'),
 ('fizzing-flask'),
 ('flail'),
 ('flake'),
 ('flame'),
 ('flame-claws'),
 ('flamed-leaf'),
 ('flamer'),
 ('flame-spin'),
 ('flame-tunnel'),
 ('flaming-arrow'),
 ('flaming-claw'),
 ('flaming-sheet'),
 ('flaming-trident'),
 ('flanged-mace'),
 ('flash-grenade'),
 ('flashlight'),
 ('flatbed'),
 ('flatbed-covered'),
 ('flat-hammer'),
 ('flat-star'),
 ('flat-tire'),
 ('fleshy-mass'),
 ('fleur-de-lys'),
 ('flexible-star'),
 ('floating-crystal'),
 ('floor-polisher'),
 ('flower-pot'),
 ('flowers'),
 ('flower-twirl'),
 ('fluffy-cloud'),
 ('fluffy-flame'),
 ('fluffy-swirl'),
 ('fluffy-trefoil'),
 ('fluffy-wing'),
 ('flying-dagger'),
 ('flying-flag'),
 ('flying-fox'),
 ('flying-trout'),
 ('foam'),
 ('focused-lightning'),
 ('folded-paper'),
 ('fomorian'),
 ('food-chain'),
 ('foot-plaster'),
 ('footprint'),
 ('footsteps'),
 ('foot-trip'),
 ('forearm'),
 ('forest'),
 ('forward-field'),
 ('forward-sun'),
 ('fossil'),
 ('fountain'),
 ('fountain-pen'),
 ('fox-head'),
 ('fox-tail'),
 ('fragmented-meteor'),
 ('fragmented-sword'),
 ('fragrance'),
 ('frankenstein-creature'),
 ('frayed-arrow'),
 ('freedom-dove'),
 ('freemasonry'),
 ('fried-eggs'),
 ('frog'),
 ('frontal-lobe'),
 ('front-teeth'),
 ('frostfire'),
 ('frozen-arrow'),
 ('frozen-block'),
 ('frozen-orb'),
 ('fruit-bowl'),
 ('fruiting'),
 ('fulguro-punch'),
 ('full-motorcycle-helmet'),
 ('fur-boot'),
 ('galea'),
 ('galleon'),
 ('.game-icon'),
 ('gamepad'),
 ('gamepad-cross'),
 ('garlic'),
 ('gas-mask'),
 ('gas-mask-2'),
 ('gas-pump'),
 ('gate'),
 ('gauls-helm'),
 ('gauntlet'),
 ('gavel'),
 ('gaze'),
 ('g-clef'),
 ('gear-hammer'),
 ('gears'),
 ('gecko'),
 ('gem-chain'),
 ('gemini'),
 ('gem-necklace'),
 ('gem-pendant'),
 ('gems'),
 ('ghost'),
 ('giant'),
 ('gibbet'),
 ('gift-of-knowledge'),
 ('gift-trap'),
 ('gladius'),
 ('glass-heart'),
 ('glass-shot'),
 ('glider'),
 ('globe'),
 ('gloop'),
 ('gloves'),
 ('glowing-hands'),
 ('gluttonous-smile'),
 ('gluttony'),
 ('goat'),
 ('gold-bar'),
 ('gold-mine'),
 ('gold-scarab'),
 ('gold-stack'),
 ('golf-flag'),
 ('goo-explosion'),
 ('gooey-daemon'),
 ('gooey-eyed-sun'),
 ('gooey-impact'),
 ('gooey-molecule'),
 ('gooey-sword'),
 ('goose'),
 ('goo-skull'),
 ('goo-spurt'),
 ('gps'),
 ('grab'),
 ('graduate-cap'),
 ('grapes'),
 ('grapple'),
 ('grasping-claws'),
 ('grass'),
 ('graveyard'),
 ('grease-trap'),
 ('great-war-tank'),
 ('greaves'),
 ('greek-sphinx'),
 ('greek-temple'),
 ('grenade'),
 ('grenade-2'),
 ('grim-reaper'),
 ('groundbreaker'),
 ('ground-sprout'),
 ('grouped-drops'),
 ('guarded-tower'),
 ('guards'),
 ('guillotine'),
 ('guitar'),
 ('gun-rose'),
 ('gunshot'),
 ('halberd'),
 ('halberd-shuriken'),
 ('half-body-crawling'),
 ('half-heart'),
 ('half-tornado'),
 ('halt'),
 ('hammer-drop'),
 ('hammer-nails'),
 ('hammer-sickle'),
 ('ham-shank'),
 ('hand'),
 ('hand-2'),
 ('hand-bag'),
 ('handcuffs'),
 ('hand-grip'),
 ('hand-of-god'),
 ('hand-saw'),
 ('hang-glider'),
 ('hanging-spider'),
 ('harpoon-chain'),
 ('harpoon-trident'),
 ('harpy'),
 ('harry-potter-skull'),
 ('hasty-grave'),
 ('hatchets'),
 ('haunting'),
 ('hawk-emblem'),
 ('hazard-sign'),
 ('headphones'),
 ('headshot'),
 ('head-shot'),
 ('headshot-2'),
 ('health-decrease'),
 ('health-increase'),
 ('health-normal'),
 ('hearing-disabled'),
 ('heart-beats'),
 ('heart-bottle'),
 ('heartburn'),
 ('heart-drop'),
 ('heart-inside'),
 ('heart-organ'),
 ('hearts'),
 ('heart-tower'),
 ('heart-wings'),
 ('heat-haze'),
 ('heavy-arrow'),
 ('heavy-fall'),
 ('heavy-fighter'),
 ('heavy-helm'),
 ('heavy-lightning'),
 ('heavy-rain'),
 ('heavy-thorny-triskelion'),
 ('heavy-timer'),
 ('hedjet-white-crown'),
 ('helicopter'),
 ('helicopter-tail'),
 ('hell-crosses'),
 ('helmet'),
 ('helmet-head-shot'),
 ('help'),
 ('hexagonal-nut'),
 ('hexes'),
 ('hidden'),
 ('hieroglyph-y'),
 ('high-five'),
 ('high-grass'),
 ('high-heel'),
 ('high-shot'),
 ('high-tide'),
 ('hill-conquest'),
 ('hill-fort'),
 ('hills'),
 ('histogram'),
 ('hive'),
 ('hockey'),
 ('hole-ladder'),
 ('holosphere'),
 ('holy-grail'),
 ('holy-hand-grenade'),
 ('holy-oak'),
 ('holy-symbol'),
 ('holy-water'),
 ('honeycomb'),
 ('honeypot'),
 ('hood'),
 ('hoof'),
 ('horizontal-flip'),
 ('horned-helm'),
 ('horned-skull'),
 ('horn-internal'),
 ('horse-head'),
 ('horse-head-2'),
 ('horseshoe'),
 ('horus'),
 ('hospital-cross'),
 ('hot-spices'),
 ('hot-surface'),
 ('hound'),
 ('hourglass'),
 ('house'),
 ('human-ear'),
 ('hunting-horn'),
 ('hydra'),
 ('hydra-shot'),
 ('hypersonic-bolt'),
 ('hypersonic-melon'),
 ('hypodermic-test'),
 ('i-beam'),
 ('i-brick'),
 ('icarus'),
 ('iceberg'),
 ('icebergs'),
 ('ice-bolt'),
 ('ice-bomb'),
 ('ice-cream-cone'),
 ('ice-cube'),
 ('ice-golem'),
 ('ice-pop'),
 ('ice-shield'),
 ('ice-spear'),
 ('ice-spell-cast'),
 ('icicles-fence'),
 ('id-card'),
 ('idea'),
 ('ifrit'),
 ('igloo'),
 ('imbricated-arrows'),
 ('imp'),
 ('impact-point'),
 ('imp-laugh'),
 ('implosion'),
 ('imprisoned'),
 ('incense'),
 ('incisors'),
 ('incoming-rocket'),
 ('indian-palace'),
 ('infested-mass'),
 ('infinity'),
 ('info'),
 ('injustice'),
 ('ink-swirl'),
 ('inner-self'),
 ('insect-jaws'),
 ('interdiction'),
 ('interlaced-tentacles'),
 ('interleaved-arrows'),
 ('internal-injury'),
 ('internal-organ'),
 ('interstellar-path'),
 ('invisible'),
 ('invisible-face'),
 ('ion-cannon-blast'),
 ('ionic-column'),
 ('iron-cross'),
 ('iron-hulled-warship'),
 ('iron-mask'),
 ('island'),
 ('james-bond-aperture'),
 ('jawbone'),
 ('j-brick'),
 ('jeep'),
 ('jeep-2'),
 ('jellyfish'),
 ('jerrycan'),
 ('jester-hat'),
 ('jet-fighter'),
 ('jetpack'),
 ('jet-pack'),
 ('jewel-crown'),
 ('jeweled-chalice'),
 ('jigsaw-box'),
 ('jigsaw-piece'),
 ('joint'),
 ('journey'),
 ('joystick'),
 ('jug'),
 ('juggler'),
 ('jump-across'),
 ('jupiter'),
 ('justice-star'),
 ('kaleidoscope-pearls'),
 ('katana'),
 ('kevlar'),
 ('kevlar-vest'),
 ('key'),
 ('key-2'),
 ('keyboard'),
 ('keyring'),
 ('kimono'),
 ('kindle'),
 ('king'),
 ('kitchen-knives'),
 ('kite'),
 ('klingon'),
 ('knapsack'),
 ('kneeling'),
 ('knife-fork'),
 ('knife-thrust'),
 ('knockout'),
 ('knot'),
 ('ladder'),
 ('lamellar'),
 ('lamprey-mouth'),
 ('land-mine'),
 ('lantern'),
 ('lantern-flame'),
 ('large-wound'),
 ('laser-blast'),
 ('laserburn'),
 ('laser-burst'),
 ('laser-gun'),
 ('laser-precision'),
 ('laser-sparks'),
 ('laser-warning'),
 ('lasso'),
 ('laurel-crown'),
 ('laurels'),
 ('lava'),
 ('law-star'),
 ('layered-armor'),
 ('l-brick'),
 ('lead-pipe'),
 ('leaf-skeleton'),
 ('leaf-swirl'),
 ('leaky-skull'),
 ('leather-boot'),
 ('leather-vest'),
 ('led'),
 ('leeching-worm'),
 ('lee-enfield'),
 ('leo'),
 ('letter-bomb'),
 ('level-crossing'),
 ('level-four'),
 ('level-four-advanced'),
 ('level-three'),
 ('level-three-advanced'),
 ('level-two'),
 ('level-two-advanced'),
 ('lever'),
 ('libra'),
 ('life-buoy'),
 ('life-in-the-balance'),
 ('life-support'),
 ('life-tap'),
 ('lift'),
 ('light-bulb'),
 ('lighter'),
 ('light-fighter'),
 ('lighthouse'),
 ('lightning-arc'),
 ('lightning-bow'),
 ('lightning-branches'),
 ('lightning-dissipation'),
 ('lightning-electron'),
 ('lightning-frequency'),
 ('lightning-helix'),
 ('lightning-mask'),
 ('lightning-saber'),
 ('lightning-shadow'),
 ('lightning-shield'),
 ('lightning-shout'),
 ('lightning-slashes'),
 ('lightning-storm'),
 ('lightning-tear'),
 ('lightning-tree'),
 ('lightning-trio'),
 ('light-sabers'),
 ('light-thorny-triskelion'),
 ('lily-pads'),
 ('linden-leaf'),
 ('linked-rings'),
 ('lion'),
 ('lips'),
 ('lit-candelabra'),
 ('lizardman'),
 ('lizard-tongue'),
 ('load'),
 ('lob-arrow'),
 ('locked-chest'),
 ('locked-fortress'),
 ('lock-picking'),
 ('lock-spy'),
 ('log'),
 ('logging'),
 ('long-antennae-bug'),
 ('long-legged-spider'),
 ('look-at'),
 ('lotus'),
 ('lotus-flower'),
 ('love-howl'),
 ('love-injection'),
 ('love-song'),
 ('low-tide'),
 ('luchador'),
 ('lucifer-cannon'),
 ('luger'),
 ('lunar-module'),
 ('lunar-wand'),
 ('lungs'),
 ('lynx-head'),
 ('lyre'),
 ('mace-head'),
 ('machete'),
 ('machine-gun'),
 ('mad-scientist'),
 ('maggot'),
 ('magic-gate'),
 ('magick-trick'),
 ('magic-lamp'),
 ('magic-palm'),
 ('magic-portal'),
 ('magic-potion'),
 ('magic-shield'),
 ('magic-swirl'),
 ('magic-trident'),
 ('magnet'),
 ('magnet-blast'),
 ('magnifying-glass'),
 ('mailbox'),
 ('mailed-fist'),
 ('mail-shirt'),
 ('male'),
 ('manacles'),
 ('mantrap'),
 ('maple-leaf'),
 ('marbles'),
 ('marrow-drain'),
 ('martini'),
 ('masked-spider'),
 ('mass-driver'),
 ('match-head'),
 ('materials-science'),
 ('mayan-pyramid'),
 ('maze'),
 ('maze-cornea'),
 ('maze-saw'),
 ('meal'),
 ('meat'),
 ('meat-cleaver'),
 ('meat-hook'),
 ('mecha-head'),
 ('mecha-mask'),
 ('mechanical-arm'),
 ('medal'),
 ('medal-skull'),
 ('medical-pack'),
 ('medical-pack-alt'),
 ('medieval-gate'),
 ('medieval-pavilion'),
 ('meditation'),
 ('meeple'),
 ('megabot'),
 ('megaphone'),
 ('menhir'),
 ('mesh-ball'),
 ('metal-bar'),
 ('metal-disc'),
 ('metal-hand'),
 ('metal-scales'),
 ('meteor-impact'),
 ('metroid'),
 ('microchip'),
 ('microphone'),
 ('microscope'),
 ('microscope-lens'),
 ('middle-arrow'),
 ('midnight-claw'),
 ('mighty-boosh'),
 ('mine-explosion'),
 ('minefield'),
 ('mineral-heart'),
 ('minerals'),
 ('mine-wagon'),
 ('minigun'),
 ('mining'),
 ('minions'),
 ('minotaur'),
 ('miracle-medecine'),
 ('mirror-mirror'),
 ('missile-mech'),
 ('missile-pod'),
 ('missile-swarm'),
 ('mite'),
 ('mite-alt'),
 ('moebius-star'),
 ('moebius-triangle'),
 ('molecule'),
 ('molecule-2'),
 ('molotov'),
 ('money-stack'),
 ('monkey'),
 ('monkey-wrench'),
 ('monk-face'),
 ('monster-grasp'),
 ('moon'),
 ('moon-claws'),
 ('morbid-humour'),
 ('mortar'),
 ('mountain-cave'),
 ('mountains'),
 ('mountaintop'),
 ('mounted-knight'),
 ('mouse'),
 ('mouse-2'),
 ('mouth-watering'),
 ('move'),
 ('movement-sensor'),
 ('mp-40'),
 ('mp5'),
 ('mp5-2'),
 ('mucous-pillar'),
 ('muscle-fat'),
 ('muscle-up'),
 ('muscular-torso'),
 ('mushroom'),
 ('mushroom-cloud'),
 ('mushroom-gills'),
 ('music-spell'),
 ('musket'),
 ('mute'),
 ('nailed-foot'),
 ('nailed-head'),
 ('nails'),
 ('nautilus-shell'),
 ('neck-bite'),
 ('necklace'),
 ('needle-drill'),
 ('needle-jaws'),
 ('nefertiti'),
 ('nested-eclipses'),
 ('nested-hearts'),
 ('nested-hexagons'),
 ('new-born'),
 ('night-sky'),
 ('night-vision'),
 ('ninja-mask'),
 ('ninja-star'),
 ('nodular'),
 ('nose-front'),
 ('nose-side'),
 ('nothing-to-say'),
 ('nuclear'),
 ('nuclear-bomb'),
 ('nuclear-plant'),
 ('nunchaku'),
 ('oak'),
 ('oak-leaf'),
 ('oat'),
 ('obelisk'),
 ('o-brick'),
 ('observatory'),
 ('ocarina'),
 ('octogonal-eye'),
 ('octopus'),
 ('offshore-platform'),
 ('oil-drum'),
 ('oil-rig'),
 ('oily-spiral'),
 ('old-king'),
 ('old-wagon'),
 ('olive'),
 ('omega'),
 ('one-eyed'),
 ('on-target'),
 ('open-book'),
 ('open-chest'),
 ('open-palm'),
 ('open-treasure-chest'),
 ('open-wound'),
 ('ophiuchus'),
 ('oppidum'),
 ('oppression'),
 ('orange'),
 ('orb-direction'),
 ('orbit'),
 ('orbital'),
 ('orb-wand'),
 ('orc-head'),
 ('ore'),
 ('ouroboros'),
 ('overdose'),
 ('overdrive'),
 ('overhead'),
 ('over-infinity'),
 ('overkill'),
 ('overlord-helm'),
 ('overmind'),
 ('owl'),
 ('oyster-pearl'),
 ('p90'),
 ('paddles'),
 ('padlock'),
 ('paint-bucket'),
 ('paint-roller'),
 ('palette'),
 ('palisade'),
 ('palm'),
 ('palm-tree'),
 ('panda'),
 ('pan-flute'),
 ('panzerfaust'),
 ('paper'),
 ('paper-arrow'),
 ('paper-bomb'),
 ('paper-clip'),
 ('paper-lantern'),
 ('paper-plane'),
 ('papers'),
 ('paper-windmill'),
 ('papyrus'),
 ('parachute'),
 ('paranoia'),
 ('parmecia'),
 ('parrot-head'),
 ('pauldrons'),
 ('paw'),
 ('paw-front'),
 ('paw-heart'),
 ('pawn'),
 ('pawprint'),
 ('paw-print'),
 ('pc'),
 ('peaks'),
 ('pear'),
 ('pegasus'),
 ('pencil'),
 ('pendulum-swing'),
 ('pentacle'),
 ('pentagram-rose'),
 ('perfume-bottle'),
 ('perpendicular-rings'),
 ('perspective-dice-six-faces-five'),
 ('perspective-dice-six-faces-four'),
 ('perspective-dice-six-faces-one'),
 ('perspective-dice-six-faces-random'),
 ('perspective-dice-six-faces-six'),
 ('perspective-dice-six-faces-three'),
 ('perspective-dice-six-faces-two'),
 ('pestle-mortar'),
 ('pharoah'),
 ('phone'),
 ('photo-camera'),
 ('phrygian-cap'),
 ('piano-keys'),
 ('pickelhaube'),
 ('piece-skull'),
 ('pie-chart'),
 ('pierced-body'),
 ('pierced-heart'),
 ('pie-slice'),
 ('pig'),
 ('pig-face'),
 ('piggy-bank'),
 ('pikeman'),
 ('pill'),
 ('pill-drop'),
 ('pillow'),
 ('pin'),
 ('pinball-flipper'),
 ('pincers'),
 ('pineapple'),
 ('pine-tree'),
 ('ping-pong-bat'),
 ('pipes'),
 ('piranha'),
 ('pirate-coat'),
 ('pirate-grave'),
 ('pirate-hat'),
 ('pirate-hook'),
 ('pirate-skull'),
 ('pisces'),
 ('pistol-gun'),
 ('pizza-cutter'),
 ('pizza-slice'),
 ('plain-arrow'),
 ('plain-dagger'),
 ('planet-core'),
 ('plane-wing'),
 ('planks'),
 ('plasma-bolt'),
 ('plastron'),
 ('plate-claw'),
 ('platform'),
 ('plow'),
 ('plug'),
 ('pocket-bow'),
 ('pocket-watch'),
 ('podium'),
 ('pointing'),
 ('pointy-hat'),
 ('pointy-sword'),
 ('poison'),
 ('poison-bottle'),
 ('poison-cloud'),
 ('poison-gas'),
 ('pokecog'),
 ('poker-hand'),
 ('polar-bear'),
 ('police-badge'),
 ('police-officer-head'),
 ('police-target'),
 ('pollen-dust'),
 ('polo-shirt'),
 ('pope-crown'),
 ('portal'),
 ('portculis'),
 ('position-marker'),
 ('potion-ball'),
 ('pounce'),
 ('pouring-chalice'),
 ('powder'),
 ('power-button'),
 ('power-lightning'),
 ('prayer'),
 ('praying-mantis'),
 ('present'),
 ('pretty-fangs'),
 ('pretzel'),
 ('prisoner'),
 ('private'),
 ('private-first-class'),
 ('processor'),
 ('profit'),
 ('protection-glasses'),
 ('pschent-double-crown'),
 ('psychic-waves'),
 ('pteruges'),
 ('public-speaker'),
 ('pull'),
 ('pulley-hook'),
 ('pulse'),
 ('pummeled'),
 ('pumpkin-lantern'),
 ('pumpkin-mask'),
 ('punch'),
 ('punch-blast'),
 ('puppet'),
 ('push'),
 ('puzzle'),
 ('pyromaniac'),
 ('quake-stomp'),
 ('queen-crown'),
 ('quicksand'),
 ('quick-slash'),
 ('quill'),
 ('quill-ink'),
 ('quiver'),
 ('rabbit'),
 ('race-car'),
 ('radar-dish'),
 ('radar-sweep'),
 ('radial-balance'),
 ('radioactive'),
 ('ragged-wound'),
 ('railway'),
 ('rainbow-star'),
 ('raining'),
 ('raise-skeleton'),
 ('raise-zombie'),
 ('rake'),
 ('rally-the-troops'),
 ('ram'),
 ('rank-1'),
 ('rank-2'),
 ('rank-3'),
 ('rapidshare-arrow'),
 ('raspberry'),
 ('raven'),
 ('ray-gun'),
 ('razor-blade'),
 ('reactor'),
 ('read'),
 ('reaper-scythe'),
 ('recycle'),
 ('regeneration'),
 ('relationship-bounds'),
 ('relic-blade'),
 ('resonance'),
 ('reticule'),
 ('retro-controller'),
 ('return-arrow'),
 ('revolt'),
 ('revolver'),
 ('rhinoceros-horn'),
 ('ribbon'),
 ('ribbon-medal'),
 ('ribcage'),
 ('rifle'),
 ('ring'),
 ('ringed-beam'),
 ('ringed-planet'),
 ('ringing-bell'),
 ('riot-shield'),
 ('river'),
 ('roast-chicken'),
 ('robber'),
 ('robber-mask'),
 ('robe'),
 ('robin-hood-hat'),
 ('robot-golem'),
 ('robot-leg'),
 ('rock'),
 ('rock-2'),
 ('rocket'),
 ('rocket-flight'),
 ('rocket-thruster'),
 ('rogue'),
 ('rolling-bomb'),
 ('rolling-dices'),
 ('roman-shield'),
 ('roman-toga'),
 ('root-tip'),
 ('rope-coil'),
 ('ropeway'),
 ('rosa-shield'),
 ('rose'),
 ('rough-wound'),
 ('round-bottom-flask'),
 ('round-shield'),
 ('round-star'),
 ('round-straw-bale'),
 ('round-struck'),
 ('royal-love'),
 ('rss'),
 ('rss-2'),
 ('rugby-conversion'),
 ('run'),
 ('rune-stone'),
 ('rune-sword'),
 ('rupee'),
 ('sabers-choc'),
 ('saber-slash'),
 ('saber-tooth'),
 ('sacrificial-dagger'),
 ('sad-crab'),
 ('saddle'),
 ('safety-pin'),
 ('sagittarius'),
 ('sai'),
 ('sailboat'),
 ('salamander'),
 ('salmon'),
 ('saloon-doors'),
 ('salt-shaker'),
 ('sands-of-time'),
 ('saphir'),
 ('sattelite'),
 ('save'),
 ('saw-claw'),
 ('sawed-off-shotgun'),
 ('s-brick'),
 ('scabbard'),
 ('scale-mail'),
 ('scales'),
 ('scallop'),
 ('scalpel'),
 ('scalpel-strike'),
 ('scarab-beetle'),
 ('scarecrow'),
 ('scar-wound'),
 ('scissors'),
 ('scissors-2'),
 ('scooter'),
 ('scorpio'),
 ('scorpion'),
 ('scorpion-tail'),
 ('screaming'),
 ('screen-impact'),
 ('screwdriver'),
 ('scroll-unfurled'),
 ('scythe'),
 ('sea-creature'),
 ('sea-dragon'),
 ('seahorse'),
 ('sea-serpent'),
 ('sea-star'),
 ('seated-mouse'),
 ('select'),
 ('self-love'),
 ('semi-closed-eye'),
 ('sensuousness'),
 ('sentry-gun'),
 ('sergeant'),
 ('serrated-slash'),
 ('seven-pointed-star'),
 ('sewing-needle'),
 ('sextant'),
 ('shadow-follower'),
 ('shadow-grasp'),
 ('shaking-hands'),
 ('shambling-zombie'),
 ('shard-sword'),
 ('shark-fin'),
 ('shark-jaws'),
 ('sharp-axe'),
 ('sharp-crown'),
 ('sharped-teeth-skull'),
 ('sharp-halberd'),
 ('sharp-lips'),
 ('sharp-smile'),
 ('shatter'),
 ('shattered-glass'),
 ('shattered-sword'),
 ('sheep'),
 ('sheikah-eye'),
 ('shield'),
 ('shield-bounces'),
 ('shieldcomb'),
 ('shield-disabled'),
 ('shield-echoes'),
 ('shield-reflect'),
 ('shining-claw'),
 ('shining-heart'),
 ('shining-sword'),
 ('shinto-shrine'),
 ('shiny-apple'),
 ('shiny-entrance'),
 ('shiny-iris'),
 ('shiny-purse'),
 ('ship-wheel'),
 ('ship-wreck'),
 ('shirt'),
 ('shop'),
 ('shopping-cart'),
 ('shorts'),
 ('shotgun'),
 ('shotgun-rounds'),
 ('shoulder-scales'),
 ('shouting'),
 ('shrug'),
 ('shuriken'),
 ('shut-rose'),
 ('shuttlecock'),
 ('sickle'),
 ('sideswipe'),
 ('siege-ram'),
 ('siege-tower'),
 ('sight-disabled'),
 ('silence'),
 ('silenced'),
 ('sing'),
 ('sinking-trap'),
 ('sinusoidal-beam'),
 ('siren'),
 ('six-eyes'),
 ('skeletal-hand'),
 ('skeleton'),
 ('skeleton-inside'),
 ('skeleton-key'),
 ('skid-mark'),
 ('skull-bolt'),
 ('skull-crack'),
 ('skull-crossed-bones'),
 ('skull-in-jar'),
 ('skull-mask'),
 ('skull-ring'),
 ('skull-shield'),
 ('skull-signet'),
 ('slap'),
 ('slashed-shield'),
 ('slavery-whip'),
 ('sleepy'),
 ('sleeveless-jacket'),
 ('sliced-bread'),
 ('slicing-arrow'),
 ('slingshot'),
 ('slow-blob'),
 ('sly'),
 ('small-fire'),
 ('smartphone'),
 ('smartphone-2'),
 ('smash-arrows'),
 ('smitten'),
 ('smoking-finger'),
 ('smoking-pipe'),
 ('smoking-volcano'),
 ('snail'),
 ('snake'),
 ('snake-bite'),
 ('snake-totem'),
 ('snatch'),
 ('sniffing-dog'),
 ('snitch-quidditch-ball'),
 ('snorkel'),
 ('snow-bottle'),
 ('snowflake-1'),
 ('snowflake-2'),
 ('snowing'),
 ('snowman'),
 ('soap-experiment'),
 ('soccer-ball'),
 ('soccer-field'),
 ('socks'),
 ('solar-power'),
 ('solar-system'),
 ('sombrero'),
 ('sonic-boom'),
 ('sonic-lightning'),
 ('sonic-screech'),
 ('sonic-shout'),
 ('sound-waves'),
 ('south-africa-flag'),
 ('south-america'),
 ('space-shuttle'),
 ('space-suit'),
 ('spade'),
 ('spades'),
 ('spade-skull'),
 ('spanner'),
 ('sparkling-sabre'),
 ('sparky-bomb'),
 ('sparrow'),
 ('spartan'),
 ('spartan-helmet'),
 ('spatter'),
 ('spawn-node'),
 ('speaker'),
 ('speaker-off'),
 ('spear-feather'),
 ('spear-hook'),
 ('spears'),
 ('spectacle-lenses'),
 ('spectacles'),
 ('spectre'),
 ('speed-boat'),
 ('speedometer'),
 ('sperm-whale'),
 ('spider-alt'),
 ('spider-bot'),
 ('spider-face'),
 ('spider-web'),
 ('spikeball'),
 ('spiked-armor'),
 ('spiked-collar'),
 ('spiked-fence'),
 ('spiked-halo'),
 ('spiked-mace'),
 ('spiked-shell'),
 ('spiked-snail'),
 ('spiked-tentacle'),
 ('spikes'),
 ('spikes-full'),
 ('spikes-half'),
 ('spikes-init'),
 ('spiky-eclipse'),
 ('spiky-explosion'),
 ('spiky-field'),
 ('spiky-pit'),
 ('spill'),
 ('spinal-coil'),
 ('spine-arrow'),
 ('spinning-blades'),
 ('spinning-sword'),
 ('spinning-top'),
 ('spiral-arrow'),
 ('spiral-bloom'),
 ('spiral-bottle'),
 ('spiral-shell'),
 ('spiral-thrust'),
 ('splash'),
 ('splash-2'),
 ('splashy-stream'),
 ('split-body'),
 ('split-cross'),
 ('splurt'),
 ('spoon'),
 ('spoted-flower'),
 ('spotted-arrowhead'),
 ('spotted-bug'),
 ('spotted-mushroom'),
 ('spotted-wound'),
 ('spoutnik'),
 ('spray'),
 ('sprint'),
 ('sprout'),
 ('sprout-disc'),
 ('spy'),
 ('spyglass'),
 ('square-bottle'),
 ('squib'),
 ('squid'),
 ('squid-head'),
 ('stack'),
 ('stag-head'),
 ('stahlhelm'),
 ('stairs'),
 ('stake-hammer'),
 ('stalagtite'),
 ('standing-potion'),
 ('star-cycle'),
 ('star-gate'),
 ('star-prominences'),
 ('star-pupil'),
 ('star-sattelites'),
 ('stars-stack'),
 ('star-swirl'),
 ('staryu'),
 ('static'),
 ('static-waves'),
 ('steak'),
 ('steam-locomotive'),
 ('steampunk-goggles'),
 ('steel-claws'),
 ('steel-claws-2'),
 ('steel-door'),
 ('steeltoe-boots'),
 ('steelwing-emblem'),
 ('steering-wheel'),
 ('stethoscope'),
 ('steyr-aug'),
 ('stick-grenade'),
 ('sticking-plaster'),
 ('stick-splitting'),
 ('stigmata'),
 ('stiletto'),
 ('stitched-wound'),
 ('stomach'),
 ('stomp'),
 ('stone-axe'),
 ('stone-block'),
 ('stone-bridge'),
 ('stone-crafting'),
 ('stoned-skull'),
 ('stone-pile'),
 ('stone-spear'),
 ('stone-sphere'),
 ('stone-tablet'),
 ('stone-throne'),
 ('stone-tower'),
 ('stopwatch'),
 ('stopwatch-2'),
 ('strafe'),
 ('strawberry'),
 ('striking-arrows'),
 ('striking-balls'),
 ('striking-clamps'),
 ('striking-diamonds'),
 ('striking-splinter'),
 ('striped-sun'),
 ('strong'),
 ('stun-grenade'),
 ('submarine'),
 ('suckered-tentacle'),
 ('suicide'),
 ('suitcase'),
 ('suits'),
 ('sun'),
 ('sunbeams'),
 ('sun-cloud'),
 ('sundial'),
 ('sunglasses'),
 ('sunken-eye'),
 ('sun-radiations'),
 ('sunrise'),
 ('sun-spear'),
 ('super-mushroom'),
 ('supersonic-arrow'),
 ('supersonic-bullet'),
 ('surprised'),
 ('surprised-skull'),
 ('suspicious'),
 ('sverd-i-fjell'),
 ('swallow'),
 ('swamp'),
 ('swan'),
 ('swan-breeze'),
 ('swap-bag'),
 ('swirled-shell'),
 ('swirl-ring'),
 ('swirl-string'),
 ('switch-weapon'),
 ('sword-array'),
 ('sword-break'),
 ('sword-clash'),
 ('sword-hilt'),
 ('sword-in-stone'),
 ('swordman'),
 ('sword-slice'),
 ('sword-smithing'),
 ('sword-spade'),
 ('sword-spin'),
 ('swordwoman'),
 ('syringe'),
 ('syringe-2'),
 ('table'),
 ('tablet'),
 ('tabletop-players'),
 ('take-my-money'),
 ('talk'),
 ('tank'),
 ('tank-tread'),
 ('tap'),
 ('target-arrows'),
 ('target-dummy'),
 ('targeted'),
 ('targeting'),
 ('target-laser'),
 ('target-shot'),
 ('tattered-banner'),
 ('taurus'),
 ('t-brick'),
 ('teapot'),
 ('tearing'),
 ('tear-tracks'),
 ('techno-heart'),
 ('telefrag'),
 ('telepathy'),
 ('teleport'),
 ('templar-heart'),
 ('templar-shield'),
 ('temptation'),
 ('tennis-ball'),
 ('tentacle-heart'),
 ('tentacles-skull'),
 ('tentacle-strike'),
 ('tentacurl'),
 ('terror'),
 ('tesla'),
 ('tesla-coil'),
 ('tesla-turret'),
 ('test-tubes'),
 ('theater-curtains'),
 ('thermometer-cold'),
 ('thermometer-hot'),
 ('thermometer-scale'),
 ('think'),
 ('third-eye'),
 ('thor-fist'),
 ('thor-hammer'),
 ('thorned-arrow'),
 ('thorn-helix'),
 ('thorny-tentacle'),
 ('thorny-vine'),
 ('three-keys'),
 ('three-leaves'),
 ('throne-king'),
 ('thrown-charcoal'),
 ('thrown-daggers'),
 ('thrown-knife'),
 ('thrown-spear'),
 ('thrust'),
 ('thumb-down'),
 ('thumb-up'),
 ('thunderball'),
 ('thunder-blade'),
 ('thunder-skull'),
 ('thunder-struck'),
 ('tick'),
 ('tic-tac-toe'),
 ('tie'),
 ('tied-scroll'),
 ('tiger'),
 ('time-bomb'),
 ('time-trap'),
 ('tinker'),
 ('tipi'),
 ('toad-teeth'),
 ('tomahawk'),
 ('tombstone'),
 ('tombstone-2'),
 ('tooth'),
 ('topaz'),
 ('top-hat'),
 ('top-paw'),
 ('torch'),
 ('tornado'),
 ('tornado-discs'),
 ('torpedo'),
 ('tortoise'),
 ('totem'),
 ('totem-head'),
 ('toucan'),
 ('tower-bridge'),
 ('tower-fall'),
 ('trade'),
 ('traffic-cone'),
 ('traffic-lights-green'),
 ('traffic-lights-orange'),
 ('traffic-lights-ready-to-go'),
 ('traffic-lights-red'),
 ('trample'),
 ('transform'),
 ('transfuse'),
 ('transparent-tubes'),
 ('transportation-rings'),
 ('trash-can'),
 ('tread'),
 ('treasure-map'),
 ('trebuchet'),
 ('tree-beehive'),
 ('tree-branch'),
 ('trefoil-lily'),
 ('trefoil-shuriken'),
 ('trench-body-armor'),
 ('trench-spade'),
 ('tribal-mask'),
 ('tribal-pendant'),
 ('trident'),
 ('triforce'),
 ('trigger-hurt'),
 ('trilobite'),
 ('triorb'),
 ('triple-beak'),
 ('triple-claws'),
 ('triple-corn'),
 ('triple-lock'),
 ('triple-needle'),
 ('triple-plier'),
 ('triple-scratches'),
 ('triple-skulls'),
 ('triple-yin'),
 ('tripwire'),
 ('triquetra'),
 ('trireme'),
 ('trojan-horse'),
 ('troll'),
 ('tron-arrow'),
 ('trophy'),
 ('trophy-cup'),
 ('tropical-fish'),
 ('trousers'),
 ('trousers-2'),
 ('trowel'),
 ('truck'),
 ('tumor'),
 ('tumulus'),
 ('tune-pitch'),
 ('turban'),
 ('turd'),
 ('turret'),
 ('turtle'),
 ('turtle-shell'),
 ('tv'),
 ('tv-remote'),
 ('twirly-flower'),
 ('twister'),
 ('two-feathers'),
 ('two-shadows'),
 ('tyre'),
 ('ubisoft-sun'),
 ('udder'),
 ('ufo'),
 ('ultrasound'),
 ('umbrella'),
 ('umbrella-bayonet'),
 ('uncertainty'),
 ('underhand'),
 ('unfriendly-fire'),
 ('unicorn'),
 ('unicycle'),
 ('union-jack'),
 ('unlit-bomb'),
 ('unlit-candelabra'),
 ('unlocking'),
 ('unplugged'),
 ('unstable-orb'),
 ('unstable-projectile'),
 ('usable'),
 ('usa-flag'),
 ('uzi'),
 ('valley'),
 ('van-damme-split'),
 ('vanilla-flower'),
 ('velocipede'),
 ('vertical-banner'),
 ('vertical-flip'),
 ('vial'),
 ('vibrating-ball'),
 ('viking-church'),
 ('viking-head'),
 ('viking-helmet'),
 ('viking-longhouse'),
 ('viking-shield'),
 ('vile-fluid'),
 ('village'),
 ('vine-flower'),
 ('vine-leaf'),
 ('vine-whip'),
 ('vintage-robot'),
 ('viola'),
 ('virgo'),
 ('virus'),
 ('visored-helm'),
 ('volcano'),
 ('volleyball-ball'),
 ('vomiting'),
 ('voodoo-doll'),
 ('vortex'),
 ('vote'),
 ('vulture'),
 ('walkie-talkie'),
 ('walking-boot'),
 ('walrus-head'),
 ('war-axe'),
 ('warlock-eye'),
 ('warp-pipe'),
 ('wasp-sting'),
 ('watch'),
 ('watchtower'),
 ('water-bolt'),
 ('water-drop'),
 ('water-fountain'),
 ('watering-can'),
 ('watermelon'),
 ('water-splash'),
 ('wave-crest'),
 ('wave-strike'),
 ('wavy-chains'),
 ('wavy-itinerary'),
 ('wax-seal'),
 ('web-spit'),
 ('weight'),
 ('weight-crush'),
 ('weight-lifting-down'),
 ('weight-lifting-up'),
 ('well'),
 ('werewolf'),
 ('western-hat'),
 ('wheat'),
 ('wheelbarrow'),
 ('whip'),
 ('whiplash'),
 ('whirlwind'),
 ('whistle'),
 ('white-book'),
 ('white-cat'),
 ('white-tower'),
 ('wide-arrow-dunk'),
 ('wildfires'),
 ('william-tell'),
 ('wind-hole'),
 ('windmill'),
 ('windpump'),
 ('wind-slap'),
 ('wind-turbine'),
 ('windy-stripes'),
 ('wine-glass'),
 ('wing-cloak'),
 ('winged-arrow'),
 ('winged-emblem'),
 ('winged-leg'),
 ('winged-shield'),
 ('winged-sword'),
 ('wingfoot'),
 ('witch-face'),
 ('witch-flight'),
 ('wizard-face'),
 ('wizard-staff'),
 ('wolf-head'),
 ('wolf-howl'),
 ('wolf-trap'),
 ('wolverine-claws'),
 ('woman-elf-face'),
 ('wood-axe'),
 ('wood-club'),
 ('wooden-clogs'),
 ('wooden-crate'),
 ('wooden-door'),
 ('wooden-helmet'),
 ('wooden-pegleg'),
 ('wooden-sign'),
 ('wood-pile'),
 ('world'),
 ('worm-mouth'),
 ('worried-eyes'),
 ('wrapped-heart'),
 ('wrapped-sweet'),
 ('wrapping-star'),
 ('wrecking-ball'),
 ('wrench'),
 ('wyvern'),
 ('yin-yang'),
 ('z-brick'),
 ('zebra-shield'),
 ('zeppelin'),
 ('zeus-sword'),
 ('zig-arrow'),
 ('zigzag-cage'),
 ('zigzag-leaf'),
 ('zigzag-tune');

INSERT INTO item_category (id, name, description, note, type, techname) VALUES (1, 'Récupération', '', '', 1, ''),
 (2, 'Lames courtes', '', '', 1, ''),
 (3, 'Lames 1 main', '', 'ces armes à 1 main sont utilisées à 2 mains par les petites créatures (Nains, gobelins, semi-hommes...)', 1, ''),
 (4, 'Lames 2 mains', '', 'ces armes longues et lourdes sont inutilisables par les Nains et petites créatures (gobelins, semi-hommes...)', 1, ''),
 (5, 'Haches 1 main', '', 'Sauf avis contraire, ces armes à 1 main sont à 2 mains pour les Nains, car souvent trop longues', 1, ''),
 (6, 'Haches de jet', '', '', 1, ''),
 (7, 'Haches 2 mains', '', 'ces armes longues et lourdes sont inutilisables par les Nains et petites créatures (gobelins, semi-hommes...)', 1, ''),
 (8, 'Marteaux et masses 1 main', '', 'Sauf avis contraire, ces armes à 1 main sont à 2 mains pour les Nains, car souvent trop longues', 1, ''),
 (9, 'Marteaux 2 mains', '', 'ces armes longues et lourdes sont inutilisables par les Nains et petites créatures (gobelins, semi-hommes...)', 1, ''),
 (10, 'Lances et piques (2 mains, armes d''hast)', '', 'ces armes longues et lourdes sont inutilisables par les Nains et petites créatures (gobelins, semi-hommes...)', 1, ''),
 (11, 'Javelots (jet)', '', 'les malus appliqués aux Nains s''appliquent aussi aux autres petites créatures (gobelins, semi-hommes...)', 1, ''),
 (12, 'Arcs (jet)', '', 'Rechargement arc : 3 assauts', 1, ''),
 (13, 'Flèches pour arc (jet)', '', '', 1, ''),
 (14, 'Arbalètes (jet)', '', 'Rechargement arbalète : 6 assauts', 1, ''),
 (15, 'Carreaux arbalète (jet)', '', '', 1, ''),
 (16, 'Armes bizarres', '', '', 1, ''),
 (18, 'Brut', '', '', 19, ''),
 (19, 'Instruments à corde', '', '', 11, ''),
 (20, 'Instruments à vent', '', '', 11, ''),
 (21, 'Instruments de percussion', '', '', 11, ''),
 (22, 'Instruments de combinaison', '', '', 11, ''),
 (23, 'Chapeaux pour mages et prêtres, simples', '', '', 12, ''),
 (24, 'Chapeaux pour mages et prêtres, enchantés', '', '', 12, ''),
 (25, 'Chapeaux et couvre-chefs légers, simples (pour tous)', '', '', 12, ''),
 (26, 'Chapeaux et couvre-chefs légers, enchantés (origines compatibles uniquement)', '', '', 12, ''),
 (27, 'Chapeaux et couvre-chefs légers, enchantés (ménestrels)', '', '', 12, ''),
 (28, 'Livres pour les mages', '', '', 3, ''),
 (29, 'Livres pour les prêtres/paladins', '', '', 3, ''),
 (30, 'Livres généraux', '', 'Les livres suivants sont réservés à ceux qui savent lire ! En général, les héros qui ont 10 ou plus en intelligence, sauf les Barbares
Les bonus ne prennent effet qu''après 7 jours de lecture au moins', 3, ''),
 (31, 'Livres généraux – compétences', '', 'Les livres suivants sont réservés à ceux qui savent lire ! En général, les héros qui ont 10 ou plus en intelligence, sauf les Barbares
Ces livres ne sont pas reliés au système de compétences des origines et métiers... Ce sont des compétences supplémentaires uniquement.', 3, ''),
 (32, 'Vestes, cottes matelassées (torse, bras)', '', '', 2, ''),
 (33, 'Plastrons cuir (torse)', '', '', 2, ''),
 (34, 'Plastrons métal (torse)', '', '', 2, ''),
 (35, 'Accessoires métal (bras ou jambes)', '', '', 2, ''),
 (36, 'Cottes de maille (torse, bras)', '', '', 2, ''),
 (37, 'Casques et heaumes (tête)', '', '', 2, ''),
 (38, 'Gantelets/Bracelets (mains, avant-bras)', '', '', 2, ''),
 (39, 'Bottes, chaussures (pieds)', '', '', 2, ''),
 (40, 'Armures complètes (toutes local.)', '', '(ces sets protègent toutes les localisations des critiques sur test de rupture)', 2, ''),
 (41, 'Boucliers', '', '(peuvent permettre d''arrêter les projectiles sur épreuve AD)', 2, ''),
 (42, 'Protections pour semi-homme', '', '', 2, ''),
 (43, 'Protections pour gnôme', '', '(uniquement sur commande)', 2, ''),
 (44, 'Protections pour ogre', '', '(uniquement sur commande)', 2, ''),
 (45, 'Monnaie et banque', '', '', 5, ''),
 (46, 'Hostellerie', '', '', 5, ''),
 (47, 'Auberge pourrie, la nuit', '', '', 5, ''),
 (48, 'Auberge de qualité, la nuit', '', '', 5, ''),
 (49, 'Sacs et transport', '', '', 5, ''),
 (50, 'Équipement d''aventure', '', '', 5, ''),
 (51, 'Bivouac et camping', '', '', 5, ''),
 (52, 'Vêtements', '', '', 5, ''),
 (53, 'Produits pour les elfes', '', '', 5, ''),
 (54, 'Meubles', '', '', 5, ''),
 (55, 'Services', '', '', 5, ''),
 (56, 'Immobilier', '', '', 5, ''),
 (57, 'Animaux de monte, de compagnie', '', '', 5, ''),
 (58, 'KHORNETTOH', '', '', 8, ''),
 (59, 'DLUL', '', '', 8, ''),
 (60, 'SLANOUSH', '', '', 8, ''),
 (61, 'ADATHIE', '', '', 8, ''),
 (62, 'YOUCLIDH', '', '', 8, ''),
 (63, 'BRAAV''', '', '', 8, ''),
 (64, 'Robes standard', '', 'armure non magique – protège surtout le torse
une robe de prêtre ne peut PAS être portée à un niveau inférieur, sans quoi le dieu est fâché', 13, ''),
 (65, 'Robes bénies', '', 'une robe de prêtre ne peut PAS être portée à un niveau inférieur, sans quoi le dieu est fâché

(toute valeur au-dessus de 2 est un bonus d''armure magique)', 13, ''),
 (66, 'Bagues de puissance', '', 'un prêtre ne peut porter qu''une bague enchantée à chaque main (problèmes d''interférences) – on ne peut cumuler plusieurs effets sur 1 prodige', 14, ''),
 (68, 'Médaillons d''économie', '', '', 14, ''),
 (69, 'Bagues de Sûreté', '', '', 14, ''),
 (70, 'Armement standard (combat)', '', 'Ces armes frappent au dégât physique pur, ils sont compatibles avec tous les dieux – Dégâts CONTONDANTS', 15, ''),
 (71, 'Armement béni (dégâts mystiques)', '', 'Ces armes frappent au dégât physique ET magique, capables de toucher les créatures surnaturelles', 15, ''),
 (72, 'Robes standard (armure non magique)', '', '', 16, ''),
 (73, 'Robes enchantées', '', '', 16, ''),
 (74, 'Bagues de puissance', '', '', 17, ''),
 (75, 'Bagues d''économie', '', '', 17, ''),
 (76, 'Bagues de Sûreté', '', '', 17, ''),
 (77, 'Bâtons standards (combat)', '', 'Ces bâtons frappent au dégât physique pur et sont plus résistants, mais ce sont des bâtons de mage néanmoins – ils permettent de lancer des sorts', 18, ''),
 (78, 'Bâtons ensorcelés (dégâts magiques)', '', 'Ces bâtons frappent au dégât physique ET magique, capables de toucher les créatures surnaturelles, et sont moins résistants dans le bas de gamme', 18, ''),
 (79, 'Objets exclusifs', '', 'du fait de l''étrange puissance magique dégagée par ces objets, une exposition importante à leur aura s''avère assez éprouvante.
Si un aventurier possède plus d''un objet exclusif en même temps, son total d''EV diminue de 50% pour chaque objet supplémentaire.
Un même groupe ne peut pas transporter plus d''un objet exclusif du même nom. Les objets exclusifs sont inaltérables et indestructibles.
Les objets exclusifs peuvent servir de récompense dans des quêtes de niveau supérieur. Leur prix est donc purement indicatif pour le MJ.
Le cas échéant, ils ne pourront pas non plus être vendus à n''importe qui ni dans n''importe quelle boutique.', 4, ''),
 (80, 'Soin et récupération', '', '', 7, ''),
 (81, 'Potions – Augmentation des carac.', '', '', 7, ''),
 (82, 'Accessoires – Augmentation des carac.', '', '', 7, ''),
 (83, 'Divers objets permettant de survivre', '', '', 7, ''),
 (84, 'Matériel à usage magique', '', '', 7, ''),
 (85, 'Poison', '', 'Les effets de ces poisons sont valables sur les humains ou humanoïdes de taille standard. Ils n''ont pas forcément le même effet sur les monstres...
Ils peuvent aussi bien ne pas avoir d''effet du tout ! Pour tous les cas étranges, c''est le MJ qui décide.', 6, ''),
 (86, 'Antidote', '', 'Les antidotes agissent 4 secondes après inoculation par intraveineuse et 20 secondes après ingestion.', 6, ''),
 (87, 'Taillé', '', '', 19, ''),
 (88, 'Objets inutiles', '', 'Des truc inutile', 20, 'USELESS_ITEM'),
 (91, 'Fendoir à 1 main', '', 'Etant des armes faites pour les orques, un bonus de +2 de dégâts et de COU+1 est donné si un orque
utilise le fendoir', 1, ''),
 (17, 'Ingrédient magique', '', '', 10, 'MAGICAL_INGREDIENT');

INSERT INTO item_effect (id, item, stat, value, requirejob, requireorigin, special, type) VALUES (15, 9, 'AT', -2, null, null, null, 'ADD'),
 (16, 9, 'PRD', -2, null, null, null, 'ADD'),
 (17, 10, 'AT', -3, null, null, null, 'ADD'),
 (18, 10, 'PRD', -3, null, null, null, 'ADD'),
 (19, 10, 'CHA', -2, null, null, null, 'ADD'),
 (20, 11, 'AT', -3, null, null, null, 'ADD'),
 (21, 11, 'PRD', -3, null, null, null, 'ADD'),
 (22, 11, 'CHA', -1, null, null, null, 'ADD'),
 (23, 12, 'AT', -2, null, null, null, 'ADD'),
 (24, 12, 'PRD', -4, null, null, null, 'ADD'),
 (25, 12, 'CHA', -1, null, null, null, 'ADD'),
 (26, 12, 'AD', -1, null, null, 'AFFECT_ONLY_THROW', 'ADD'),
 (27, 13, 'AT', -1, null, null, null, 'ADD'),
 (28, 13, 'PRD', -4, null, null, null, 'ADD'),
 (29, 14, 'AT', -1, null, null, null, 'ADD'),
 (30, 14, 'PRD', -3, null, null, null, 'ADD'),
 (31, 14, 'CHA', 1, null, null, null, 'ADD'),
 (32, 14, 'COU', 1, null, null, null, 'ADD'),
 (33, 14, 'AD', 2, null, null, 'AFFECT_ONLY_THROW', 'ADD'),
 (34, 15, 'AT', -1, null, null, null, 'ADD'),
 (35, 15, 'PRD', -3, null, null, null, 'ADD'),
 (36, 15, 'AD', 4, null, null, 'AFFECT_ONLY_THROW', 'ADD'),
 (37, 15, 'CHA', 1, null, null, null, 'ADD'),
 (38, 16, 'AT', -1, null, null, null, 'ADD'),
 (39, 16, 'PRD', -3, null, null, null, 'ADD'),
 (40, 16, 'COU', 2, null, null, null, 'ADD'),
 (41, 16, 'CHA', 2, null, null, null, 'ADD'),
 (42, 17, 'AT', -1, null, null, null, 'ADD'),
 (43, 17, 'PRD', -2, null, null, null, 'ADD'),
 (44, 17, 'CHA', -1, null, null, null, 'ADD'),
 (45, 18, 'PRD', -2, null, null, null, 'ADD'),
 (46, 19, 'PRD', -2, null, null, null, 'ADD'),
 (47, 19, 'AT', 1, null, null, null, 'ADD'),
 (48, 19, 'CHA', 1, null, null, null, 'ADD'),
 (49, 20, 'PRD', -2, null, null, null, 'ADD'),
 (50, 20, 'AT', 1, null, null, null, 'ADD'),
 (51, 20, 'CHA', 1, null, null, null, 'ADD'),
 (52, 21, 'PRD', -2, null, null, null, 'ADD'),
 (53, 21, 'AT', 1, null, null, null, 'ADD'),
 (54, 21, 'CHA', 2, null, null, null, 'ADD'),
 (55, 21, 'COU', 2, null, null, null, 'ADD'),
 (56, 22, 'PRD', -2, null, null, null, 'ADD'),
 (57, 22, 'AT', 2, null, null, null, 'ADD'),
 (58, 22, 'CHA', 1, null, null, null, 'ADD'),
 (59, 22, 'COU', 1, null, null, null, 'ADD'),
 (60, 23, 'CHA', -1, null, null, null, 'ADD'),
 (61, 23, 'COU', -1, null, null, null, 'ADD'),
 (62, 23, 'PRD', -1, null, null, null, 'ADD'),
 (63, 24, 'PRD', -1, null, null, null, 'ADD'),
 (64, 26, 'AT', 1, null, null, null, 'ADD'),
 (65, 26, 'PRD', 1, null, null, null, 'ADD'),
 (66, 27, 'COU', 1, null, null, null, 'ADD'),
 (67, 27, 'CHA', 2, null, null, null, 'ADD'),
 (68, 28, 'AT', 1, null, null, null, 'ADD'),
 (69, 28, 'PRD', 1, null, null, null, 'ADD'),
 (70, 28, 'CHA', 1, null, null, null, 'ADD'),
 (71, 28, 'COU', 1, null, null, null, 'ADD'),
 (72, 29, 'AT', 2, null, null, null, 'ADD'),
 (73, 29, 'PRD', 2, null, null, null, 'ADD'),
 (77, 31, 'COU', 2, null, null, null, 'ADD'),
 (78, 31, 'CHA', 2, null, null, null, 'ADD'),
 (79, 31, 'AT', 2, null, null, null, 'ADD'),
 (80, 31, 'PRD', 2, null, null, null, 'ADD'),
 (83, 33, 'AT', -2, null, null, null, 'ADD'),
 (84, 33, 'PRD', -4, null, null, null, 'ADD'),
 (85, 34, 'AT', -2, null, null, null, 'ADD'),
 (86, 34, 'PRD', -3, null, null, null, 'ADD'),
 (87, 34, 'COU', 1, null, null, null, 'ADD'),
 (88, 35, 'AT', -2, null, null, null, 'ADD'),
 (89, 35, 'PRD', -2, null, null, null, 'ADD'),
 (90, 35, 'COU', 1, null, null, null, 'ADD'),
 (91, 35, 'CHA', 1, null, null, null, 'ADD'),
 (92, 36, 'AT', -1, null, null, null, 'ADD'),
 (93, 36, 'PRD', -1, null, null, null, 'ADD'),
 (94, 36, 'COU', 2, null, null, null, 'ADD'),
 (95, 36, 'CHA', 2, null, null, null, 'ADD'),
 (96, 37, 'PRD', -1, null, null, null, 'ADD'),
 (97, 37, 'COU', 4, null, null, null, 'ADD'),
 (101, 39, 'AT', -1, null, null, null, 'ADD'),
 (102, 39, 'PRD', -1, null, null, null, 'ADD'),
 (103, 39, 'COU', 8, null, null, null, 'ADD'),
 (104, 40, 'AT', -1, null, null, null, 'ADD'),
 (105, 40, 'PRD', -1, null, null, null, 'ADD'),
 (106, 40, 'COU', 2, null, null, null, 'ADD'),
 (107, 40, 'CHA', 3, null, null, null, 'ADD'),
 (108, 41, 'AT', 3, null, null, null, 'ADD'),
 (109, 41, 'PRD', 3, null, null, null, 'ADD'),
 (110, 41, 'PR', 4, null, null, null, 'ADD'),
 (111, 41, 'COU', 4, null, null, null, 'ADD'),
 (112, 42, 'CHA', -1, null, null, null, 'ADD'),
 (113, 42, 'PRD', -2, null, null, null, 'ADD'),
 (114, 42, 'AT', 1, null, 3, null, 'ADD'),
 (115, 43, 'PRD', -2, null, null, null, 'ADD'),
 (116, 43, 'PRD', 1, null, 3, null, 'ADD'),
 (117, 43, 'AT', 1, null, 3, null, 'ADD'),
 (123, 46, 'PRD', -1, null, null, null, 'ADD'),
 (124, 46, 'PRD', 1, null, 3, null, 'ADD'),
 (125, 46, 'AT', 2, null, 3, null, 'ADD'),
 (126, 46, 'PRD', 2, null, 3, null, 'ADD'),
 (127, 46, 'COU', 1, null, 3, null, 'ADD'),
 (128, 47, 'AT', 1, null, 3, null, 'ADD'),
 (129, 47, 'PRD', 1, null, 3, null, 'ADD'),
 (130, 47, 'COU', 1, null, 3, null, 'ADD'),
 (131, 48, 'PRD', 1, null, 3, null, 'ADD'),
 (132, 48, 'AT', 1, null, null, null, 'ADD'),
 (133, 48, 'CHA', 1, null, null, null, 'ADD'),
 (134, 48, 'COU', 1, null, null, null, 'ADD'),
 (135, 49, 'PRD', -1, null, null, null, 'ADD'),
 (136, 49, 'PRD', 1, null, 3, null, 'ADD'),
 (137, 50, 'CHA', -2, null, null, null, 'ADD'),
 (138, 50, 'AT', 1, null, null, null, 'ADD'),
 (139, 50, 'PRD', 1, null, null, null, 'ADD'),
 (143, 52, 'AT', 2, null, null, null, 'ADD'),
 (144, 52, 'PRD', 2, null, null, null, 'ADD'),
 (145, 52, 'CHA', 1, null, null, null, 'ADD'),
 (146, 52, 'COU', 1, null, null, null, 'ADD'),
 (147, 53, 'AT', 2, null, null, null, 'ADD'),
 (148, 53, 'PRD', 2, null, null, null, 'ADD'),
 (149, 53, 'CHA', 2, null, null, null, 'ADD'),
 (150, 53, 'COU', 2, null, null, null, 'ADD'),
 (151, 54, 'AT', -2, null, null, 'AFFECT_ONLY_MELEE', 'ADD'),
 (152, 54, 'PRD', -5, null, null, 'AFFECT_ONLY_MELEE', 'ADD'),
 (153, 55, 'AT', -2, null, null, 'AFFECT_ONLY_MELEE', 'ADD'),
 (154, 55, 'PRD', -4, null, null, 'AFFECT_ONLY_MELEE', 'ADD'),
 (155, 56, 'AT', -1, null, null, 'AFFECT_ONLY_MELEE', 'ADD'),
 (156, 56, 'PRD', -4, null, null, 'AFFECT_ONLY_MELEE', 'ADD'),
 (157, 56, 'AD', 2, null, null, 'AFFECT_ONLY_THROW', 'ADD'),
 (158, 56, 'COU', 1, null, null, null, 'ADD'),
 (161, 58, 'AT', -3, null, null, null, 'ADD'),
 (162, 58, 'PRD', -4, null, null, null, 'ADD'),
 (163, 59, 'AT', -2, null, null, null, 'ADD'),
 (164, 59, 'PRD', -4, null, null, null, 'ADD'),
 (165, 60, 'AT', -2, null, null, null, 'ADD'),
 (166, 60, 'PRD', -3, null, null, null, 'ADD'),
 (167, 60, 'COU', 1, null, null, null, 'ADD'),
 (168, 61, 'AT', -2, null, null, null, 'ADD'),
 (169, 61, 'PRD', -2, null, null, null, 'ADD'),
 (170, 61, 'COU', 1, null, null, null, 'ADD'),
 (171, 61, 'CHA', 1, null, null, null, 'ADD'),
 (172, 62, 'AT', -2, null, null, null, 'ADD'),
 (173, 62, 'PRD', -2, null, null, null, 'ADD'),
 (174, 63, 'AT', -1, null, null, null, 'ADD'),
 (175, 63, 'PRD', -1, null, null, null, 'ADD'),
 (176, 64, 'AT', -1, null, null, null, 'ADD'),
 (177, 64, 'PRD', -1, null, null, null, 'ADD'),
 (178, 64, 'COU', 2, null, null, null, 'ADD'),
 (179, 64, 'CHA', 2, null, null, null, 'ADD'),
 (180, 65, 'AT', -2, null, null, null, 'ADD'),
 (181, 65, 'PRD', -2, null, null, null, 'ADD'),
 (182, 65, 'COU', 4, null, null, null, 'ADD'),
 (183, 66, 'AT', -1, null, null, null, 'ADD'),
 (184, 66, 'PRD', -1, null, null, null, 'ADD'),
 (185, 66, 'COU', 4, null, null, null, 'ADD'),
 (186, 67, 'AT', -1, null, null, null, 'ADD'),
 (187, 67, 'PRD', -1, null, null, null, 'ADD'),
 (188, 67, 'COU', 2, null, null, null, 'ADD'),
 (189, 67, 'CHA', 3, null, null, null, 'ADD'),
 (192, 69, 'CHA', -4, null, null, null, 'ADD'),
 (193, 69, 'AT', 3, null, null, null, 'ADD'),
 (194, 69, 'PRD', 3, null, null, null, 'ADD'),
 (195, 69, 'COU', 6, null, null, null, 'ADD'),
 (196, 70, 'CHA', -1, null, null, null, 'ADD'),
 (197, 70, 'PRD', -2, null, null, null, 'ADD'),
 (198, 70, 'AT', 1, null, 3, null, 'ADD'),
 (199, 71, 'PRD', -2, null, null, null, 'ADD'),
 (200, 71, 'PRD', 1, null, 3, null, 'ADD'),
 (201, 71, 'AT', 1, null, 3, null, 'ADD'),
 (211, 74, 'AT', 2, null, 3, null, 'ADD'),
 (212, 74, 'PRD', 2, null, 3, null, 'ADD'),
 (213, 74, 'COU', 1, null, 3, null, 'ADD'),
 (214, 75, 'PRD', -1, null, null, null, 'ADD'),
 (215, 75, 'PRD', 1, null, 3, null, 'ADD'),
 (216, 75, 'AT', 1, null, null, null, 'ADD'),
 (217, 75, 'PRD', 1, null, null, null, 'ADD'),
 (218, 75, 'CHA', 1, null, null, null, 'ADD'),
 (219, 75, 'COU', 1, null, null, null, 'ADD'),
 (220, 76, 'PRD', -1, null, null, null, 'ADD'),
 (221, 76, 'AT', 1, null, null, null, 'ADD'),
 (222, 76, 'PRD', 1, null, null, null, 'ADD'),
 (223, 76, 'CHA', 1, null, null, null, 'ADD'),
 (224, 76, 'COU', 1, null, null, null, 'ADD'),
 (225, 77, 'PRD', -1, null, null, null, 'ADD'),
 (226, 78, 'PRD', -2, null, null, null, 'ADD'),
 (227, 78, 'PRD', 2, null, 3, null, 'ADD'),
 (234, 81, 'AT', 2, null, null, null, 'ADD'),
 (235, 81, 'PRD', 2, null, null, null, 'ADD'),
 (236, 81, 'CHA', 2, null, null, null, 'ADD'),
 (237, 81, 'COU', 2, null, null, null, 'ADD'),
 (238, 82, 'AT', -3, null, null, null, 'ADD'),
 (239, 82, 'PRD', -4, null, null, null, 'ADD'),
 (240, 83, 'AT', -2, null, null, null, 'ADD'),
 (241, 83, 'PRD', -4, null, null, null, 'ADD'),
 (242, 84, 'AT', -2, null, null, null, 'ADD'),
 (243, 84, 'PRD', -3, null, null, null, 'ADD'),
 (244, 84, 'COU', 1, null, null, null, 'ADD'),
 (245, 85, 'AT', -2, null, null, null, 'ADD'),
 (246, 85, 'PRD', -2, null, null, null, 'ADD'),
 (247, 85, 'COU', 1, null, null, null, 'ADD'),
 (248, 85, 'CHA', 1, null, null, null, 'ADD'),
 (249, 86, 'AT', -2, null, null, null, 'ADD'),
 (250, 86, 'PRD', -2, null, null, null, 'ADD'),
 (251, 87, 'AT', -1, null, null, null, 'ADD'),
 (252, 87, 'PRD', -1, null, null, null, 'ADD'),
 (253, 88, 'AT', -1, null, null, null, 'ADD'),
 (254, 88, 'PRD', -1, null, null, null, 'ADD'),
 (255, 88, 'COU', 2, null, null, null, 'ADD'),
 (256, 88, 'CHA', 2, null, null, null, 'ADD'),
 (261, 90, 'AT', -1, null, null, null, 'ADD'),
 (262, 90, 'PRD', -2, null, null, null, 'ADD'),
 (263, 91, 'PRD', -2, null, null, null, 'ADD'),
 (264, 92, 'PRD', -1, null, null, null, 'ADD'),
 (265, 93, 'CHA', 1, null, null, null, 'ADD'),
 (266, 93, 'COU', 1, null, null, null, 'ADD'),
 (267, 94, 'CHA', -1, null, null, null, 'ADD'),
 (268, 94, 'AT', -1, null, null, null, 'ADD'),
 (269, 94, 'PRD', -1, null, null, null, 'ADD'),
 (270, 95, 'AT', -1, null, null, null, 'ADD'),
 (273, 97, 'AT', -2, null, null, null, 'ADD'),
 (274, 97, 'PRD', -4, null, null, null, 'ADD'),
 (275, 98, 'AT', -2, null, null, null, 'ADD'),
 (276, 98, 'PRD', -3, null, null, null, 'ADD'),
 (277, 98, 'COU', 1, null, null, null, 'ADD'),
 (278, 99, 'AT', -1, null, null, null, 'ADD'),
 (279, 99, 'PRD', -1, null, null, null, 'ADD'),
 (280, 100, 'AT', -1, null, null, null, 'ADD'),
 (281, 100, 'CHA', 1, null, null, null, 'ADD'),
 (282, 100, 'COU', 1, null, null, null, 'ADD'),
 (283, 101, 'AD', -2, null, null, 'AFFECT_ONLY_THROW', 'ADD'),
 (284, 101, 'CHA', -2, null, null, null, 'ADD'),
 (285, 101, 'AD', -3, null, 3, 'AFFECT_ONLY_THROW', 'ADD'),
 (286, 102, 'CHA', -1, null, null, null, 'ADD'),
 (287, 102, 'AD', -1, null, null, 'AFFECT_ONLY_THROW', 'ADD'),
 (288, 102, 'AD', -3, null, 3, 'AFFECT_ONLY_THROW', 'ADD'),
 (289, 103, 'AD', -3, null, 3, 'AFFECT_ONLY_THROW', 'ADD'),
 (290, 104, 'AD', -3, null, 3, 'AFFECT_ONLY_THROW', 'ADD'),
 (291, 104, 'AD', 1, null, null, 'AFFECT_ONLY_THROW', 'ADD'),
 (292, 105, 'AD', -3, null, 3, 'AFFECT_ONLY_THROW', 'ADD'),
 (293, 105, 'AD', 2, null, null, 'AFFECT_ONLY_THROW', 'ADD'),
 (294, 106, 'AD', -2, null, null, 'AFFECT_ONLY_THROW', 'ADD'),
 (295, 106, 'CHA', -1, null, null, null, 'ADD'),
 (296, 108, 'AD', -2, null, null, 'AFFECT_ONLY_THROW', 'ADD'),
 (297, 108, 'CHA', -1, null, null, null, 'ADD'),
 (298, 110, 'CHA', 1, null, null, null, 'ADD'),
 (299, 111, 'CHA', 1, null, null, null, 'ADD'),
 (300, 111, 'COU', 1, null, null, null, 'ADD'),
 (301, 112, 'CHA', 1, null, null, null, 'ADD'),
 (302, 112, 'AD', 1, null, null, 'AFFECT_ONLY_THROW', 'ADD'),
 (303, 113, 'CHA', 3, null, null, null, 'ADD'),
 (304, 114, 'CHA', 1, null, null, null, 'ADD'),
 (305, 114, 'AD', 1, null, null, 'AFFECT_ONLY_THROW', 'ADD'),
 (306, 115, 'CHA', 1, null, null, null, 'ADD'),
 (307, 115, 'AD', 1, null, null, 'AFFECT_ONLY_THROW', 'ADD'),
 (308, 115, 'COU', 2, null, null, null, 'ADD'),
 (309, 116, 'CHA', 1, null, null, null, 'ADD'),
 (310, 116, 'AD', 2, null, null, null, 'ADD'),
 (311, 116, 'COU', 1, null, null, null, 'ADD'),
 (312, 118, 'AD', 2, null, null, 'AFFECT_ONLY_THROW', 'ADD'),
 (313, 118, 'CHA', 2, null, null, null, 'ADD'),
 (314, 119, 'AD', -1, null, null, 'AFFECT_ONLY_THROW', 'ADD'),
 (315, 121, 'AD', 1, null, null, 'AFFECT_ONLY_THROW', 'ADD'),
 (316, 122, 'PI', 1, null, null, null, 'ADD'),
 (317, 123, 'PI', 2, null, null, null, 'ADD'),
 (318, 124, 'AD', 2, null, null, 'AFFECT_ONLY_THROW', 'ADD'),
 (319, 125, 'PI', 3, null, null, null, 'ADD'),
 (320, 126, 'PI', 1, null, null, null, 'ADD'),
 (321, 129, 'AD', 4, null, null, 'AFFECT_ONLY_THROW', 'ADD'),
 (322, 131, 'AD', -2, null, null, 'AFFECT_ONLY_THROW', 'ADD'),
 (323, 133, 'AD', 2, null, null, 'AFFECT_ONLY_THROW', 'ADD'),
 (327, 136, 'AD', -1, null, null, 'AFFECT_ONLY_THROW', 'ADD'),
 (329, 140, 'AD', 4, null, null, 'AFFECT_ONLY_THROW', 'ADD'),
 (334, 147, 'AT', 1, null, null, null, 'ADD'),
 (335, 147, 'PRD', 1, null, null, null, 'ADD'),
 (336, 147, 'CHA', 1, null, null, null, 'ADD'),
 (337, 147, 'COU', 1, null, null, null, 'ADD'),
 (344, 154, 'CHA', -1, null, null, 'DONT_AFFECT_MAGIEPSY', 'ADD'),
 (345, 157, 'AD', -1, null, null, null, 'ADD'),
 (346, 157, 'CHA', -1, null, null, 'DONT_AFFECT_MAGIEPSY', 'ADD'),
 (347, 157, 'COU', 1, null, null, null, 'ADD'),
 (348, 158, 'CHA', 1, null, null, 'DONT_AFFECT_MAGIEPSY', 'ADD'),
 (349, 159, 'COU', 1, null, null, null, 'ADD'),
 (350, 167, 'RESM', 1, null, null, null, 'ADD'),
 (351, 170, 'COU', 1, null, null, null, 'ADD'),
 (352, 171, 'CHA', 1, null, null, null, 'ADD'),
 (353, 172, 'CHA', 1, null, null, null, 'ADD'),
 (354, 175, 'AT', 2, null, null, 'AFFECT_ONLY_MELEE_STAFF', 'ADD'),
 (355, 176, 'INT', 1, null, null, null, 'ADD'),
 (356, 177, 'RESM', 2, null, null, null, 'ADD'),
 (357, 178, 'AD', 1, null, null, null, 'ADD'),
 (358, 179, 'CHA', 2, null, null, null, 'ADD'),
 (359, 180, 'COU', 1, null, null, null, 'ADD'),
 (360, 181, 'INT', 1, null, null, null, 'ADD'),
 (361, 181, 'AD', 1, null, null, null, 'ADD'),
 (362, 183, 'INT', 1, null, null, null, 'ADD'),
 (364, 185, 'AT', 2, null, null, 'AFFECT_ONLY_MELEE_STAFF', 'ADD'),
 (365, 185, 'PRD', 2, null, null, 'AFFECT_ONLY_MELEE_STAFF', 'ADD'),
 (366, 186, 'RESM', 4, null, null, null, 'ADD'),
 (367, 187, 'INT', 2, null, null, null, 'ADD'),
 (368, 190, 'RESM', 4, null, null, null, 'ADD'),
 (369, 190, 'CHA', 2, null, null, null, 'ADD'),
 (370, 191, 'INT', 2, null, null, null, 'ADD'),
 (371, 191, 'CHA', 1, null, null, null, 'ADD'),
 (372, 191, 'COU', 1, null, null, null, 'ADD'),
 (373, 192, 'INT', 2, null, null, null, 'ADD'),
 (374, 192, 'CHA', 1, null, null, null, 'ADD'),
 (375, 192, 'COU', 2, null, null, null, 'ADD'),
 (376, 195, 'AD', -1, null, null, null, 'ADD'),
 (377, 195, 'CHA', -1, null, null, 'DONT_AFFECT_MAGIEPSY', 'ADD'),
 (378, 196, 'CHA', 1, null, null, 'DONT_AFFECT_MAGIEPSY', 'ADD'),
 (379, 200, 'CHA', 2, null, null, 'DONT_AFFECT_MAGIEPSY', 'ADD'),
 (380, 201, 'CHA', 1, null, null, 'DONT_AFFECT_MAGIEPSY', 'ADD'),
 (381, 201, 'COU', 1, null, null, null, 'ADD'),
 (382, 212, 'CHA', 1, null, null, null, 'ADD'),
 (383, 215, 'FO', 1, null, null, null, 'ADD'),
 (384, 216, 'ESQ', 1, null, null, null, 'ADD'),
 (385, 218, 'AD', 1, null, null, null, 'ADD'),
 (386, 219, 'AD', 2, null, null, 'AFFECT_ONLY_THROW', 'ADD'),
 (387, 220, 'AD', 1, null, null, null, 'ADD'),
 (388, 221, 'INT', 1, null, null, null, 'ADD'),
 (390, 225, 'CHA', 1, null, null, null, 'ADD'),
 (392, 227, 'COU', 2, null, null, null, 'ADD'),
 (393, 228, 'AD', 1, null, null, null, 'ADD'),
 (394, 229, 'RESM', 4, null, null, null, 'ADD'),
 (395, 232, 'FO', 2, null, null, null, 'ADD'),
 (396, 233, 'COU', 1, null, null, null, 'ADD'),
 (397, 235, 'CHA', 2, null, null, null, 'ADD'),
 (398, 236, 'AD', 2, null, null, null, 'ADD'),
 (399, 236, 'COU', 1, null, null, null, 'ADD'),
 (400, 241, 'CHA', -1, null, null, null, 'ADD'),
 (402, 246, 'AT', 1, null, null, null, 'ADD'),
 (403, 246, 'PRD', 1, null, null, null, 'ADD'),
 (404, 246, 'CHA', 1, null, null, null, 'ADD'),
 (405, 249, 'CHA', 2, null, null, null, 'ADD'),
 (406, 359, 'CHA', 2, null, null, null, 'ADD'),
 (407, 359, 'COU', 1, null, null, null, 'ADD'),
 (408, 360, 'CHA', 1, null, null, null, 'ADD'),
 (409, 361, 'CHA', 3, null, null, null, 'ADD'),
 (410, 361, 'INT', 2, null, null, null, 'ADD'),
 (411, 373, 'CHA', 1, null, null, null, 'ADD'),
 (413, 384, 'CHA', 1, null, null, null, 'ADD'),
 (414, 384, 'INT', 1, null, null, null, 'ADD'),
 (415, 385, 'COU', 2, null, null, null, 'ADD'),
 (416, 464, 'CHA', -1, null, null, null, 'ADD'),
 (417, 467, 'AD', 1, null, null, 'AFFECT_DISCRETION', 'ADD'),
 (418, 468, 'CHA', 1, null, null, null, 'ADD'),
 (419, 469, 'CHA', -1, null, null, null, 'ADD'),
 (420, 471, 'AD', 1, null, null, null, 'ADD'),
 (421, 472, 'AD', -1, null, null, null, 'ADD'),
 (422, 473, 'AD', -1, null, null, null, 'ADD'),
 (423, 473, 'CHA', 1, null, null, null, 'ADD'),
 (424, 474, 'CHA', 1, null, null, null, 'ADD'),
 (425, 474, 'FO', 2, null, null, null, 'ADD'),
 (426, 475, 'CHA', 1, null, null, null, 'ADD'),
 (427, 475, 'AD', 2, null, null, null, 'ADD'),
 (428, 475, 'AT', 1, null, null, null, 'ADD'),
 (429, 475, 'PRD', 1, null, null, null, 'ADD'),
 (430, 476, 'CHA', -1, null, null, null, 'ADD'),
 (431, 476, 'AD', -1, null, null, null, 'ADD'),
 (432, 477, 'AD', -1, null, null, null, 'ADD'),
 (433, 478, 'CHA', 1, null, null, null, 'ADD'),
 (434, 479, 'CHA', 1, null, null, null, 'ADD'),
 (435, 479, 'FO', 1, null, null, null, 'ADD'),
 (455, 490, 'AD', -1, null, null, null, 'ADD'),
 (456, 490, 'CHA', 1, null, 3, null, 'ADD'),
 (457, 491, 'AD', -1, null, null, null, 'ADD'),
 (458, 492, 'AD', -2, null, null, null, 'ADD'),
 (459, 493, 'CHA', 1, null, null, null, 'ADD'),
 (460, 493, 'COU', 1, null, null, null, 'ADD'),
 (461, 494, 'CHA', 1, null, null, null, 'ADD'),
 (462, 494, 'COU', 1, null, null, null, 'ADD'),
 (463, 494, 'AD', 1, null, null, null, 'ADD'),
 (464, 495, 'CHA', 2, null, null, null, 'ADD'),
 (465, 495, 'AD', 1, null, null, null, 'ADD'),
 (466, 496, 'CHA', 3, null, null, null, 'ADD'),
 (467, 496, 'AD', 2, null, null, null, 'ADD'),
 (468, 496, 'AT', 1, null, null, null, 'ADD'),
 (469, 496, 'PRD', 1, null, null, null, 'ADD'),
 (470, 499, 'CHA', -1, null, null, null, 'ADD'),
 (471, 499, 'AD', -1, null, null, null, 'ADD'),
 (472, 499, 'COU', 1, null, null, null, 'ADD'),
 (473, 500, 'AD', -1, null, null, null, 'ADD'),
 (474, 500, 'COU', 1, null, null, null, 'ADD'),
 (475, 501, 'COU', 1, null, null, null, 'ADD'),
 (476, 502, 'COU', 1, null, null, null, 'ADD'),
 (477, 502, 'CHA', 1, null, null, null, 'ADD'),
 (478, 503, 'COU', 1, null, null, null, 'ADD'),
 (479, 503, 'CHA', 1, null, null, null, 'ADD'),
 (480, 504, 'CHA', 2, null, null, null, 'ADD'),
 (481, 504, 'COU', 2, null, null, null, 'ADD'),
 (511, 520, 'AD', -2, null, null, null, 'ADD'),
 (512, 520, 'COU', 3, null, null, null, 'ADD'),
 (513, 520, 'CHA', 3, null, null, 'AFFECT_ONLY_PRODIGE', 'ADD'),
 (517, 522, 'CHA', 4, null, null, null, 'ADD'),
 (518, 522, 'AT', 2, null, null, null, 'ADD'),
 (519, 522, 'PRD', 2, null, null, null, 'ADD'),
 (520, 522, 'COU', 4, null, null, null, 'ADD'),
 (521, 523, 'AD', -2, null, null, null, 'ADD'),
 (522, 523, 'CHA', -2, null, null, null, 'ADD'),
 (523, 523, 'COU', 1, null, null, null, 'ADD'),
 (524, 524, 'AD', -3, null, null, null, 'ADD'),
 (525, 524, 'MV', -25, null, null, null, 'ADD'),
 (526, 524, 'CHA', -2, null, null, null, 'ADD'),
 (527, 524, 'COU', 2, null, null, null, 'ADD'),
 (528, 525, 'AD', -2, null, null, null, 'ADD'),
 (529, 525, 'CHA', -2, null, null, null, 'ADD'),
 (530, 525, 'MV', -25, null, null, null, 'ADD'),
 (531, 525, 'COU', 2, null, null, null, 'ADD'),
 (532, 526, 'MV', -25, null, null, null, 'ADD'),
 (533, 526, 'AD', -3, null, null, null, 'ADD'),
 (534, 526, 'COU', 2, null, null, null, 'ADD'),
 (535, 526, 'CHA', 1, null, null, null, 'ADD'),
 (536, 527, 'MV', -25, null, null, null, 'ADD'),
 (537, 527, 'AD', -2, null, null, null, 'ADD'),
 (538, 527, 'COU', 2, null, null, null, 'ADD'),
 (539, 527, 'CHA', 2, null, null, null, 'ADD'),
 (540, 528, 'MV', -25, null, null, null, 'ADD'),
 (541, 528, 'AD', -2, null, null, null, 'ADD'),
 (542, 528, 'CHA', 2, null, null, null, 'ADD'),
 (543, 528, 'COU', 3, null, null, null, 'ADD'),
 (544, 529, 'MV', -25, null, null, null, 'ADD'),
 (545, 529, 'COU', 3, null, null, null, 'ADD'),
 (546, 529, 'CHA', 3, null, null, null, 'ADD'),
 (547, 530, 'AD', -1, null, null, null, 'ADD'),
 (548, 530, 'COU', 4, null, null, null, 'ADD'),
 (549, 530, 'CHA', 2, null, null, null, 'ADD'),
 (550, 530, 'FO', 1, null, null, null, 'ADD'),
 (551, 531, 'MV', -25, null, null, null, 'ADD'),
 (552, 531, 'COU', 4, null, null, null, 'ADD'),
 (553, 531, 'CHA', 3, null, null, null, 'ADD'),
 (554, 532, 'CHA', -1, null, null, null, 'ADD'),
 (555, 532, 'COU', 1, null, null, null, 'ADD'),
 (556, 532, 'AT', 1, null, null, null, 'ADD'),
 (557, 532, 'PRD', 1, null, null, null, 'ADD'),
 (558, 532, 'FO', 2, null, null, null, 'ADD'),
 (559, 533, 'RESM', 3, null, null, null, 'ADD'),
 (560, 533, 'PRD', 2, null, null, null, 'ADD'),
 (561, 534, 'CHA', 3, null, null, null, 'ADD'),
 (562, 534, 'AD', 4, null, null, 'AFFECT_DISCRETION', 'ADD'),
 (563, 535, 'CHA', 2, null, null, null, 'ADD'),
 (564, 535, 'AT', 2, null, null, null, 'ADD'),
 (565, 535, 'AD', 1, null, null, null, 'ADD'),
 (566, 536, 'MV', 100, null, null, null, 'ADD'),
 (567, 538, 'COU', 2, null, null, null, 'ADD'),
 (568, 538, 'CHA', 4, null, null, 'AFFECT_ONLY_PRODIGE', 'ADD'),
 (569, 539, 'CHA', 4, null, null, 'AFFECT_ONLY_PRODIGE', 'ADD'),
 (570, 540, 'AD', -1, null, null, null, 'ADD'),
 (571, 540, 'AT', -2, null, null, null, 'ADD'),
 (572, 540, 'PRD', 1, null, null, null, 'ADD'),
 (573, 541, 'AD', -2, null, null, null, 'ADD'),
 (574, 541, 'AT', -3, null, null, null, 'ADD'),
 (575, 541, 'MV', -20, null, null, null, 'ADD'),
 (576, 541, 'PRD', 2, null, null, null, 'ADD'),
 (577, 542, 'AT', -1, null, null, null, 'ADD'),
 (578, 542, 'PRD', 2, null, null, null, 'ADD'),
 (579, 542, 'CHA', 1, null, null, null, 'ADD'),
 (580, 543, 'AD', -1, null, null, null, 'ADD'),
 (581, 543, 'AT', -2, null, null, null, 'ADD'),
 (582, 543, 'PRD', 3, null, null, null, 'ADD'),
 (583, 543, 'CHA', 2, null, null, null, 'ADD'),
 (584, 544, 'AT', -1, null, null, null, 'ADD'),
 (585, 544, 'PRD', 3, null, null, null, 'ADD'),
 (586, 544, 'CHA', 2, null, null, null, 'ADD'),
 (587, 545, 'AD', -1, null, null, null, 'ADD'),
 (588, 545, 'CHA', -1, null, null, null, 'ADD'),
 (589, 545, 'FO', 2, null, null, null, 'ADD'),
 (590, 545, 'AT', 1, null, null, null, 'ADD'),
 (591, 545, 'PRD', 1, null, null, null, 'ADD'),
 (671, 72, 'PRD', -1, null, null, null, 'ADD'),
 (672, 72, 'AT', 2, null, 3, null, 'ADD'),
 (673, 72, 'COU', 1, null, 3, null, 'ADD'),
 (674, 72, 'PRD', 1, null, 3, null, 'ADD'),
 (675, 45, 'PRD', -1, null, null, null, 'ADD'),
 (676, 45, 'PRD', 1, null, 3, null, 'ADD'),
 (677, 45, 'AT', 2, null, 3, null, 'ADD'),
 (678, 45, 'COU', 1, null, 3, null, 'ADD'),
 (679, 73, 'PRD', -1, null, null, null, 'ADD'),
 (680, 73, 'AT', 2, null, 3, null, 'ADD'),
 (681, 73, 'PRD', 2, null, 3, null, 'ADD'),
 (682, 73, 'COU', 1, null, 3, null, 'ADD'),
 (683, 73, 'PRD', 1, null, 3, null, 'ADD'),
 (687, 517, 'AD', -5, null, null, null, 'ADD'),
 (688, 517, 'CHA', -4, null, null, null, 'ADD'),
 (689, 517, 'AT', -1, null, null, null, 'ADD'),
 (690, 517, 'PRD', -1, null, null, null, 'ADD'),
 (691, 517, 'MV', -50, null, null, null, 'ADD'),
 (692, 518, 'AD', -4, null, null, null, 'ADD'),
 (693, 518, 'CHA', -3, null, null, null, 'ADD'),
 (694, 518, 'COU', 1, null, null, null, 'ADD'),
 (695, 518, 'MV', -50, null, null, null, 'ADD'),
 (712, 519, 'AD', -3, null, null, null, 'ADD'),
 (713, 519, 'COU', 1, null, null, null, 'ADD'),
 (714, 519, 'CHA', 1, null, null, 'AFFECT_ONLY_PRODIGE', 'ADD'),
 (715, 519, 'MV', -50, null, null, null, 'ADD'),
 (863, 879, 'CHA', -1, null, null, null, 'ADD'),
 (864, 880, 'CHA', -1, null, null, null, 'ADD'),
 (865, 880, 'AD', -1, null, null, null, 'ADD'),
 (866, 882, 'AD', -1, null, null, null, 'ADD'),
 (867, 882, 'CHA', 1, null, null, null, 'ADD'),
 (868, 883, 'CHA', 1, null, null, null, 'ADD'),
 (869, 884, 'CHA', 1, null, null, null, 'ADD'),
 (870, 885, 'CHA', 2, null, null, null, 'ADD'),
 (874, 888, 'CHA', 4, null, null, null, 'ADD'),
 (875, 889, 'RESM', 1, null, null, null, 'ADD'),
 (881, 894, 'AD', -1, null, null, null, 'ADD'),
 (882, 894, 'CHA', 1, null, null, null, 'ADD'),
 (883, 892, 'CHA', 2, null, null, null, 'ADD'),
 (884, 896, 'CHA', 2, null, null, null, 'ADD'),
 (885, 897, 'PRD', 2, null, null, 'AFFECT_ONLY_MELEE', 'ADD'),
 (886, 900, 'RESM', 2, null, null, null, 'ADD'),
 (887, 901, 'RESM', 2, null, null, null, 'ADD'),
 (896, 906, 'CHA', -3, null, null, 'DONT_AFFECT_MAGIEPSY', 'ADD'),
 (897, 905, 'RESM', 2, null, null, null, 'ADD'),
 (898, 905, 'CHA', 2, null, null, null, 'ADD'),
 (899, 904, 'RESM', 3, null, null, null, 'ADD'),
 (900, 904, 'COU', 2, null, null, null, 'ADD'),
 (901, 903, 'RESM', 4, null, null, null, 'ADD'),
 (902, 903, 'COU', 3, null, null, null, 'ADD'),
 (903, 907, 'RESM', 5, null, null, null, 'ADD'),
 (904, 907, 'COU', 2, null, null, null, 'ADD'),
 (905, 907, 'CHA', 2, null, null, null, 'ADD'),
 (914, 911, 'CHA', -2, null, null, 'DONT_AFFECT_MAGIEPSY', 'ADD'),
 (915, 911, 'RESM', 3, null, null, null, 'ADD'),
 (916, 911, 'PRD', 2, null, null, null, 'ADD'),
 (917, 912, 'AT', 2, null, null, null, 'ADD'),
 (918, 912, 'PRD', 2, null, null, null, 'ADD'),
 (919, 913, 'MV', 100, null, null, null, 'ADD'),
 (922, 916, 'RESM', 6, null, null, null, 'ADD'),
 (923, 916, 'COU', 6, null, null, null, 'ADD'),
 (924, 916, 'CHA', 3, null, null, null, 'ADD'),
 (932, 936, 'COU', 1, null, null, null, 'ADD'),
 (933, 937, 'COU', 1, null, null, null, 'ADD'),
 (935, 939, 'AT', 1, null, null, null, 'ADD'),
 (936, 940, 'COU', 1, null, null, null, 'ADD'),
 (937, 940, 'CHA', 1, null, null, null, 'ADD'),
 (938, 941, 'AT', 1, null, null, null, 'ADD'),
 (939, 941, 'PRD', 1, null, null, null, 'ADD'),
 (940, 942, 'COU', 2, null, null, null, 'ADD'),
 (941, 942, 'CHA', 2, null, null, null, 'ADD'),
 (951, 947, 'PRD', -1, null, null, null, 'ADD'),
 (952, 948, 'RESM', 2, null, null, null, 'ADD'),
 (953, 948, 'CHA', 1, null, null, null, 'ADD'),
 (954, 949, 'COU', 1, null, null, null, 'ADD'),
 (956, 951, 'CHA', 2, null, null, null, 'ADD'),
 (957, 954, 'CHA', 2, null, null, null, 'ADD'),
 (958, 954, 'RESM', 2, null, null, null, 'ADD'),
 (964, 956, 'COU', 2, null, null, null, 'ADD'),
 (965, 956, 'CHA', 2, null, null, null, 'ADD'),
 (966, 956, 'AT', 2, null, null, null, 'ADD'),
 (967, 956, 'PRD', 2, null, null, null, 'ADD'),
 (968, 30, 'COU', 3, null, null, null, 'ADD'),
 (969, 30, 'AT', 1, null, null, null, 'ADD'),
 (970, 30, 'PRD', 1, null, null, null, 'ADD'),
 (971, 38, 'AT', -1, null, null, null, 'ADD'),
 (972, 38, 'PRD', -1, null, null, null, 'ADD'),
 (973, 38, 'COU', 4, null, null, null, 'ADD'),
 (974, 51, 'AT', 1, null, null, null, 'ADD'),
 (975, 51, 'PRD', 1, null, null, null, 'ADD'),
 (976, 51, 'COU', 3, null, null, null, 'ADD'),
 (977, 57, 'AD', 3, null, null, 'AFFECT_ONLY_THROW', 'ADD'),
 (978, 57, 'COU', 2, null, null, null, 'ADD'),
 (979, 68, 'CHA', -2, null, null, null, 'ADD'),
 (980, 68, 'COU', 4, null, null, null, 'ADD'),
 (981, 79, 'PRD', -1, null, null, null, 'ADD'),
 (982, 79, 'PRD', 1, null, 3, null, 'ADD'),
 (983, 79, 'COU', 3, null, null, null, 'ADD'),
 (984, 80, 'AT', 1, null, null, null, 'ADD'),
 (985, 80, 'PRD', 1, null, null, null, 'ADD'),
 (986, 80, 'COU', 3, null, null, null, 'ADD'),
 (987, 89, 'AT', -1, null, null, null, 'ADD'),
 (988, 89, 'PRD', -1, null, null, null, 'ADD'),
 (989, 89, 'COU', 2, null, null, null, 'ADD'),
 (990, 89, 'CHA', 2, null, null, null, 'ADD'),
 (991, 96, 'CHA', 1, null, null, null, 'ADD'),
 (992, 96, 'PRD', 2, null, null, null, 'ADD'),
 (993, 146, 'AD', 1, null, null, null, 'ADD'),
 (996, 149, 'CHA', -2, null, null, null, 'ADD'),
 (997, 149, 'COU', 4, null, null, null, 'ADD'),
 (1004, 521, 'COU', 4, null, null, null, 'ADD'),
 (1005, 521, 'CHA', 3, null, null, null, 'ADD'),
 (1006, 521, 'FO', 1, null, null, null, 'ADD'),
 (1007, 909, 'RESM', 3, null, null, null, 'ADD'),
 (1008, 909, 'PRD', 1, null, null, null, 'ADD'),
 (1009, 909, 'CHA', 2, null, null, null, 'ADD'),
 (1010, 910, 'RESM', 4, null, null, null, 'ADD'),
 (1011, 910, 'CHA', 2, null, null, null, 'ADD'),
 (1012, 914, 'RESM', 5, null, null, null, 'ADD'),
 (1013, 914, 'CHA', 3, null, null, null, 'ADD'),
 (1018, 886, 'CHA', 3, null, null, null, 'ADD'),
 (1019, 887, 'AD', -1, null, null, null, 'ADD'),
 (1020, 887, 'CHA', 3, null, null, null, 'ADD'),
 (1042, 184, 'CRIT-MAG', 1, null, null, null, 'ADD'),
 (1043, 234, 'CRIT-AT', 1, null, null, null, 'ADD'),
 (1044, 955, 'CHA', 1, null, null, null, 'ADD'),
 (1045, 955, 'CRIT-PROD', 1, null, null, null, 'ADD'),
 (1046, 902, 'RESM', 2, null, null, null, 'ADD'),
 (1047, 902, 'COU', 2, null, null, null, 'ADD'),
 (1049, 978, 'CHA', 1, null, null, 'DONT_AFFECT_MAGIEPSY', 'ADD'),
 (1050, 977, 'CHA', -1, null, null, 'DONT_AFFECT_MAGIEPSY', 'ADD'),
 (1051, 979, 'CHA', -1, null, null, 'DONT_AFFECT_MAGIEPSY', 'ADD'),
 (1052, 979, 'AD', -1, null, null, null, 'ADD'),
 (1055, 981, 'CHA', 2, null, null, 'DONT_AFFECT_MAGIEPSY', 'ADD'),
 (1056, 980, 'AD', -1, null, null, null, 'ADD'),
 (1057, 980, 'CHA', 1, null, null, 'DONT_AFFECT_MAGIEPSY', 'ADD'),
 (1059, 984, 'CHA', 1, null, null, 'DONT_AFFECT_MAGIEPSY', 'ADD'),
 (1060, 985, 'CHA', 2, null, null, 'DONT_AFFECT_MAGIEPSY', 'ADD'),
 (1061, 986, 'CHA', 3, null, null, 'DONT_AFFECT_MAGIEPSY', 'ADD'),
 (1062, 987, 'AD', -1, null, null, null, 'ADD'),
 (1063, 987, 'CHA', 3, null, null, 'DONT_AFFECT_MAGIEPSY', 'ADD'),
 (1065, 988, 'CHA', 4, null, null, 'DONT_AFFECT_MAGIEPSY', 'ADD'),
 (1066, 989, 'RESM', 1, null, null, null, 'ADD'),
 (1069, 994, 'AD', -1, null, null, null, 'ADD'),
 (1070, 994, 'CHA', 1, null, null, null, 'ADD'),
 (1071, 996, 'CHA', 2, null, null, null, 'ADD'),
 (1072, 997, 'PRD', 2, null, null, 'AFFECT_ONLY_MELEE_STAFF', 'ADD'),
 (1092, 1011, 'RESM', 2, null, null, null, 'ADD'),
 (1093, 1012, 'RESM', 2, null, null, null, 'ADD'),
 (1098, 1015, 'RESM', 3, null, null, null, 'ADD'),
 (1099, 1015, 'COU', 2, null, null, null, 'ADD'),
 (1104, 1014, 'RESM', 4, null, null, null, 'ADD'),
 (1105, 1014, 'COU', 3, null, null, null, 'ADD'),
 (1108, 1017, 'CHA', -3, null, null, null, 'ADD'),
 (1109, 1018, 'RESM', 5, null, null, null, 'ADD'),
 (1110, 1018, 'COU', 4, null, null, null, 'ADD'),
 (1111, 1020, 'RESM', 3, null, null, null, 'ADD'),
 (1112, 1020, 'PRD', 1, null, null, null, 'ADD'),
 (1118, 1022, 'CHA', -2, null, null, 'DONT_AFFECT_MAGIEPSY', 'ADD'),
 (1119, 1022, 'RESM', 3, null, null, null, 'ADD'),
 (1120, 1022, 'PRD', 2, null, null, null, 'ADD'),
 (1121, 1023, 'AT', 2, null, null, null, 'ADD'),
 (1122, 1023, 'PRD', 2, null, null, null, 'ADD'),
 (1123, 1024, 'MV', 100, null, null, null, 'ADD'),
 (1124, 1027, 'RESM', 10, null, null, null, 'ADD'),
 (1125, 1027, 'COU', 10, null, null, null, 'ADD'),
 (1126, 1048, 'CHA', -1, null, null, null, 'ADD'),
 (1127, 1048, 'COU', -1, null, null, null, 'ADD'),
 (1128, 1049, 'COU', 1, null, null, null, 'ADD'),
 (1130, 1051, 'COU', 1, null, null, null, 'ADD'),
 (1131, 1053, 'COU', 1, null, null, null, 'ADD'),
 (1133, 1055, 'AT', 1, null, null, null, 'ADD'),
 (1134, 1056, 'COU', 1, null, null, null, 'ADD'),
 (1135, 1056, 'CHA', 1, null, null, null, 'ADD'),
 (1136, 1058, 'AT', 1, null, null, null, 'ADD'),
 (1137, 1058, 'PRD', 1, null, null, null, 'ADD'),
 (1138, 1059, 'COU', 2, null, null, null, 'ADD'),
 (1139, 1059, 'CHA', 2, null, null, null, 'ADD'),
 (1140, 1060, 'AT', 1, null, null, null, 'ADD'),
 (1141, 1060, 'PRD', 1, null, null, null, 'ADD'),
 (1142, 1060, 'COU', 1, null, null, null, 'ADD'),
 (1143, 1061, 'PRD', 3, null, null, null, 'ADD'),
 (1144, 1061, 'COU', 2, null, null, null, 'ADD'),
 (1146, 1063, 'COU', 3, null, null, null, 'ADD'),
 (1147, 1063, 'AT', 1, null, null, null, 'ADD'),
 (1148, 1063, 'PRD', 1, null, null, null, 'ADD'),
 (1149, 1064, 'COU', 2, null, null, null, 'ADD'),
 (1150, 1064, 'CHA', 2, null, null, null, 'ADD'),
 (1151, 1064, 'AT', 2, null, null, null, 'ADD'),
 (1152, 1064, 'PRD', 2, null, null, null, 'ADD'),
 (1154, 1065, 'CHA', -1, null, null, null, 'ADD'),
 (1155, 1066, 'CHA', -1, null, null, null, 'ADD'),
 (1156, 1067, 'PRD', 2, null, null, null, 'ADD'),
 (1157, 1071, 'RESM', 2, null, null, null, 'ADD'),
 (1158, 1071, 'CHA', 1, null, null, null, 'ADD'),
 (1159, 1073, 'COU', 1, null, null, null, 'ADD'),
 (1160, 1075, 'COU', 1, null, null, null, 'ADD'),
 (1161, 1077, 'PRD', 1, null, null, null, 'ADD'),
 (1162, 1077, 'COU', 1, null, null, null, 'ADD'),
 (1163, 1078, 'CHA', 3, null, null, null, 'ADD'),
 (1164, 1086, 'INT', 1, null, null, null, 'ADD'),
 (1165, 1087, 'RESM', 2, null, null, null, 'ADD'),
 (1166, 1089, 'CHA', -1, null, null, null, 'ADD'),
 (1167, 1090, 'PRD', 2, null, null, null, 'ADD'),
 (1168, 1090, 'COU', 1, null, null, null, 'ADD'),
 (1169, 1091, 'CRIT-MAG', 1, null, null, null, 'ADD'),
 (1170, 1092, 'CHA', 3, null, null, null, 'ADD'),
 (1171, 1092, 'RESM', 2, null, null, null, 'ADD'),
 (1172, 1095, 'COU', 2, null, null, null, 'ADD'),
 (1173, 1096, 'CHA', 1, null, null, null, 'ADD'),
 (1174, 1096, 'COU', 1, null, null, null, 'ADD'),
 (1175, 1099, 'COU', 3, null, null, null, 'ADD'),
 (1176, 1102, 'COU', 3, null, null, null, 'ADD'),
 (1177, 1103, 'CHA', 2, null, null, null, 'ADD'),
 (1178, 1103, 'COU', 3, null, null, null, 'ADD'),
 (1181, 1105, 'AT', 3, null, null, null, 'ADD'),
 (1182, 1105, 'PRD', 3, null, null, null, 'ADD'),
 (1183, 1104, 'CHA', -3, null, null, 'DONT_AFFECT_MAGIEPSY', 'ADD'),
 (1184, 1104, 'INT', 4, null, null, null, 'ADD'),
 (1185, 242, 'CHA', -1, null, null, null, 'ADD'),
 (1186, 222, 'PR', 4, null, null, 'AFFECT_PR_FOR_ELEMENTS', 'ADD'),
 (1198, 143, 'PRD', -4, null, null, null, 'ADD'),
 (1199, 144, 'PRD', -4, null, null, null, 'ADD'),
 (1200, 145, 'PRD', -4, null, null, null, 'ADD'),
 (1201, 134, 'AD', 1, null, null, 'AFFECT_ONLY_THROW', 'ADD'),
 (1202, 134, 'CHA', 1, null, null, null, 'ADD'),
 (1203, 134, 'COU', 1, null, null, null, 'ADD'),
 (1206, 152, 'COU', 3, null, null, null, 'ADD'),
 (1207, 153, 'CHA', -2, null, null, null, 'ADD'),
 (1208, 943, 'AT', 3, null, null, null, 'ADD'),
 (1209, 943, 'COU', 2, null, null, null, 'ADD'),
 (1210, 944, 'AT', 2, null, null, null, 'ADD'),
 (1211, 944, 'CHA', 2, null, null, null, 'ADD'),
 (1212, 945, 'COU', 3, null, null, null, 'ADD'),
 (1213, 945, 'AT', 1, null, null, null, 'ADD'),
 (1214, 945, 'PRD', 1, null, null, null, 'ADD'),
 (1215, 945, 'CHA', 1, null, null, null, 'ADD'),
 (1216, 1062, 'AT', 2, null, null, null, 'ADD'),
 (1276, 3, 'PRD', -2, null, null, null, 'ADD'),
 (1277, 3, 'CHA', -1, null, null, null, 'ADD'),
 (1289, 878, 'CHA', 2, null, null, null, 'ADD'),
 (1290, 878, 'COU', 2, null, null, null, 'ADD'),
 (1291, 878, 'CRIT', 2, null, null, null, 'ADD'),
 (1292, 4, 'AT', -3, null, null, null, 'ADD'),
 (1293, 4, 'PRD', -3, null, null, null, 'ADD'),
 (1294, 4, 'CHA', -2, null, null, null, 'ADD'),
 (1295, 5, 'PRD', -1, null, null, null, 'ADD'),
 (1296, 6, 'AT', -3, null, null, null, 'ADD'),
 (1297, 6, 'PRD', -3, null, null, null, 'ADD'),
 (1298, 6, 'CHA', -1, null, null, null, 'ADD'),
 (1299, 7, 'AT', -2, null, null, null, 'ADD'),
 (1300, 7, 'PRD', -2, null, null, null, 'ADD'),
 (1301, 7, 'CHA', -1, null, null, null, 'ADD'),
 (1302, 8, 'AT', -1, null, null, null, 'ADD'),
 (1303, 8, 'PRD', -1, null, null, null, 'ADD'),
 (1304, 32, 'AT', -3, null, null, null, 'ADD'),
 (1305, 32, 'PRD', -4, null, null, null, 'ADD'),
 (1306, 480, 'CHA', -1, null, null, null, 'ADD'),
 (1307, 480, 'AD', -1, null, null, null, 'ADD'),
 (1308, 480, 'MV', -20, null, null, null, 'ADD'),
 (1309, 481, 'AD', -2, null, null, null, 'ADD'),
 (1310, 482, 'AD', -1, null, null, null, 'ADD'),
 (1311, 482, 'CHA', 1, null, null, null, 'ADD'),
 (1312, 482, 'COU', 1, null, null, null, 'ADD'),
 (1313, 484, 'COU', 2, null, null, null, 'ADD'),
 (1314, 485, 'CHA', -1, null, null, null, 'ADD'),
 (1315, 485, 'AD', -2, null, null, null, 'ADD'),
 (1316, 487, 'CHA', 1, null, null, null, 'ADD'),
 (1317, 487, 'COU', 1, null, null, null, 'ADD'),
 (1318, 488, 'CHA', 1, null, null, null, 'ADD'),
 (1319, 488, 'COU', 1, null, null, null, 'ADD'),
 (1320, 488, 'FO', 1, null, null, null, 'ADD'),
 (1321, 489, 'COU', 2, null, null, null, 'ADD'),
 (1322, 547, 'COU', 1, null, null, null, 'ADD'),
 (1323, 548, 'CHA', -1, null, null, null, 'ADD'),
 (1324, 548, 'AD', -1, null, null, null, 'ADD'),
 (1325, 548, 'COU', 1, null, null, null, 'ADD'),
 (1326, 564, 'AD', -1, null, null, null, 'ADD'),
 (1327, 560, 'CHA', 1, null, null, null, 'ADD'),
 (1328, 561, 'COU', 1, null, null, null, 'ADD'),
 (1329, 568, 'CHA', 1, null, null, null, 'ADD'),
 (1330, 568, 'COU', 1, null, null, null, 'ADD'),
 (1331, 558, 'CHA', -1, null, null, null, 'ADD'),
 (1332, 563, 'COU', 1, null, null, null, 'ADD'),
 (1333, 556, 'AD', -1, null, null, null, 'ADD'),
 (1334, 1125, 'FO', 1, null, null, null, 'ADD'),
 (1335, 1126, 'AD', 1, null, null, null, 'ADD'),
 (1337, 1127, 'AD', 2, null, null, 'AFFECT_ONLY_THROW', 'ADD'),
 (1338, 1129, 'INT', 1, null, null, null, 'ADD'),
 (1339, 1130, 'AT', 1, null, null, null, 'ADD'),
 (1340, 1134, 'PRD', 2, null, null, null, 'ADD'),
 (1341, 1135, 'COU', 2, null, null, null, 'ADD'),
 (1342, 1136, 'CHA', -2, null, null, null, 'ADD'),
 (1343, 1137, 'FO', 2, null, null, null, 'ADD'),
 (1344, 1138, 'CHA', 2, null, null, null, 'ADD'),
 (1345, 1139, 'RESM', 2, null, null, null, 'ADD'),
 (1346, 1140, 'CHA', -2, null, null, null, 'ADD'),
 (1347, 1141, 'CHA', 2, null, null, null, 'ADD'),
 (1348, 1141, 'COU', 1, null, null, null, 'ADD'),
 (1349, 1143, 'MV', 200, null, null, null, 'ADD'),
 (1350, 1144, 'INT', 2, null, null, null, 'ADD'),
 (1351, 1145, 'COU', 2, null, null, null, 'ADD'),
 (1352, 1145, 'FO', 2, null, null, null, 'ADD'),
 (1353, 1145, 'CHA', -3, null, null, null, 'ADD'),
 (1354, 1146, 'FO', 2, null, null, null, 'ADD'),
 (1355, 1146, 'COU', 2, null, null, null, 'ADD'),
 (1356, 1146, 'AT', 1, null, null, null, 'ADD'),
 (1357, 1146, 'PRD', 1, null, null, null, 'ADD'),
 (1358, 1147, 'AD', 3, null, null, null, 'ADD'),
 (1359, 1148, 'INT', 2, null, null, null, 'ADD'),
 (1360, 1148, 'CHA', 1, null, null, null, 'ADD'),
 (1361, 1148, 'COU', 3, null, null, null, 'ADD'),
 (1362, 1149, 'INT', 3, null, null, null, 'ADD'),
 (1363, 1149, 'CHA', 2, null, null, null, 'ADD'),
 (1364, 1149, 'COU', 3, null, null, null, 'ADD'),
 (1365, 917, 'PI', 4, null, null, null, 'ADD'),
 (1366, 918, 'PI', 5, null, null, null, 'ADD'),
 (1367, 919, 'PI', 6, null, null, null, 'ADD'),
 (1368, 920, 'PI', 7, null, null, null, 'ADD'),
 (1369, 921, 'PI', 10, null, null, null, 'ADD'),
 (1370, 737, 'COU', 1, null, null, null, 'ADD'),
 (1371, 738, 'CHA', 1, null, null, null, 'ADD'),
 (1372, 739, 'PR', 2, null, null, null, 'ADD'),
 (1373, 739, 'COU', 1, null, null, 'ONLY_IF_NOTHING_ON', 'ADD'),
 (1374, 739, 'CHA', 1, null, null, 'ONLY_IF_NOTHING_ON', 'ADD'),
 (1375, 740, 'PR', 1, null, null, null, 'ADD'),
 (1376, 741, 'FO', 1, null, null, null, 'ADD'),
 (1377, 742, 'PR', 1, null, null, null, 'ADD'),
 (1378, 743, 'MV', 20, null, null, null, 'ADD'),
 (1379, 744, 'AT', 1, null, null, null, 'ADD'),
 (1380, 745, 'RESM', 4, null, null, null, 'ADD'),
 (1381, 746, 'PR', 2, null, null, null, 'ADD'),
 (1382, 746, 'PRD', 2, null, null, null, 'ADD'),
 (1383, 747, 'COU', 2, null, null, null, 'ADD'),
 (1384, 748, 'FO', 2, null, null, null, 'ADD'),
 (1385, 749, 'RESM', 2, null, null, null, 'ADD'),
 (1386, 749, 'CHA', 3, null, null, null, 'ADD'),
 (1387, 750, 'CHA', 2, null, null, null, 'ADD'),
 (1388, 750, 'COU', 1, null, null, null, 'ADD'),
 (1389, 751, 'AT', 1, null, null, null, 'ADD'),
 (1390, 752, 'AT', 1, null, null, null, 'ADD'),
 (1391, 752, 'MV', 200, null, null, null, 'ADD'),
 (1392, 753, 'AD', 2, null, null, null, 'ADD'),
 (1393, 754, 'FO', 2, null, null, null, 'ADD'),
 (1394, 754, 'CRIT', 2, null, null, null, 'ADD'),
 (1395, 755, 'AD', 4, null, null, 'AFFECT_ONLY_THROW', 'ADD'),
 (1396, 756, 'AT', 2, null, null, null, 'ADD'),
 (1397, 756, 'PRD', 2, null, null, null, 'ADD'),
 (1398, 770, 'COU', 1, null, null, null, 'ADD'),
 (1399, 771, 'COU', 1, null, null, null, 'ADD'),
 (1403, 772, 'COU', 1, null, null, null, 'ADD'),
 (1404, 772, 'CHA', 1, null, null, 'ONLY_IF_NOTHING_ON', 'ADD'),
 (1405, 772, 'PR', 2, null, null, null, 'ADD'),
 (1406, 773, 'PR', 2, null, null, null, 'ADD'),
 (1407, 778, 'CHA', 1, null, null, null, 'ADD'),
 (1408, 779, 'COU', 2, null, null, null, 'ADD'),
 (1409, 780, 'COU', 2, null, null, null, 'ADD'),
 (1410, 780, 'CHA', 1, null, null, null, 'ADD'),
 (1411, 781, 'COU', 2, null, null, null, 'ADD'),
 (1412, 781, 'CHA', 2, null, null, null, 'ADD'),
 (1413, 782, 'FO', 1, null, null, null, 'ADD'),
 (1414, 783, 'INT', 1, null, null, null, 'ADD'),
 (1415, 784, 'FO', 2, null, null, null, 'ADD'),
 (1416, 785, 'COU', 2, null, null, 'ONLY_IF_NOTHING_ON', 'ADD'),
 (1417, 785, 'CHA', 2, null, null, 'ONLY_IF_NOTHING_ON', 'ADD'),
 (1418, 785, 'INT', 2, null, null, 'ONLY_IF_NOTHING_ON', 'ADD'),
 (1419, 786, 'COU', 1, null, null, null, 'ADD'),
 (1420, 786, 'FO', 1, null, null, null, 'ADD'),
 (1421, 787, 'COU', 2, null, null, null, 'ADD'),
 (1422, 787, 'FO', 1, null, null, null, 'ADD'),
 (1423, 791, 'COU', 1, null, null, null, 'ADD'),
 (1424, 792, 'COU', 1, null, null, null, 'ADD'),
 (1425, 793, 'COU', 1, null, null, 'ONLY_IF_NOTHING_ON', 'ADD'),
 (1426, 793, 'CHA', 1, null, null, 'ONLY_IF_NOTHING_ON', 'ADD'),
 (1427, 793, 'PR', 2, null, null, null, 'ADD'),
 (1428, 794, 'PR', 2, null, null, null, 'ADD'),
 (1429, 795, 'FO', 1, null, null, null, 'ADD'),
 (1430, 796, 'AD', 1, null, null, null, 'ADD'),
 (1431, 797, 'INT', 1, null, null, null, 'ADD'),
 (1432, 798, 'AT', 1, null, null, null, 'ADD'),
 (1433, 799, 'CHA', 2, null, null, null, 'ADD'),
 (1434, 800, 'PRD', 2, null, null, null, 'ADD'),
 (1435, 801, 'COU', 2, null, null, null, 'ADD'),
 (1436, 802, 'FO', 2, null, null, null, 'ADD'),
 (1437, 803, 'CHA', 3, null, null, null, 'ADD'),
 (1438, 803, 'RESM', 2, null, null, null, 'ADD'),
 (1439, 804, 'CHA', 2, null, null, null, 'ADD'),
 (1440, 804, 'COU', 1, null, null, null, 'ADD'),
 (1441, 806, 'MV', 200, null, null, null, 'ADD'),
 (1442, 807, 'INT', 2, null, null, null, 'ADD'),
 (1443, 808, 'FO', 2, null, null, null, 'ADD'),
 (1444, 808, 'COU', 2, null, null, null, 'ADD'),
 (1445, 808, 'AT', 1, null, null, null, 'ADD'),
 (1446, 808, 'PRD', 1, null, null, null, 'ADD'),
 (1447, 809, 'AD', 3, null, null, null, 'ADD'),
 (1448, 813, 'COU', 1, null, null, null, 'ADD'),
 (1449, 814, 'CHA', 1, null, null, null, 'ADD'),
 (1450, 815, 'CHA', 1, null, null, null, 'ADD'),
 (1451, 816, 'INT', 2, null, null, null, 'ADD'),
 (1452, 817, 'CHA', 1, null, null, 'ONLY_IF_NOTHING_ON', 'ADD'),
 (1453, 817, 'PRD', 1, null, null, 'ONLY_IF_NOTHING_ON', 'ADD'),
 (1454, 818, 'CHA', 1, null, null, null, 'ADD'),
 (1455, 818, 'INT', 1, null, null, null, 'ADD'),
 (1456, 820, 'FO', 1, null, null, null, 'ADD'),
 (1457, 821, 'PRD', 2, null, null, null, 'ADD'),
 (1458, 822, 'INT', 1, null, null, null, 'ADD'),
 (1459, 823, 'COU', 2, null, null, null, 'ADD'),
 (1460, 824, 'FO', 2, null, null, null, 'ADD'),
 (1461, 824, 'CHA', 1, null, null, null, 'ADD'),
 (1462, 825, 'FO', 2, null, null, null, 'ADD'),
 (1463, 826, 'CHA', 2, null, null, null, 'ADD'),
 (1464, 826, 'RESM', 1, null, null, null, 'ADD'),
 (1465, 827, 'CHA', 2, null, null, null, 'ADD'),
 (1466, 827, 'RESM', 1, null, null, null, 'ADD'),
 (1467, 828, 'COU', 2, null, null, null, 'ADD'),
 (1468, 828, 'AD', 2, null, null, null, 'ADD'),
 (1469, 829, 'INT', 2, null, null, null, 'ADD'),
 (1470, 829, 'PRD', 1, null, null, null, 'ADD'),
 (1471, 830, 'AD', 3, null, null, null, 'ADD'),
 (1472, 831, 'FO', 2, null, null, null, 'ADD'),
 (1473, 832, 'CHA', 2, null, null, null, 'ADD'),
 (1474, 832, 'COU', 2, null, null, null, 'ADD'),
 (1475, 832, 'AT', 1, null, null, null, 'ADD'),
 (1476, 832, 'PRD', 1, null, null, null, 'ADD'),
 (1477, 836, 'COU', 1, null, null, null, 'ADD'),
 (1478, 837, 'CHA', 1, null, null, null, 'ADD'),
 (1479, 838, 'CHA', 1, null, null, null, 'ADD'),
 (1480, 840, 'CHA', 1, null, null, null, 'ADD'),
 (1481, 840, 'PRD', 1, null, null, null, 'ADD'),
 (1482, 841, 'CHA', 1, null, null, null, 'ADD'),
 (1483, 841, 'INT', 1, null, null, null, 'ADD'),
 (1484, 843, 'PRD', 2, null, null, null, 'ADD'),
 (1485, 844, 'PRD', 2, null, null, null, 'ADD'),
 (1486, 844, 'CHA', 1, null, null, null, 'ADD'),
 (1487, 845, 'CHA', 1, null, null, null, 'ADD'),
 (1488, 846, 'COU', 2, null, null, null, 'ADD'),
 (1489, 847, 'FO', 1, null, null, null, 'ADD'),
 (1490, 847, 'COU', 1, null, null, null, 'ADD'),
 (1491, 848, 'FO', 2, null, null, null, 'ADD'),
 (1492, 848, 'COU', 1, null, null, null, 'ADD'),
 (1493, 849, 'COU', 2, null, null, null, 'ADD'),
 (1494, 849, 'RESM', 1, null, null, null, 'ADD'),
 (1495, 850, 'COU', 2, null, null, null, 'ADD'),
 (1496, 850, 'RESM', 1, null, null, null, 'ADD'),
 (1497, 850, 'FO', 1, null, null, null, 'ADD'),
 (1498, 851, 'COU', 2, null, null, null, 'ADD'),
 (1499, 851, 'RESM', 2, null, null, null, 'ADD'),
 (1500, 851, 'CHA', 2, null, null, null, 'ADD'),
 (1501, 852, 'INT', 2, null, null, null, 'ADD'),
 (1502, 852, 'PRD', 1, null, null, null, 'ADD'),
 (1503, 853, 'AD', 1, null, null, null, 'ADD'),
 (1504, 853, 'CHA', 1, null, null, null, 'ADD'),
 (1505, 853, 'FO', 1, null, null, null, 'ADD'),
 (1506, 854, 'FO', 2, null, null, null, 'ADD'),
 (1507, 855, 'CHA', 2, null, null, null, 'ADD'),
 (1508, 855, 'COU', 2, null, null, null, 'ADD'),
 (1509, 855, 'AT', 1, null, null, null, 'ADD'),
 (1510, 855, 'PRD', 1, null, null, null, 'ADD'),
 (1511, 859, 'COU', 1, null, null, null, 'ADD'),
 (1512, 860, 'CHA', 1, null, null, null, 'ADD'),
 (1513, 861, 'CHA', 1, null, null, null, 'ADD'),
 (1514, 863, 'CHA', 1, null, null, null, 'ADD'),
 (1515, 863, 'PRD', 1, null, null, null, 'ADD'),
 (1516, 864, 'AT', 1, null, null, null, 'ADD'),
 (1517, 864, 'COU', 1, null, null, null, 'ADD'),
 (1518, 866, 'PRD', 1, null, null, null, 'ADD'),
 (1519, 867, 'EA', 5, null, null, null, 'ADD'),
 (1520, 868, 'CHA', 1, null, null, null, 'ADD'),
 (1521, 869, 'COU', 2, null, null, null, 'ADD'),
 (1522, 870, 'COU', 1, null, null, null, 'ADD'),
 (1523, 870, 'CRIT', 1, null, null, null, 'ADD'),
 (1524, 871, 'FO', 2, null, null, null, 'ADD'),
 (1525, 871, 'COU', 1, null, null, null, 'ADD'),
 (1526, 872, 'COU', 2, null, null, null, 'ADD'),
 (1527, 872, 'RESM', 2, null, null, null, 'ADD'),
 (1528, 873, 'COU', 2, null, null, null, 'ADD'),
 (1529, 873, 'FO', 1, null, null, null, 'ADD'),
 (1530, 873, 'EA', 5, null, null, null, 'ADD'),
 (1531, 874, 'COU', 2, null, null, null, 'ADD'),
 (1532, 874, 'RESM', 2, null, null, null, 'ADD'),
 (1533, 875, 'AD', -1, null, null, null, 'ADD'),
 (1534, 875, 'AT', -1, null, null, null, 'ADD'),
 (1535, 875, 'PRD', 2, null, null, null, 'ADD'),
 (1536, 876, 'AD', -1, null, null, null, 'ADD'),
 (1537, 876, 'PRD', -1, null, null, null, 'ADD'),
 (1538, 876, 'AT', 2, null, null, null, 'ADD'),
 (1539, 876, 'COU', 2, null, null, null, 'ADD'),
 (1540, 876, 'RESM', 2, null, null, null, 'ADD'),
 (1541, 876, 'CRIT', 1, null, null, null, 'ADD'),
 (1542, 877, 'FO', 2, null, null, null, 'ADD'),
 (1547, 1021, 'RESM', 4, null, null, null, 'ADD'),
 (1548, 1021, 'CHA', 2, null, null, null, 'ADD'),
 (1549, 992, 'CHA', 2, null, null, null, 'ADD'),
 (1550, 1016, 'RESM', 2, null, null, null, 'ADD'),
 (1551, 1016, 'CHA', 2, null, null, null, 'ADD'),
 (1552, 1013, 'RESM', 2, null, null, null, 'ADD'),
 (1553, 1013, 'CHA', 2, null, null, null, 'ADD'),
 (1554, 510, 'AD', -1, null, null, null, 'ADD'),
 (1555, 510, 'CHA', -1, null, null, null, 'ADD'),
 (1556, 512, 'AD', -1, null, null, null, 'ADD'),
 (1557, 514, 'CHA', 1, null, null, null, 'ADD'),
 (1558, 515, 'AD', -1, null, null, null, 'ADD'),
 (1559, 515, 'CHA', 1, null, null, null, 'ADD'),
 (1560, 515, 'COU', 1, null, null, null, 'ADD'),
 (1561, 515, 'FO', 1, null, null, null, 'ADD'),
 (1562, 516, 'CHA', -2, null, null, null, 'ADD'),
 (1563, 516, 'CHA', 4, null, 4, null, 'ADD'),
 (1564, 516, 'CHA', 4, null, 5, null, 'ADD'),
 (1565, 516, 'CHA', 4, null, 6, null, 'ADD'),
 (1566, 516, 'CHA', 4, null, 7, null, 'ADD'),
 (1567, 516, 'AD', 4, null, null, 'AFFECT_ONLY_DANSE', 'ADD'),
 (1568, 557, 'AD', -1, null, null, null, 'ADD'),
 (1569, 506, 'AD', -1, null, null, null, 'ADD'),
 (1570, 507, 'AD', -1, null, null, null, 'ADD'),
 (1571, 508, 'AD', 1, null, null, null, 'ADD'),
 (1572, 509, 'COU', 1, null, null, null, 'ADD'),
 (1573, 509, 'AT', 1, null, null, null, 'ADD'),
 (1580, 655, 'CHA', 1, null, null, 'DONT_AFFECT_MAGIEPSY,ONLY_IF_NOTHING_ON', 'ADD'),
 (1581, 656, 'AD', 1, null, null, 'AFFECT_DISCRETION', 'ADD'),
 (1582, 657, 'CHA', -1, null, null, 'DONT_AFFECT_MAGIEPSY,ONLY_IF_NOTHING_ON', 'ADD'),
 (1583, 660, 'AD', 1, null, null, null, 'ADD'),
 (1584, 668, 'AD', 1, null, null, 'AFFECT_DISCRETION', 'ADD'),
 (1585, 669, 'CHA', 1, null, null, 'DONT_AFFECT_MAGIEPSY,ONLY_IF_NOTHING_ON', 'ADD'),
 (1586, 670, 'CHA', 2, null, null, 'DONT_AFFECT_MAGIEPSY,ONLY_IF_NOTHING_ON', 'ADD'),
 (1587, 671, 'CHA', 1, null, null, 'DONT_AFFECT_MAGIEPSY,ONLY_IF_NOTHING_ON', 'ADD'),
 (1588, 645, 'CHA', -1, null, null, 'DONT_AFFECT_MAGIEPSY,ONLY_IF_NOTHING_ON', 'ADD'),
 (1589, 646, 'CHA', -1, null, null, 'DONT_AFFECT_MAGIEPSY,ONLY_IF_NOTHING_ON', 'ADD'),
 (1590, 648, 'AD', 1, null, null, 'AFFECT_DISCRETION', 'ADD'),
 (1591, 649, 'CHA', 1, null, null, 'DONT_AFFECT_MAGIEPSY,ONLY_IF_NOTHING_ON', 'ADD'),
 (1592, 652, 'CHA', -1, null, null, 'DONT_AFFECT_MAGIEPSY,ONLY_IF_NOTHING_ON', 'ADD'),
 (1593, 1158, 'COU', 2, null, null, null, 'ADD'),
 (1594, 1159, 'PR', 2, null, null, null, 'ADD'),
 (1595, 1160, 'AT', -3, null, null, null, 'ADD'),
 (1596, 1160, 'MV', 50, null, null, null, 'ADD'),
 (1597, 1161, 'FO', 2, null, null, null, 'ADD'),
 (1598, 1162, 'CHA', 3, null, null, null, 'ADD'),
 (1599, 1163, 'AD', 2, null, null, null, 'ADD'),
 (1600, 1164, 'INT', 3, null, null, null, 'ADD'),
 (1601, 1165, 'COU', 8, null, null, null, 'ADD'),
 (1602, 1167, 'AT', 2, null, null, null, 'ADD'),
 (1603, 1167, 'PRD', 2, null, null, null, 'ADD'),
 (1604, 1167, 'PI', 1, null, null, null, 'ADD'),
 (1605, 1169, 'FO', 4, null, null, null, 'ADD'),
 (1606, 1170, 'RESM', 4, null, null, null, 'ADD'),
 (1607, 1171, 'MV', 200, null, null, null, 'ADD'),
 (1608, 1172, 'INT', 4, null, null, null, 'ADD'),
 (1609, 1173, 'FO', 4, null, null, null, 'ADD'),
 (1610, 1173, 'AD', 2, null, null, null, 'ADD'),
 (1611, 1173, 'AT', 2, null, null, null, 'ADD'),
 (1612, 1173, 'PRD', 2, null, null, null, 'ADD'),
 (1613, 1174, 'PR', 10, null, null, null, 'ADD'),
 (1614, 1175, 'INT', 8, null, null, null, 'ADD'),
 (1618, 151, 'PRD', 0, null, null, null, 'SET'),
 (1619, 150, 'PRD', 0, null, null, null, 'SET'),
 (1620, 483, 'CHA', 1, null, null, null, 'ADD'),
 (1621, 483, 'COU', 1, null, null, null, 'ADD'),
 (1622, 483, 'AD', 1, null, null, null, 'ADD'),
 (1623, 486, 'AD', -1, null, null, null, 'ADD'),
 (1624, 552, 'CHA', 1, null, null, null, 'ADD'),
 (1625, 553, 'AD', 1, null, null, null, 'ADD'),
 (1626, 554, 'AD', -1, null, null, null, 'ADD'),
 (1627, 554, 'CHA', 1, null, null, null, 'ADD'),
 (1628, 554, 'COU', 1, null, null, null, 'ADD'),
 (1629, 567, 'CHA', 1, null, null, null, 'ADD'),
 (1630, 555, 'CHA', 1, null, null, null, 'ADD'),
 (1631, 555, 'COU', 1, null, null, null, 'ADD'),
 (1632, 1375, 'CHA', -1, null, null, null, 'ADD'),
 (1633, 1375, 'PRD', -2, null, null, null, 'ADD'),
 (1634, 1376, 'CHA', -1, null, null, null, 'ADD'),
 (1635, 1376, 'PRD', -2, null, null, null, 'ADD'),
 (1636, 1377, 'PRD', -1, null, null, null, 'ADD'),
 (1637, 1377, 'CHA', -1, null, null, null, 'ADD'),
 (1638, 1377, 'COU', -1, null, null, null, 'ADD'),
 (1639, 1378, 'AT', -3, null, null, null, 'ADD'),
 (1640, 1378, 'PRD', -3, null, null, null, 'ADD'),
 (1641, 1378, 'AT', -2, null, null, null, 'ADD'),
 (1642, 1379, 'PRD', -1, null, null, null, 'ADD'),
 (1643, 1379, 'CHA', -1, null, null, null, 'ADD'),
 (1644, 1379, 'COU', -1, null, null, null, 'ADD'),
 (1645, 1380, 'PRD', -1, null, null, null, 'ADD'),
 (1646, 1381, 'PRD', -1, null, null, null, 'ADD'),
 (1647, 1384, 'AT', 1, null, null, null, 'ADD'),
 (1648, 1384, 'PRD', 1, null, null, null, 'ADD'),
 (1649, 1385, 'AT', 1, null, null, null, 'ADD'),
 (1650, 1385, 'PRD', 1, null, null, null, 'ADD'),
 (1651, 1386, 'PRD', 1, null, null, null, 'ADD'),
 (1652, 1386, 'AT', 1, null, null, null, 'ADD'),
 (1653, 1386, 'COU', 1, null, null, null, 'ADD'),
 (1654, 1386, 'CHA', 1, null, null, null, 'ADD'),
 (1655, 1387, 'PRD', 1, null, null, null, 'ADD'),
 (1656, 1387, 'AT', 1, null, null, null, 'ADD'),
 (1657, 1387, 'COU', 1, null, null, null, 'ADD'),
 (1658, 1387, 'CHA', 1, null, null, null, 'ADD'),
 (1659, 1388, 'PRD', -2, null, null, null, 'ADD'),
 (1660, 1388, 'AT', -1, null, null, null, 'ADD'),
 (1661, 1388, 'CHA', -1, null, null, null, 'ADD'),
 (1662, 1389, 'PRD', -2, null, null, null, 'ADD'),
 (1663, 1390, 'PRD', -2, null, null, null, 'ADD'),
 (1664, 1390, 'CHA', -1, null, null, null, 'ADD'),
 (1665, 1390, 'PI', 2, null, 8, null, 'ADD'),
 (1666, 1390, 'COU', 1, null, 8, null, 'ADD'),
 (1667, 1391, 'PRD', -1, null, null, null, 'ADD'),
 (1668, 1391, 'CHA', -1, null, null, null, 'ADD'),
 (1669, 1391, 'PI', 2, null, 8, null, 'ADD'),
 (1670, 1391, 'COU', 1, null, 8, null, 'ADD'),
 (1671, 1392, 'PRD', -2, null, null, null, 'ADD'),
 (1672, 1392, 'CHA', 1, null, null, null, 'ADD'),
 (1673, 1393, 'PRD', -1, null, null, null, 'ADD'),
 (1674, 1393, 'CHA', 1, null, null, null, 'ADD'),
 (1675, 1393, 'AT', 1, null, null, null, 'ADD'),
 (1676, 1393, 'COU', 1, null, 8, null, 'ADD'),
 (1677, 1393, 'PI', 2, null, 8, null, 'ADD'),
 (1678, 1392, 'PI', 2, null, 8, null, 'ADD'),
 (1679, 1392, 'COU', 1, null, 8, null, 'ADD'),
 (1680, 1394, 'AT', -3, null, null, null, 'ADD'),
 (1681, 1394, 'PRD', -2, null, null, null, 'ADD'),
 (1682, 1394, 'CHA', -1, null, null, null, 'ADD');

INSERT INTO item_requirement (id, item, stat, `minvalue`, `maxvalue`) VALUES (3, 143, 'AD', 14, null),
 (4, 144, 'AD', 14, null),
 (5, 145, 'AD', 13, null),
 (6, 134, 'FO', 13, null),
 (9, 152, 'AD', 15, null),
 (10, 153, 'AD', 15, null),
 (11, 117, 'FO', 15, null),
 (12, 943, 'AD', 12, null),
 (13, 944, 'AD', 13, null),
 (14, 945, 'AD', 13, null),
 (15, 1062, 'AD', 13, null),
 (19, 151, 'AD', 12, null),
 (20, 150, 'AD', 12, null);

INSERT INTO item_skill_modifiers (id, item, skill, value) VALUES (20, 238, 19, -5),
 (21, 238, 31, 1);

INSERT INTO item_skill (item, skill) VALUES (165, 3),
 (166, 13),
 (168, 15),
 (193, 42),
 (197, 13),
 (199, 30),
 (203, 3),
 (206, 15),
 (208, 18),
 (209, 7),
 (210, 47),
 (211, 22),
 (213, 1),
 (217, 30),
 (226, 13),
 (237, 12),
 (890, 3),
 (893, 13),
 (895, 19),
 (990, 3),
 (993, 13),
 (995, 19),
 (1121, 31),
 (1122, 15),
 (1123, 11),
 (641, 44),
 (643, 44),
 (957, 12),
 (445, 11),
 (446, 15),
 (447, 18),
 (448, 26),
 (449, 20),
 (450, 21),
 (451, 38),
 (452, 10),
 (453, 17),
 (454, 24),
 (455, 33),
 (456, 13),
 (457, 31),
 (458, 34),
 (459, 40),
 (460, 43),
 (461, 45),
 (462, 47),
 (463, 32);

INSERT INTO item_slot (id, name, stackable, count, techname) VALUES (1, 'Arme', null, 2, 'WEAPON'),
 (2, 'Torse', true, 1, 'CHESTPLATE'),
 (3, 'Bras', true, 1, 'ARMS'),
 (4, 'Jambes', true, 1, 'LEGS'),
 (5, 'Tête', true, 1, 'HEAD'),
 (6, 'Ceinture', null, 10, 'BELT'),
 (7, 'Pieds', true, 1, 'FOOT'),
 (8, 'Dos', null, 1, 'BACK'),
 (9, 'Sac', null, 1, 'BACKPACK'),
 (10, 'Main', null, 1, 'HAND'),
 (11, 'Avant-bras', null, 1, 'FOREARM'),
 (12, 'Doigt', null, 2, 'FINGER'),
 (13, 'Cou', null, 1, 'NECKLACE');

INSERT INTO item_template_slot (item, slot) VALUES (3, 1),
 (4, 1),
 (5, 1),
 (6, 1),
 (7, 1),
 (8, 1),
 (9, 1),
 (10, 1),
 (11, 1),
 (12, 1),
 (13, 1),
 (14, 1),
 (15, 1),
 (16, 1),
 (17, 1),
 (18, 1),
 (19, 1),
 (20, 1),
 (21, 1),
 (22, 1),
 (23, 1),
 (24, 1),
 (25, 1),
 (26, 1),
 (27, 1),
 (28, 1),
 (29, 1),
 (30, 1),
 (31, 1),
 (32, 1),
 (33, 1),
 (34, 1),
 (35, 1),
 (36, 1),
 (37, 1),
 (38, 1),
 (39, 1),
 (40, 1),
 (41, 1),
 (42, 1),
 (43, 1),
 (45, 1),
 (46, 1),
 (47, 1),
 (48, 1),
 (49, 1),
 (50, 1),
 (51, 1),
 (52, 1),
 (53, 1),
 (54, 1),
 (55, 1),
 (56, 1),
 (57, 1),
 (58, 1),
 (59, 1),
 (60, 1),
 (61, 1),
 (62, 1),
 (63, 1),
 (64, 1),
 (65, 1),
 (66, 1),
 (67, 1),
 (68, 1),
 (69, 1),
 (70, 1),
 (71, 1),
 (72, 1),
 (73, 1),
 (74, 1),
 (75, 1),
 (76, 1),
 (77, 1),
 (78, 1),
 (79, 1),
 (80, 1),
 (81, 1),
 (82, 1),
 (83, 1),
 (84, 1),
 (85, 1),
 (86, 1),
 (87, 1),
 (88, 1),
 (89, 1),
 (90, 1),
 (91, 1),
 (92, 1),
 (93, 1),
 (94, 1),
 (95, 1),
 (96, 1),
 (97, 1),
 (98, 1),
 (99, 1),
 (100, 1),
 (101, 1),
 (102, 1),
 (103, 1),
 (104, 1),
 (105, 1),
 (106, 1),
 (107, 1),
 (108, 1),
 (109, 1),
 (110, 1),
 (111, 1),
 (112, 1),
 (113, 1),
 (114, 1),
 (115, 1),
 (116, 1),
 (117, 1),
 (118, 1),
 (119, 1),
 (120, 1),
 (121, 1),
 (122, 1),
 (123, 1),
 (124, 1),
 (125, 1),
 (126, 1),
 (127, 1),
 (128, 1),
 (129, 1),
 (130, 1),
 (131, 1),
 (132, 1),
 (133, 1),
 (134, 1),
 (135, 1),
 (136, 1),
 (137, 1),
 (138, 1),
 (139, 1),
 (140, 1),
 (141, 1),
 (142, 1),
 (143, 1),
 (144, 1),
 (145, 1),
 (146, 1),
 (147, 1),
 (148, 1),
 (149, 1),
 (150, 1),
 (151, 1),
 (152, 1),
 (153, 1),
 (154, 5),
 (155, 5),
 (156, 5),
 (157, 5),
 (158, 5),
 (159, 5),
 (160, 5),
 (161, 5),
 (162, 5),
 (163, 5),
 (164, 5),
 (165, 5),
 (166, 5),
 (167, 5),
 (168, 5),
 (169, 5),
 (170, 5),
 (171, 5),
 (172, 5),
 (173, 5),
 (174, 5),
 (175, 5),
 (176, 5),
 (177, 5),
 (178, 5),
 (179, 5),
 (180, 5),
 (181, 5),
 (182, 5),
 (183, 5),
 (184, 5),
 (185, 5),
 (186, 5),
 (187, 5),
 (188, 5),
 (189, 5),
 (190, 5),
 (191, 5),
 (192, 5),
 (193, 5),
 (194, 5),
 (195, 5),
 (196, 5),
 (197, 5),
 (198, 5),
 (199, 5),
 (200, 5),
 (201, 5),
 (202, 5),
 (203, 5),
 (204, 5),
 (205, 5),
 (206, 5),
 (207, 5),
 (208, 5),
 (209, 5),
 (210, 5),
 (211, 5),
 (212, 5),
 (213, 5),
 (214, 5),
 (215, 5),
 (216, 5),
 (217, 5),
 (218, 5),
 (219, 5),
 (220, 5),
 (221, 5),
 (222, 5),
 (223, 5),
 (224, 5),
 (225, 5),
 (226, 5),
 (227, 5),
 (228, 5),
 (229, 5),
 (230, 5),
 (231, 5),
 (232, 5),
 (233, 5),
 (234, 5),
 (235, 5),
 (236, 5),
 (237, 5),
 (238, 5),
 (239, 5),
 (240, 5),
 (241, 5),
 (242, 5),
 (243, 5),
 (244, 5),
 (245, 5),
 (246, 5),
 (247, 5),
 (248, 5),
 (249, 5),
 (464, 2),
 (464, 3),
 (465, 2),
 (465, 3),
 (466, 2),
 (466, 3),
 (467, 2),
 (467, 3),
 (468, 2),
 (468, 3),
 (469, 2),
 (470, 2),
 (471, 2),
 (472, 2),
 (473, 2),
 (474, 2),
 (475, 2),
 (476, 2),
 (477, 2),
 (478, 2),
 (479, 2),
 (480, 4),
 (481, 4),
 (482, 4),
 (483, 4),
 (484, 4),
 (485, 3),
 (486, 11),
 (487, 3),
 (488, 3),
 (489, 3),
 (490, 2),
 (490, 3),
 (491, 2),
 (491, 3),
 (492, 2),
 (492, 3),
 (493, 2),
 (493, 3),
 (494, 2),
 (494, 3),
 (495, 2),
 (495, 3),
 (496, 2),
 (496, 3),
 (497, 5),
 (498, 5),
 (499, 5),
 (500, 5),
 (501, 5),
 (502, 5),
 (503, 5),
 (504, 5),
 (505, 10),
 (506, 10),
 (507, 10),
 (508, 10),
 (509, 10),
 (510, 7),
 (511, 7),
 (512, 7),
 (513, 7),
 (514, 7),
 (515, 7),
 (516, 7),
 (517, 2),
 (517, 3),
 (517, 4),
 (517, 5),
 (518, 2),
 (518, 3),
 (518, 4),
 (518, 5),
 (519, 2),
 (519, 3),
 (519, 4),
 (519, 5),
 (520, 2),
 (520, 3),
 (520, 4),
 (520, 5),
 (521, 2),
 (521, 3),
 (521, 4),
 (521, 5),
 (522, 2),
 (522, 3),
 (522, 4),
 (522, 5),
 (523, 2),
 (523, 3),
 (523, 4),
 (523, 5),
 (524, 2),
 (524, 3),
 (524, 4),
 (524, 5),
 (525, 2),
 (525, 3),
 (525, 4),
 (525, 5),
 (526, 2),
 (526, 3),
 (526, 4),
 (526, 5),
 (527, 2),
 (527, 3),
 (527, 4),
 (527, 5),
 (528, 2),
 (528, 3),
 (528, 4),
 (528, 5),
 (529, 2),
 (529, 3),
 (529, 4),
 (529, 5),
 (530, 2),
 (530, 3),
 (530, 4),
 (530, 5),
 (531, 2),
 (531, 3),
 (531, 4),
 (531, 5),
 (532, 2),
 (532, 3),
 (532, 4),
 (532, 5),
 (533, 2),
 (533, 3),
 (533, 4),
 (533, 5),
 (534, 2),
 (534, 3),
 (534, 4),
 (534, 5),
 (535, 2),
 (535, 3),
 (535, 4),
 (535, 5),
 (536, 2),
 (536, 3),
 (536, 4),
 (536, 5),
 (537, 2),
 (537, 3),
 (537, 4),
 (537, 5),
 (538, 2),
 (538, 3),
 (538, 4),
 (538, 5),
 (539, 2),
 (539, 3),
 (539, 4),
 (539, 5),
 (540, 1),
 (541, 1),
 (542, 1),
 (543, 1),
 (544, 1),
 (545, 1),
 (546, 5),
 (547, 5),
 (548, 5),
 (549, 5),
 (550, 2),
 (551, 2),
 (552, 2),
 (553, 2),
 (553, 3),
 (554, 2),
 (554, 3),
 (555, 2),
 (556, 11),
 (557, 4),
 (557, 7),
 (558, 2),
 (559, 2),
 (559, 3),
 (560, 2),
 (560, 3),
 (561, 5),
 (562, 4),
 (563, 2),
 (563, 3),
 (564, 5),
 (565, 2),
 (565, 3),
 (566, 2),
 (567, 4),
 (568, 2),
 (600, 9),
 (601, 9),
 (602, 9),
 (603, 9),
 (604, 9),
 (605, 9),
 (606, 6),
 (607, 6),
 (608, 6),
 (609, 6),
 (639, 7),
 (641, 7),
 (642, 7),
 (643, 7),
 (644, 7),
 (645, 4),
 (646, 4),
 (647, 4),
 (648, 4),
 (649, 4),
 (650, 6),
 (651, 6),
 (652, 2),
 (653, 2),
 (654, 2),
 (655, 2),
 (656, 2),
 (657, 2),
 (658, 2),
 (659, 10),
 (660, 2),
 (661, 10),
 (662, 10),
 (663, 2),
 (664, 5),
 (665, 5),
 (666, 5),
 (667, 8),
 (668, 8),
 (669, 8),
 (670, 8),
 (671, 8),
 (734, 13),
 (735, 11),
 (736, 7),
 (738, 11),
 (739, 2),
 (740, 4),
 (741, 11),
 (742, 5),
 (743, 7),
 (744, 5),
 (745, 13),
 (746, 2),
 (747, 13),
 (748, 7),
 (749, 1),
 (750, 12),
 (751, 11),
 (752, 7),
 (753, 6),
 (754, 10),
 (755, 12),
 (756, 1),
 (770, 5),
 (772, 2),
 (772, 3),
 (772, 4),
 (773, 2),
 (774, 13),
 (775, 7),
 (776, 7),
 (777, 13),
 (779, 4),
 (785, 5),
 (789, 4),
 (791, 5),
 (793, 2),
 (794, 2),
 (795, 11),
 (796, 4),
 (798, 5),
 (799, 13),
 (800, 2),
 (801, 13),
 (802, 4),
 (805, 13),
 (806, 7),
 (807, 2),
 (808, 4),
 (809, 12),
 (810, 10),
 (811, 13),
 (813, 2),
 (814, 7),
 (815, 11),
 (817, 5),
 (818, 12),
 (820, 11),
 (821, 2),
 (822, 2),
 (824, 1),
 (825, 13),
 (826, 2),
 (827, 8),
 (829, 2),
 (831, 13),
 (832, 13),
 (833, 13),
 (834, 12),
 (836, 5),
 (837, 7),
 (839, 8),
 (840, 11),
 (841, 12),
 (842, 6),
 (843, 11),
 (844, 2),
 (845, 8),
 (846, 4),
 (847, 1),
 (848, 13),
 (849, 8),
 (850, 5),
 (852, 2),
 (854, 13),
 (855, 5),
 (856, 11),
 (859, 5),
 (860, 8),
 (861, 11),
 (862, 11),
 (863, 11),
 (864, 11),
 (865, 13),
 (866, 12),
 (867, 2),
 (868, 8),
 (869, 4),
 (870, 1),
 (871, 13),
 (872, 13),
 (873, 5),
 (874, 2),
 (875, 1),
 (876, 1),
 (877, 12),
 (878, 8),
 (879, 2),
 (880, 2),
 (881, 2),
 (882, 2),
 (883, 2),
 (884, 2),
 (885, 2),
 (886, 2),
 (887, 2),
 (888, 2),
 (889, 2),
 (890, 2),
 (891, 2),
 (892, 2),
 (893, 2),
 (894, 2),
 (895, 2),
 (896, 2),
 (897, 2),
 (898, 2),
 (899, 2),
 (900, 2),
 (901, 2),
 (902, 2),
 (903, 2),
 (904, 2),
 (905, 2),
 (906, 2),
 (907, 2),
 (908, 2),
 (909, 2),
 (910, 2),
 (911, 2),
 (912, 2),
 (913, 2),
 (914, 2),
 (915, 2),
 (916, 2),
 (917, 12),
 (918, 12),
 (919, 12),
 (920, 12),
 (921, 12),
 (922, 13),
 (923, 13),
 (924, 13),
 (925, 13),
 (926, 13),
 (927, 13),
 (928, 13),
 (929, 12),
 (930, 12),
 (931, 12),
 (932, 12),
 (933, 12),
 (934, 12),
 (935, 1),
 (936, 1),
 (937, 1),
 (938, 1),
 (939, 1),
 (940, 1),
 (941, 1),
 (942, 1),
 (943, 1),
 (944, 1),
 (945, 1),
 (946, 1),
 (947, 1),
 (948, 1),
 (949, 1),
 (950, 1),
 (951, 1),
 (952, 1),
 (953, 1),
 (954, 1),
 (955, 1),
 (956, 1),
 (957, 13),
 (977, 2),
 (978, 2),
 (979, 2),
 (980, 2),
 (981, 2),
 (982, 2),
 (983, 2),
 (984, 2),
 (985, 2),
 (986, 2),
 (987, 2),
 (988, 2),
 (989, 2),
 (990, 2),
 (991, 2),
 (992, 2),
 (993, 2),
 (994, 2),
 (995, 2),
 (996, 2),
 (997, 2),
 (1009, 2),
 (1010, 2),
 (1011, 2),
 (1012, 2),
 (1013, 2),
 (1014, 2),
 (1015, 2),
 (1016, 2),
 (1017, 2),
 (1018, 2),
 (1019, 2),
 (1020, 2),
 (1021, 2),
 (1022, 2),
 (1023, 2),
 (1024, 2),
 (1025, 2),
 (1026, 2),
 (1027, 2),
 (1028, 12),
 (1029, 12),
 (1030, 12),
 (1031, 12),
 (1032, 12),
 (1033, 12),
 (1034, 12),
 (1035, 12),
 (1036, 12),
 (1037, 12),
 (1038, 12),
 (1039, 12),
 (1040, 12),
 (1041, 12),
 (1042, 12),
 (1043, 12),
 (1044, 12),
 (1045, 12),
 (1046, 12),
 (1047, 12),
 (1048, 1),
 (1049, 1),
 (1050, 1),
 (1051, 1),
 (1052, 1),
 (1053, 1),
 (1054, 1),
 (1055, 1),
 (1056, 1),
 (1057, 1),
 (1058, 1),
 (1059, 1),
 (1060, 1),
 (1061, 1),
 (1062, 1),
 (1063, 1),
 (1064, 1),
 (1065, 1),
 (1066, 1),
 (1067, 1),
 (1068, 1),
 (1069, 1),
 (1070, 1),
 (1071, 1),
 (1072, 1),
 (1073, 1),
 (1074, 1),
 (1075, 1),
 (1076, 1),
 (1077, 1),
 (1078, 1),
 (1079, 1),
 (1080, 1),
 (1081, 1),
 (1082, 1),
 (1083, 1),
 (1084, 1),
 (1085, 1),
 (1086, 1),
 (1087, 1),
 (1088, 1),
 (1089, 1),
 (1090, 1),
 (1091, 1),
 (1092, 1),
 (1093, 1),
 (1094, 1),
 (1095, 1),
 (1096, 1),
 (1097, 1),
 (1098, 1),
 (1099, 1),
 (1100, 1),
 (1101, 1),
 (1102, 1),
 (1103, 1),
 (1104, 1),
 (1105, 1),
 (1121, 7),
 (1122, 12),
 (1124, 13),
 (1125, 11),
 (1126, 12),
 (1128, 7),
 (1129, 12),
 (1130, 10),
 (1131, 11),
 (1133, 13),
 (1134, 11),
 (1135, 13),
 (1136, 7),
 (1137, 11),
 (1138, 13),
 (1139, 4),
 (1140, 2),
 (1140, 3),
 (1140, 4),
 (1141, 12),
 (1142, 11),
 (1143, 7),
 (1144, 12),
 (1145, 7),
 (1146, 13),
 (1147, 12),
 (1148, 1),
 (1149, 5),
 (1176, 12),
 (1177, 12),
 (1179, 12),
 (1183, 12),
 (1184, 11),
 (1185, 12),
 (1187, 11),
 (1188, 12),
 (1190, 11),
 (1193, 5),
 (1194, 8),
 (1262, 10),
 (1263, 2),
 (1264, 2),
 (1265, 4),
 (1266, 2),
 (1266, 3),
 (1267, 11),
 (1268, 13),
 (1269, 12),
 (1270, 2),
 (1273, 7),
 (1274, 4),
 (1275, 5),
 (1375, 1),
 (1376, 1),
 (1377, 1),
 (1378, 1),
 (1379, 1),
 (1380, 1),
 (1381, 1),
 (1382, 1),
 (1383, 1),
 (1384, 1),
 (1385, 1),
 (1386, 1),
 (1387, 1),
 (1388, 1),
 (1389, 1),
 (1390, 1),
 (1391, 1),
 (1392, 1),
 (1393, 1),
 (1394, 1);

INSERT INTO item_template (id, name, category, data, cleanname) VALUES (1239, 'Perle blanche', 18, '{"note": "Ronde, blanche, irisée", "price": 12, "useUG": true, "weight": 0.0082478, "diceDrop": 18}', 'Perle blanche'),
 (1238, 'Perle rose', 18, '{"note": "Ronde, rose pâle, irisée", "price": 12, "useUG": true, "weight": 0.0082478, "diceDrop": 17}', 'Perle rose'),
 (1237, 'Kunzite brut', 18, '{"note": "Gris légèrement teinté", "price": 8, "useUG": true, "weight": 0.0082478, "diceDrop": 16}', 'Kunzite brut'),
 (1236, 'Cornaline brut', 18, '{"note": "Rouge orangé sombre", "price": 8, "useUG": true, "weight": 0.0082478, "diceDrop": 15}', 'Cornaline brut'),
 (1235, 'Béryl rouge brut', 18, '{"note": "Rouge", "price": 15, "useUG": true, "weight": 0.0082478, "diceDrop": 14}', 'Beryl rouge brut'),
 (1234, 'Grenat brut', 18, '{"note": "Rouge-brun", "price": 18, "useUG": true, "weight": 0.0082478, "diceDrop": 13}', 'Grenat brut'),
 (1233, 'Jaspe brut', 18, '{"note": "Attention, couleurs variées", "price": 18, "useUG": true, "weight": 0.0082478, "diceDrop": 12}', 'Jaspe brut'),
 (1232, 'Spinelle brut', 18, '{"note": "Rouge", "price": 18, "useUG": true, "weight": 0.0082478, "diceDrop": 11}', 'Spinelle brut'),
 (1231, 'Opale noire brut', 18, '{"note": "Noire, irisée", "price": 20, "useUG": true, "weight": 0.0082478, "diceDrop": 10}', 'Opale noire brut'),
 (1230, 'Ambre brut', 18, '{"note": "Orangé/jaune translucide", "price": 22, "useUG": true, "weight": 0.0082478, "diceDrop": 9}', 'Ambre brut'),
 (1229, 'Émeraude brut', 18, '{"note": "Vert profond", "price": 25, "useUG": true, "weight": 0.0082478, "diceDrop": 8}', 'Emeraude brut'),
 (1228, 'Zacorite brut', 18, '{"note": "Mauve translucide, irisé", "price": 25, "useUG": true, "weight": 0.0082478, "diceDrop": 7}', 'Zacorite brut'),
 (1227, 'Rubis brut', 18, '{"note": "Rouge/rose", "price": 30, "useUG": true, "weight": 0.0082478, "diceDrop": 6}', 'Rubis brut'),
 (1226, 'Saphir brut', 18, '{"note": "Bleu assez profond", "price": 35, "useUG": true, "weight": 0.0082478, "diceDrop": 5}', 'Saphir brut'),
 (1225, 'Klokolium brut', 18, '{"note": "Jaune opaque, irisé", "price": 35, "useUG": true, "weight": 0.0082478, "diceDrop": 4}', 'Klokolium brut'),
 (1224, 'Diamant blanc brut', 18, '{"price": 50, "useUG": true, "weight": 0.0082478, "diceDrop": 3}', 'Diamant blanc brut'),
 (1223, 'Diamant bleu brut', 18, '{"note": "Légèrement bleuté", "price": 60, "useUG": true, "weight": 0.0082478, "diceDrop": 2}', 'Diamant bleu brut'),
 (1222, 'Barbonate Chatoyante Brut', 18, '{"note": "Jaune luminescent", "price": 70, "useUG": true, "weight": 0.0082478, "diceDrop": 1}', 'Barbonate Chatoyante Brut'),
 (1245, 'Klokolium taillé', 87, '{"note": "Jaune opaque, irisé", "price": 150, "useUG": true, "weight": 0.0082478, "diceDrop": 4}', 'Klokolium taille'),
 (1244, 'Diamant blanc taillé', 87, '{"price": 130, "useUG": true, "weight": 0.0082478, "diceDrop": 3}', 'Diamant blanc taille'),
 (1243, 'Diamant bleu taillé', 87, '{"note": "Légèrement bleuté", "price": 160, "useUG": true, "weight": 0.0082478, "diceDrop": 2}', 'Diamant bleu taille'),
 (1242, 'Barbonate Chatoyante taillé', 87, '{"note": "Jaune luminescent", "price": 210, "useUG": true, "weight": 0.0082478, "diceDrop": 1}', 'Barbonate Chatoyante taille'),
 (1276, 'une écharpe qui pique', 88, '{"diceDrop": 1}', 'une echarpe qui pique'),
 (1277, 'une bouteille (sans bouchon)', 88, '{"diceDrop": 2}', 'une bouteille (sans bouchon)'),
 (1278, 'un ressort', 88, '{"diceDrop": 3}', 'un ressort'),
 (1279, 'une pelle à tarte ébréchée', 88, '{"diceDrop": 4}', 'une pelle a tarte ebrechee'),
 (1280, 'une brosse à dent usagée', 88, '{"diceDrop": 5}', 'une brosse a dent usagee'),
 (1281, 'une part de gâteau pourrie', 88, '{"diceDrop": 6}', 'une part de gateau pourrie'),
 (1282, 'un encrier sec', 88, '{"diceDrop": 7}', 'un encrier sec'),
 (1283, 'une collection de feuilles mortes', 88, '{"diceDrop": 8}', 'une collection de feuilles mortes'),
 (1284, 'une montre qui tourne à l''envers', 88, '{"diceDrop": 9}', 'une montre qui tourne a l''envers'),
 (1285, 'une fourchette édentée', 88, '{"diceDrop": 10}', 'une fourchette edentee'),
 (1286, 'une boîte de chocolats vide', 88, '{"diceDrop": 11}', 'une boite de chocolats vide'),
 (1287, 'un pamphlet de Tzinntch', 88, '{"diceDrop": 12}', 'un pamphlet de Tzinntch'),
 (1288, 'un fossile brisé', 88, '{"diceDrop": 13}', 'un fossile brise'),
 (1289, 'une râpe à fromage', 88, '{"diceDrop": 14}', 'une rape a fromage'),
 (1290, 'un poème troll', 88, '{"diceDrop": 15}', 'un poeme troll'),
 (1291, 'une taie d''oreiller', 88, '{"diceDrop": 16}', 'une taie d''oreiller'),
 (1292, 'un bouton de manchette', 88, '{"diceDrop": 17}', 'un bouton de manchette'),
 (1293, 'une flute en bambou', 88, '{"diceDrop": 18}', 'une flute en bambou'),
 (1294, 'un bouton de manchette', 88, '{"diceDrop": 19}', 'un bouton de manchette'),
 (1295, 'un dessin de loutre', 88, '{"diceDrop": 20}', 'un dessin de loutre'),
 (1296, 'un rouleau de parchemin vierge', 88, '{"diceDrop": 21}', 'un rouleau de parchemin vierge'),
 (1297, 'une bouillotte', 88, '{"diceDrop": 22}', 'une bouillotte'),
 (1298, 'une bourse percée', 88, '{"diceDrop": 23}', 'une bourse percee'),
 (1299, 'une aile de geai', 88, '{"diceDrop": 24}', 'une aile de geai'),
 (1300, 'un bocal à poisson rouge', 88, '{"diceDrop": 25}', 'un bocal a poisson rouge'),
 (1301, 'un ragoût froid', 88, '{"diceDrop": 26}', 'un ragout froid'),
 (1302, 'un journal intime inutilisé', 88, '{"diceDrop": 27}', 'un journal intime inutilise'),
 (1303, 'un bouquet de fleurs séchées', 88, '{"diceDrop": 28}', 'un bouquet de fleurs sechees'),
 (1304, 'un bout de bois', 88, '{"diceDrop": 29}', 'un bout de bois'),
 (1305, 'un vase cassé', 88, '{"diceDrop": 30}', 'un vase casse'),
 (1306, 'un briquet', 88, '{"diceDrop": 31}', 'un briquet'),
 (1307, 'une boucle de ceinture', 88, '{"diceDrop": 32}', 'une boucle de ceinture'),
 (1308, 'un éventail', 88, '{"diceDrop": 33}', 'un eventail'),
 (1309, 'un matelas gonflable crevé', 88, '{"diceDrop": 34}', 'un matelas gonflable creve'),
 (1310, 'un paquet d''allumettes vide', 88, '{"diceDrop": 35}', 'un paquet d''allumettes vide'),
 (1311, 'une rate de chat', 88, '{"diceDrop": 36}', 'une rate de chat'),
 (1312, 'une peluche qui fait « pouic »', 88, '{"diceDrop": 37}', 'une peluche qui fait « pouic »'),
 (1313, 'une masse gonflable', 88, '{"diceDrop": 38}', 'une masse gonflable'),
 (1314, 'un oiseau empaillé', 88, '{"diceDrop": 39}', 'un oiseau empaille'),
 (1315, 'une vieille affiche de fête foraine', 88, '{"diceDrop": 40}', 'une vieille affiche de fete foraine'),
 (1316, 'un cactus', 88, '{"diceDrop": 41}', 'un cactus'),
 (1317, 'une noix', 88, '{"diceDrop": 42}', 'une noix'),
 (1318, 'un chiffon', 88, '{"diceDrop": 43}', 'un chiffon'),
 (1319, 'un crayon rongé', 88, '{"diceDrop": 44}', 'un crayon ronge'),
 (1320, 'une éponge sale', 88, '{"diceDrop": 45}', 'une eponge sale'),
 (1321, 'un tube de rouge à lèvres', 88, '{"diceDrop": 46}', 'un tube de rouge a levres'),
 (1322, 'un coquillage', 88, '{"diceDrop": 47}', 'un coquillage'),
 (1323, 'un bout de cordon', 88, '{"diceDrop": 48}', 'un bout de cordon'),
 (1324, 'un nid de guêpes', 88, '{"diceDrop": 49}', 'un nid de guepes'),
 (1325, 'une cuillère fondue', 88, '{"diceDrop": 50}', 'une cuillere fondue'),
 (1326, 'un cendrier', 88, '{"diceDrop": 51}', 'un cendrier'),
 (1327, 'un rat mort', 88, '{"diceDrop": 52}', 'un rat mort'),
 (1328, 'un cadre de miroir', 88, '{"diceDrop": 53}', 'un cadre de miroir'),
 (1329, 'un oeuf de caille', 88, '{"diceDrop": 54}', 'un oeuf de caille'),
 (1330, 'un fer à cheval', 88, '{"diceDrop": 55}', 'un fer a cheval'),
 (1331, 'un ruban effiloché', 88, '{"diceDrop": 56}', 'un ruban effiloche'),
 (1332, 'un sablier vide', 88, '{"diceDrop": 57}', 'un sablier vide'),
 (1333, 'une chaussette trouée', 88, '{"diceDrop": 58}', 'une chaussette trouee'),
 (1334, 'un bonnet de nuit', 88, '{"diceDrop": 59}', 'un bonnet de nuit'),
 (1335, 'une fausse relique en mousse', 88, '{"diceDrop": 60}', 'une fausse relique en mousse'),
 (1336, 'un casque cabossé', 88, '{"diceDrop": 61}', 'un casque cabosse'),
 (1337, 'un pince à escargot', 88, '{"diceDrop": 62}', 'un pince a escargot'),
 (1338, 'un caillou', 88, '{"diceDrop": 63}', 'un caillou'),
 (1339, 'une pelote de laine', 88, '{"diceDrop": 64}', 'une pelote de laine'),
 (1340, 'un archet de violoncelle', 88, '{"diceDrop": 65}', 'un archet de violoncelle'),
 (1341, 'un mot-croisé à moitié rempli', 88, '{"diceDrop": 66}', 'un mot-croise a moitie rempli'),
 (1342, 'un machin pour écraser les patates', 88, '{"diceDrop": 67}', 'un machin pour ecraser les patates'),
 (1343, 'une carte de voeux', 88, '{"diceDrop": 68}', 'une carte de voeux'),
 (1344, 'un appeau', 88, '{"diceDrop": 69}', 'un appeau'),
 (1345, 'un jeu de cartes sans as', 88, '{"diceDrop": 70}', 'un jeu de cartes sans as'),
 (1346, 'une boule d''oreille de pacotille', 88, '{"diceDrop": 71}', 'une boule d''oreille de pacotille'),
 (1347, 'un livre de cuisine illisible', 88, '{"diceDrop": 72}', 'un livre de cuisine illisible'),
 (1348, 'une bûche', 88, '{"diceDrop": 73}', 'une buche'),
 (1349, 'un porte-clés', 88, '{"diceDrop": 74}', 'un porte-cles'),
 (1350, 'un morceau de chaîne', 88, '{"diceDrop": 75}', 'un morceau de chaine'),
 (1351, 'un pot de miel', 88, '{"diceDrop": 76}', 'un pot de miel'),
 (1352, 'une couverture miteuse', 88, '{"diceDrop": 77}', 'une couverture miteuse'),
 (1353, 'une poupée de chiffon décapitée', 88, '{"diceDrop": 78}', 'une poupee de chiffon decapitee'),
 (1354, 'un gant troué', 88, '{"diceDrop": 79}', 'un gant troue'),
 (1355, 'un morceau de charbon de bois', 88, '{"diceDrop": 80}', 'un morceau de charbon de bois'),
 (1356, 'un sac à champignons', 88, '{"diceDrop": 81}', 'un sac a champignons'),
 (1357, 'un couteau à poisson', 88, '{"diceDrop": 82}', 'un couteau a poisson'),
 (1358, 'un tire bouchon', 88, '{"diceDrop": 83}', 'un tire bouchon'),
 (1359, 'un bout de craie', 88, '{"diceDrop": 84}', 'un bout de craie'),
 (1360, 'un béret moche', 88, '{"diceDrop": 85}', 'un beret moche'),
 (1361, 'du fil de pêche', 88, '{"diceDrop": 86}', 'du fil de peche'),
 (1362, 'une pincette', 88, '{"diceDrop": 87}', 'une pincette'),
 (1363, 'un grelot', 88, '{"diceDrop": 88}', 'un grelot'),
 (1364, 'une cravate en lin', 88, '{"diceDrop": 89}', 'une cravate en lin'),
 (1365, 'une plante verte', 88, '{"diceDrop": 90}', 'une plante verte'),
 (1366, 'trois châtaignes', 88, '{"diceDrop": 91}', 'trois chataignes'),
 (1367, 'une machine à frittes', 88, '{"diceDrop": 92}', 'une machine a frittes'),
 (1368, 'une torche usée', 88, '{"diceDrop": 93}', 'une torche usee'),
 (1369, 'un badge commémoratif de Xakal', 88, '{"diceDrop": 94}', 'un badge commemoratif de Xakal'),
 (1370, 'une crotte de chien', 88, '{"diceDrop": 95}', 'une crotte de chien'),
 (1371, 'un bout de verre poli', 88, '{"diceDrop": 96}', 'un bout de verre poli'),
 (1372, 'une boulette de papier', 88, '{"diceDrop": 97}', 'une boulette de papier'),
 (1373, 'une chaise cassée', 88, '{"diceDrop": 98}', 'une chaise cassee'),
 (1374, 'un piège à souris', 88, '{"diceDrop": 99}', 'un piege a souris'),
 (1375, 'Gourdin', 1, '{"notIdentifiedName":"","damageDice":1,"rupture":4}', 'Gourdin'),
 (1376, 'Pied de chaise', 1, '{"protection":null,"damageDice":1,"rupture":4}', 'Pied de chaise'),
 (1377, 'Rapière perrave', 3, '{"price":50,"notIdentifiedName":"Rapière","rupture":4,"damageDice":1,"bonusDamage":3}', 'Rapiere perrave'),
 (1378, 'Tabouret', 1, '{"damageDice":1,"bonusDamage":1,"rupture":5}', 'Tabouret'),
 (1380, 'Rapière correcte', 3, '{"price":100,"damageDice":1,"bonusDamage":3,"rupture":3}', 'Rapiere correcte'),
 (1381, 'Sabre correcte', 3, '{"price":100,"damageDice":1,"bonusDamage":3,"rupture":3,"notIdentifiedName":"Sabre"}', 'Sabre correcte'),
 (1379, 'Sabre perrave', 3, '{"notIdentifiedName":"Sabre","rupture":4,"damageDice":1,"bonusDamage":3,"price":50}', 'Sabre perrave'),
 (23, 'Épée 1 main perrave', 3, '{"price": 50, "rupture": 4, "slotCount": 1, "throwable": 0, "damageDice": 1, "bonusDamage": 3}', 'Epee 1 main perrave'),
 (1382, 'Sabre de bonne qualité', 3, '{"price":200,"requireLevel":null,"damageDice":1,"bonusDamage":4,"rupture":3}', 'Sabre de bonne qualite'),
 (1383, 'Rapière de bonne qualité', 3, '{"price":200,"damageDice":1,"bonusDamage":4,"rupture":3}', 'Rapiere de bonne qualite'),
 (1386, 'Sabre Durandil(TM)', 3, '{"damageDice":1,"bonusDamage":5,"rupture":2,"price":1000}', 'Sabre Durandil(TM)'),
 (1387, 'Rapière Durandil(TM)', 3, '{"price":1000,"damageDice":1,"bonusDamage":5,"rupture":2}', 'Rapiere Durandil(TM)'),
 (1384, 'Sabre d''artisan renommé', 3, '{"price":500,"protection":null,"damageDice":1,"bonusDamage":5,"rupture":2,"notIdentifiedName":"Sabre"}', 'Sabre d''artisan renomme'),
 (1385, 'Rapière d''artisan renommé', 3, '{"price":500,"damageDice":1,"bonusDamage":5}', 'Rapiere d''artisan renomme'),
 (1388, 'Dague rouillée', 2, '{"notIdentifiedName":"","damageDice":1,"bonusDamage":2,"rupture":5,"price":10}', 'Dague rouillee'),
 (1389, 'Dague effilée', 2, '{"price":55,"damageDice":1,"bonusDamage":3,"notIdentifiedName":"Dague","rupture":3}', 'Dague effilee'),
 (1390, 'Fendoir rouillé', 91, '{"price":100,"damageDice":1,"bonusDamage":2,"rupture":6}', 'Fendoir rouille'),
 (1391, 'Fendoir basique', 91, '{"price":200,"damageDice":1,"bonusDamage":3,"rupture":5}', 'Fendoir basique'),
 (1392, 'Fendoir correct', 91, '{"price":500,"damageDice":1,"bonusDamage":4,"rupture":4}', 'Fendoir correct'),
 (1393, 'Fendoir de bonne qualité', 91, '{"price":750,"damageDice":1,"bonusDamage":4,"rupture":4}', 'Fendoir de bonne qualite'),
 (1394, 'Bouteille cassée', 1, '{"damageDice":1,"bonusDamage":2}', 'Bouteille cassee'),
 (254, 'Crapaud séché', 17, '{"price":0.1,"space":"tient dans le creux de la main – nécessite d''être protégé – très léger","diceDrop":5,"throwable":0,"description":"N''importe quelle espèce de crapaud, l''animal ayant été mis à sécher dans un environnement aéré et protégé des mouches. Il doit avoir séché plus de 10 jours. C''est un peu fragile, mais pas trop","quantifiable":1,"availableLocation":"magasin pour mage"}', 'Crapaud seche'),
 (258, 'Gui', 17, '{"price":0.2,"space":"l''équivalent d''une bonne poignée de végétaux, pour environ 100 grammes","diceDrop":9,"throwable":0,"description":"Parasite des arbres fréquemment utilisé par les chamanes, mais qu''on retrouve aussi dans la magie traditionnelle.Il est à utiliser dans les quelques jours suivant la récolte. On peut le récolter soi-même en grimpant à un arbre, armé d''un simple canif.","quantifiable":1,"availableLocation":"magasin pour mage, en forêt de feuillus"}', 'Gui'),
 (261, 'Huile standard', 17, '{"price":0.2,"space":"fiole de 10 cl., environ 100 grammes","diceDrop":12,"throwable":0,"description":"Une huile quelconque, de tournesol de préférence, qui peut aussi servir à faire les frites. On peut en acheter un peu partout, mais il n''est pas possible de la produire soi-même","quantifiable":1,"availableLocation":"magasin pour mage, épicerie, cuisine, magasin d''alimentation"}', 'Huile standard'),
 (267, 'Poudre de granite', 17, '{"price":0.5,"space":"négligeable","diceDrop":18,"throwable":0,"description":"Ingrédient fameux utilisé pour fabriquer les bonbons Chiantos ! En dehors de ça, il s''agit d''une poudre conditionnée en petit sachet de cuir. Il est possible de la fabriquer soi-même à partir de granite et d''une bonne lime.","quantifiable":1,"availableLocation":"magasin pour mage, granite limé"}', 'Poudre de granite'),
 (280, 'Cendres d’un oiseau carbonisé', 17, '{"price":2,"space":"négligeable","diceDrop":31,"throwable":0,"description":"Il n''est pas difficile de procéder soi-même à la récolte, mais ça demande un peu de temps... Et il est impératif que l''oiseau soit frais (et d''abord, il faut l''attraper). C''est souvent l''activité préférée des mages de bas niveau.","quantifiable":1,"availableLocation":"magasin pour mage, en milieu naturel"}', 'Cendres d’un oiseau carbonise'),
 (282, 'Aile de chauve-souris', 17, '{"price":2,"space":"environ 50 grammes","diceDrop":33,"throwable":0,"description":"Vendue généralement séchée, elle se conserve bien. L''espèce de la chauve-souris n''est pas importante, mais c''est une bestiole très difficile à capturer : il vaut mieux s''adresser à un spécialiste.","quantifiable":1,"availableLocation":"magasin pour mage, chez un éleveur de chauve-souris, dans une grotte ou une grange"}', 'Aile de chauve-souris'),
 (290, 'Poudre de griffe de morshleg', 17, '{"price":5,"space":"négligeable","diceDrop":41,"throwable":0,"description":"Ces animaux sont nombreux dans les terres sauvages de Kwzprtt. On en trouve jusque dans les collines d''Altrouille et ils sont généralement trop fainéants pour traverser le fleuve Elibed. On extrait la poudre de leurs griffes, et elle est conditionnée en minuscule sachets de cuir. Il est possible de le faire soi-même à condition de récupérer la griffe en question ! Un seul animal fournit plusieurs centaines de doses, mais il faut du temps pour raper les griffes (et une bonne lime).","quantifiable":1,"availableLocation":"magasin pour mage, terres sauvages de Kwzprtt"}', 'Poudre de griffe de morshleg'),
 (293, 'Cheveu d''elfe', 17, '{"price":5,"space":"négligeable","diceDrop":44,"throwable":0,"description":"Les Elfes (Sylvains ou Hauts-Elfes) ont des cheveux comme tout le monde... Mais ils ne les perdent jamais ! Aussi, pour en avoir il faut leur demander gentiment (ou bien tirer dessus, mais c''est un autre genre). Le produit est vendu assez cher car il n''est pas aisé de trouver des Elfes capables de s''arracher les cheveux pour de l''argent.","quantifiable":1,"availableLocation":"magasin pour mage, sur un elfe"}', 'Cheveu d''elfe'),
 (298, 'Orties du Chaos', 17, '{"price":5,"space":"l''équivalent d''une bonne poignée de végétaux, pour environ 100 grammes","diceDrop":49,"throwable":0,"description":"Cette variété d''ortie pousse exclusivement dans la partie sud du voisinage du château de Gzor. Elles peuvent être utilisées fraîches aussi bien que séchées.","quantifiable":1,"availableLocation":"magasin pour mage, sud du château de Gzor"}', 'Orties du Chaos'),
 (301, 'Graisse de poil de castor', 17, '{"price":5,"space":"petit pot en terre de 100 grammes","diceDrop":52,"throwable":0,"description":"Il existe une technique spéciale pour extraire la graisse des poils de castor, et vous ne la connaissez sans doute pas. Du coup, il ne vous reste plus qu''à vous rendre chez un marchand...","quantifiable":1,"availableLocation":"magasin pour mage, bazar"}', 'Graisse de poil de castor'),
 (302, 'Dent de requin', 17, '{"price":6,"space":"quelques dents peuvent remplir une bourse","diceDrop":53,"throwable":0,"description":"Vous n''avez quasiment aucune chance de trouver vous-même cet ingrédient, à moins d''avoir des amis pêcheurs sur la côte. La plupart des gens vivant en bord de mer en possèdent, à titre de souvenir, et n''en ont pas l''usage.","quantifiable":1,"availableLocation":"magasin pour mage, bazar, village côtier, communauté de pirates"}', 'Dent de requin'),
 (309, 'Champignon explosif', 17, '{"price":10,"space":"négligeable","diceDrop":60,"throwable":0,"description":"Une variété spéciale de champignon, qui ne pousse que dans certaines grottes sous les forêts de feuillus. Ils sont explosifs uniquement au moment de la cueillette, ce qui explique leur prix... Il faut être un expert pour survivre à la récolte d''un panier. Ils sont séchés et se conservent bien.","quantifiable":1,"availableLocation":"magasin pour mage"}', 'Champignon explosif'),
 (319, 'Poil de barbe de Géant Vert', 17, '{"price":15,"space":"négligeable","diceDrop":70,"throwable":0,"description":"Plus que les Nains Bleus, les Géants Verts sont rares, très rares. Ils vivent en marge de la carte dans des territoires inhospitaliers, et vivent en se nourrissant de végétaux extraordinaires. Parfois, un explorateur parvient à en rencontrer un, et il récupère quelques poils de sa barbe aux propriétés étranges.","quantifiable":1,"availableLocation":"magasin pour mage"}', 'Poil de barbe de Geant Vert'),
 (320, 'Cheveu de vierge', 17, '{"price":15,"space":"négligeable","diceDrop":71,"throwable":0,"description":"Il n''est pas difficile de trouver des cheveux de vierge, dans la mesure où n''importe quel enfant devrait faire l''affaire. Cependant, les cheveux de vierge à usage magique doivent être récoltés sur une personne majeure et consentante, lorsque la lune est pleine et rouge, en hiver, et ils doivent être certifiés par un comité. Pas facile.","quantifiable":1,"availableLocation":"magasin pour mage"}', 'Cheveu de vierge'),
 (321, 'Plume de chapon fanghien', 17, '{"price":20,"space":"négligeable","diceDrop":72,"throwable":0,"description":"Plume prélevée au-dessus du croupion des légendaires montures épiques de Fangh : le chapon fanghien. Ce sont des animaux rares et assez susceptibles. On en trouve parfois dans les grandes forêts.","quantifiable":1,"availableLocation":"magasin pour mage, forêt de Schlipak"}', 'Plume de chapon fanghien'),
 (323, 'Mousse des cavernes électriques', 17, '{"price":30,"space":"sachet de cuir de 100 grammes","diceDrop":74,"throwable":0,"description":"C''est une variété de mousse bleue, vendue séchée, qui pousse uniquement dans une région particulière : des grottes naturelles à l''ouest de Birtek. Pour les récolter, il suffit de gratter la pierre... Mais hélas, il faut pouvoir encaisser les décharges électriques fréquentes générées aléatoirement par une curiosité géologique. C''est donc une activité réservée aux spécialistes.","quantifiable":1,"availableLocation":"magasin pour mage, village de Birtek"}', 'Mousse des cavernes electriques'),
 (327, 'Sang d''érudit', 17, '{"price":35,"space":"fiole de 10 cl., environ 100 grammes","diceDrop":78,"throwable":0,"description":"Contrairement au sang de vierge, le sang d''érudit à usage magique est quelconque, et peut être prélevé sur n''importe quel érudit sans trop altérer sa santé. Il faut néanmoins trouver un arrangement, souvent pécunier. Sa durée de conservation est cependant très courte : moins de deux heures dans une fiole propre. C''est pourquoi on n''en trouve pas dans le commerce, mais seulement à la commande.","quantifiable":1,"availableLocation":"rencontre avec un érudit, en milieu urbain"}', 'Sang d''erudit'),
 (332, 'Brebis morte de honte', 17, '{"price":50,"space":"lourd et encombrant, 40 kilos (nécessite une brouette)","diceDrop":83,"throwable":0,"description":"Je ne peux vous expliquer de quelle façon une brebis peut mourir de honte, car il faut respecter les choses secrètes et la vie privée des fermiers. Cependant, quand cela se produit, cela donne un ingrédient magique volumineux. Le cadavre doit être frais (conservation variable de 2 à 7 jours, selon la saison). C''est très encombrant.","quantifiable":1,"availableLocation":"chez un éleveur de moutons, avec beaucoup de chance"}', 'Brebis morte de honte'),
 (339, 'Dent de golbargh', 17, '{"price":100,"space":"quelques dents peuvent remplir une bourse","diceDrop":90,"throwable":0,"description":"Tuer un démon de l''ancien monde relève de l''exploit, et ils ne sont pas très nombreux à fouler le sol de la Terre de Fangh. Cependant, si vous y parvenez, vous pourrez récupérer une bonne vingtaine de dents. Les dents peuvent être prélevées sur un squelette oublié.","quantifiable":1,"availableLocation":"magasin pour mage, démon décédé"}', 'Dent de golbargh'),
 (340, 'Griffe de dragon', 17, '{"price":100,"space":"une griffe peut faire jusqu''à 1 kilo","diceDrop":91,"throwable":0,"description":"Ce n''est pas la griffe de n''importe quel dragon qui est utilisée comme ingrédient magique : seulement les dragons des cavernes et les vouivres. Les griffes des autres dragons peuvent être collectées pour d''autres usages.","quantifiable":1,"availableLocation":"magasin pour mage, dragon décédé ou en squelette"}', 'Griffe de dragon'),
 (1126, 'Bague d''agilité +1', 82, '{"price": 1200, "slotCount": 1}', 'Bague d''agilite +1'),
 (1220, 'Objet non identifié', 45, '{}', 'Objet non identifie'),
 (3, 'Bonne branche', 1, '{"rupture": 4, "slotCount": 1, "damageDice": 1}', 'Bonne branche'),
 (6, 'Chaise', 1, '{"rupture": 5, "slotCount": 1, "damageDice": 1, "bonusDamage": 1}', 'Chaise'),
 (4, 'Branche moisie', 1, '{"rupture": 5, "slotCount": 1, "damageDice": 1, "bonusDamage": -2}', 'Branche moisie'),
 (5, 'Manche de pioche', 1, '{"rupture": 3, "slotCount": 1, "damageDice": 1, "bonusDamage": 1}', 'Manche de pioche'),
 (7, 'Chandelier du Colonel Moutarde', 1, '{"rupture": 4, "slotCount": 1, "damageDice": 1, "bonusDamage": 2}', 'Chandelier du Colonel Moutarde'),
 (8, 'Tisonnier', 1, '{"rupture": 3, "slotCount": 1, "damageDice": 1, "bonusDamage": 2}', 'Tisonnier'),
 (9, 'Tisonnier chauffé au rouge', 1, '{"rupture": 3, "slotCount": 1, "damageDice": 1, "bonusDamage": 4}', 'Tisonnier chauffe au rouge'),
 (10, 'Couteau de poche du grand-père', 2, '{"rupture": 5, "slotCount": 1, "damageDice": 1}', 'Couteau de poche du grand-pere'),
 (11, 'Couteau de qualité', 2, '{"price": 5, "rupture": 4, "slotCount": 1, "damageDice": 1}', 'Couteau de qualite'),
 (12, 'Poignard de base', 2, '{"price": 10, "rupture": 5, "slotCount": 1, "throwable": 1, "damageDice": 1, "bonusDamage": 1}', 'Poignard de base'),
 (13, 'Poignard de qualité', 2, '{"price": 35, "rupture": 3, "slotCount": 1, "throwable": 1, "damageDice": 1, "bonusDamage": 1}', 'Poignard de qualite'),
 (14, 'Poignard Durandi(TM)', 2, '{"price": 400, "rupture": 2, "slotCount": 1, "throwable": 1, "damageDice": 1, "bonusDamage": 2}', 'Poignard Durandi(TM)'),
 (15, 'Poignard d''Excellence de Mirfilu (ench.)', 2, '{"note": "+1 PI si lancé", "price": 500, "slotCount": 1, "throwable": 1, "damageDice": 1, "bonusDamage": 2}', 'Poignard d''Excellence de Mirfilu (ench.)'),
 (582, 'Tranche de pain', 46, '{"price": 0.05}', 'Tranche de pain'),
 (16, 'Poignard sacrificiel de Xeloss (ench.)', 2, '{"price": 500, "slotCount": 1, "throwable": 0, "damageDice": 1, "bonusDamage": 2}', 'Poignard sacrificiel de Xeloss (ench.)'),
 (17, 'Dague de base', 2, '{"price": 15, "rupture": 5, "slotCount": 1, "throwable": 0, "damageDice": 1, "bonusDamage": 2}', 'Dague de base'),
 (18, 'Dague bonne qualité', 2, '{"price": 50, "rupture": 4, "slotCount": 1, "throwable": 0, "damageDice": 1, "bonusDamage": 2}', 'Dague bonne qualite'),
 (19, 'Dague de luxe', 2, '{"price": 200, "rupture": 3, "slotCount": 1, "throwable": 0, "damageDice": 1, "bonusDamage": 2}', 'Dague de luxe'),
 (20, 'Dague de Tzinntch (ench.)', 2, '{"note": "Bonus: +malédiction", "price": 600, "rupture": 2, "slotCount": 1, "throwable": 0, "damageDice": 1, "bonusDamage": 2}', 'Dague de Tzinntch (ench.)'),
 (21, 'Dague elfique des temps anciens (ench.)', 2, '{"price": 700, "slotCount": 1, "throwable": 0, "damageDice": 1, "bonusDamage": 3}', 'Dague elfique des temps anciens (ench.)'),
 (22, 'Dague Durandil(TM)', 2, '{"price": 600, "rupture": 2, "slotCount": 1, "throwable": 0, "damageDice": 1, "bonusDamage": 3}', 'Dague Durandil(TM)'),
 (27, 'Rapière de noble pour frimer, poignée plaqué or', 3, '{"price": 800, "rupture": 3, "slotCount": 1, "throwable": 0, "damageDice": 1, "bonusDamage": 3}', 'Rapiere de noble pour frimer, poignee plaque or'),
 (29, 'Lame d''excellence de Glonzg (ench.)', 3, '{"price": 1500, "slotCount": 1, "throwable": 0, "damageDice": 1, "bonusDamage": 4}', 'Lame d''excellence de Glonzg (ench.)'),
 (30, 'Sabre de Guy le Batailleur', 3, '{"price": 0, "relic": 1, "slotCount": 1, "throwable": 0, "damageDice": 1, "bonusDamage": 5}', 'Sabre de Guy le Batailleur'),
 (31, 'Sabre en Trithil de Blaidh Le Diurnambule', 3, '{"price": 6000, "slotCount": 1, "throwable": 0, "damageDice": 1, "bonusDamage": 6}', 'Sabre en Trithil de Blaidh Le Diurnambule'),
 (32, 'Épée 2 mains de base', 4, '{"price": 100, "rupture": 4, "slotCount": 2, "damageDice": 1, "bonusDamage": 5}', 'Epee 2 mains de base'),
 (33, 'Épée 2 mains correcte', 4, '{"price": 200, "rupture": 3, "slotCount": 2, "damageDice": 1, "bonusDamage": 6}', 'Epee 2 mains correcte'),
 (34, 'Épée 2 mains bonne qualité', 4, '{"price": 400, "rupture": 3, "slotCount": 2, "damageDice": 2, "bonusDamage": 2}', 'Epee 2 mains bonne qualite'),
 (35, 'Épée 2 mains d''artisan renommé', 4, '{"price": 1000, "rupture": 2, "slotCount": 2, "damageDice": 2, "bonusDamage": 4}', 'Epee 2 mains d''artisan renomme'),
 (36, 'Épée 2 mains Durandil(TM)', 4, '{"price": 2000, "rupture": 2, "slotCount": 2, "damageDice": 2, "bonusDamage": 5}', 'Epee 2 mains Durandil(TM)'),
 (37, 'Grande Claymore de Wallace', 4, '{"price": 2500, "rupture": 2, "slotCount": 2, "damageDice": 2, "bonusDamage": 5}', 'Grande Claymore de Wallace'),
 (38, 'Éventreuse de Kjeukien-la-mule', 4, '{"price": 3000, "relic": 1, "slotCount": 2, "damageDice": 2, "bonusDamage": 7}', 'Eventreuse de Kjeukien-la-mule'),
 (39, 'Épée de Justice Légendaire de Braav'' (ench.)', 4, '{"price": 5000, "slotCount": 2, "damageDice": 2, "bonusDamage": 5}', 'Epee de Justice Legendaire de Braav'' (ench.)'),
 (40, 'Epée vorpale +3 (dommage), deux mains (ench.)', 4, '{"price": 6000, "slotCount": 2, "damageDice": 2, "bonusDamage": 6}', 'Epee vorpale +3 (dommage), deux mains (ench.)'),
 (41, 'Epée runique 2 mains +8 Souldrinker (ench.)', 4, '{"price": 30000, "slotCount": 2, "damageDice": 2, "bonusDamage": 10}', 'Epee runique 2 mains +8 Souldrinker (ench.)'),
 (42, 'Hache 1 main daubesque', 5, '{"price": 50, "rupture": 4, "slotCount": 1, "damageDice": 1, "bonusDamage": 3}', 'Hache 1 main daubesque'),
 (43, 'Hache 1 main correcte', 5, '{"price": 100, "rupture": 3, "slotCount": 1, "damageDice": 1, "bonusDamage": 3}', 'Hache 1 main correcte'),
 (45, 'Hache 1 main bonne qualité', 5, '{"price": 200, "rupture": 3, "slotCount": 1, "damageDice": 1, "bonusDamage": 4}', 'Hache 1 main bonne qualite'),
 (46, 'Hache 1 main d''artisan renommé', 5, '{"price": 500, "rupture": 2, "slotCount": 1, "damageDice": 1, "bonusDamage": 5}', 'Hache 1 main d''artisan renomme'),
 (47, 'Hache 1 main d''artisan Nain', 5, '{"note": "1 main pour Nain", "price": 700, "rupture": 2, "slotCount": 1, "damageDice": 1, "bonusDamage": 4}', 'Hache 1 main d''artisan Nain'),
 (48, 'Hache 1 main Durandil(TM)', 5, '{"note": "1 main pour Nain", "price": 1000, "rupture": 2, "slotCount": 1, "damageDice": 1, "bonusDamage": 5}', 'Hache 1 main Durandil(TM)'),
 (49, 'Hache de décapitation des Orcs (ench.)', 5, '{"note": "AT/PRD+2 (contre orcs)", "price": 1200, "rupture": 2, "slotCount": 1, "damageDice": 1, "bonusDamage": 5}', 'Hache de decapitation des Orcs (ench.)'),
 (50, 'Hache des Puruls de Niourgl (ench.)', 5, '{"price": 2000, "slotCount": 1, "damageDice": 1, "damageType": "poison", "bonusDamage": 7}', 'Hache des Puruls de Niourgl (ench.)'),
 (51, 'Hache de Goltor', 5, '{"note": "1 main pour Nain", "price": 3000, "relic": 1, "slotCount": 1, "damageDice": 1, "bonusDamage": 6}', 'Hache de Goltor'),
 (52, 'Hache Démembreuse de Khornettoh (ench.)', 5, '{"price": 5000, "slotCount": 1, "damageDice": 1, "bonusDamage": 7}', 'Hache Demembreuse de Khornettoh (ench.)'),
 (53, 'Hache Miraculeuse du Blizzard (ench.)', 5, '{"price": 10000, "slotCount": 1, "damageDice": 1, "damageType": "glace", "bonusDamage": 7}', 'Hache Miraculeuse du Blizzard (ench.)'),
 (54, 'Hache de jet quelconque', 6, '{"note": "1 main pour Nain", "price": 200, "rupture": 3, "slotCount": 1, "throwable": 1, "damageDice": 1, "bonusDamage": 3}', 'Hache de jet quelconque'),
 (55, 'Hache de jet des pirates mauves', 6, '{"price": 300, "rupture": 3, "slotCount": 1, "throwable": 1, "damageDice": 1, "bonusDamage": 4}', 'Hache de jet des pirates mauves'),
 (178, 'Chapeau du batailleur', 24, '{"price": 3000, "slotCount": 1, "requireLevel": 4, "magicProtection": 2}', 'Chapeau du batailleur'),
 (24, 'Épée 1 main correcte', 3, '{"price": 100, "rupture": 3, "slotCount": 1, "throwable": 0, "damageDice": 1, "bonusDamage": 3}', 'Epee 1 main correcte'),
 (25, 'Épée 1 main de bonne qualité', 3, '{"price": 200, "rupture": 3, "slotCount": 1, "throwable": 0, "damageDice": 1, "bonusDamage": 4}', 'Epee 1 main de bonne qualite'),
 (26, 'Épée 1 main d''artisan renommé', 3, '{"price": 500, "rupture": 2, "slotCount": 1, "throwable": 0, "damageDice": 1, "bonusDamage": 5}', 'Epee 1 main d''artisan renomme'),
 (28, 'Épée 1 main Durandil(TM)', 3, '{"price": 1000, "rupture": 2, "slotCount": 1, "throwable": 0, "damageDice": 1, "bonusDamage": 5}', 'Epee 1 main Durandil(TM)'),
 (56, 'Hache de jet Durandil(TM)', 6, '{"note": "1 main pour Nain", "price": 400, "rupture": 2, "slotCount": 1, "throwable": 1, "damageDice": 1, "bonusDamage": 5}', 'Hache de jet Durandil(TM)'),
 (57, 'Hache de Jet du Grand Forgeron(Nain)', 6, '{"price": 2000, "relic": 1, "slotCount": 1, "throwable": 1, "damageDice": 1, "bonusDamage": 6}', 'Hache de Jet du Grand Forgeron(Nain)'),
 (58, 'Hache 2 mains grossière', 7, '{"price": 100, "rupture": 3, "slotCount": 2, "damageDice": 1, "bonusDamage": 5}', 'Hache 2 mains grossiere'),
 (59, 'Hache 2 mains correcte', 7, '{"price": 200, "rupture": 3, "slotCount": 2, "damageDice": 1, "bonusDamage": 6}', 'Hache 2 mains correcte'),
 (60, 'Hache 2 mains bonne qualité', 7, '{"price": 400, "rupture": 3, "slotCount": 2, "throwable": 0, "damageDice": 2, "bonusDamage": 2}', 'Hache 2 mains bonne qualite'),
 (61, 'Hache de combat cimérienne à double affûtage', 7, '{"price": 600, "rupture": 2, "slotCount": 2, "throwable": 0, "damageDice": 2, "bonusDamage": 4}', 'Hache de combat cimerienne a double affutage'),
 (62, 'Hache 2 mains d''artisan renommé', 7, '{"price": 1000, "rupture": 2, "slotCount": 2, "throwable": 0, "damageDice": 2, "bonusDamage": 5}', 'Hache 2 mains d''artisan renomme'),
 (63, 'Hache de Marave Moriaque', 7, '{"price": 1500, "rupture": 2, "slotCount": 2, "throwable": 0, "damageDice": 2, "bonusDamage": 5}', 'Hache de Marave Moriaque'),
 (64, 'Hache 2 mains Durandil(TM)', 7, '{"price": 2000, "rupture": 2, "slotCount": 2, "throwable": 0, "damageDice": 2, "bonusDamage": 5}', 'Hache 2 mains Durandil(TM)'),
 (65, 'Hache Monstrueuse des Berserkers', 7, '{"price": 3000, "slotCount": 2, "throwable": 0, "damageDice": 2, "bonusDamage": 7}', 'Hache Monstrueuse des Berserkers'),
 (66, 'Hache de Bataille Syldérienne', 7, '{"price": 3000, "slotCount": 2, "throwable": 0, "damageDice": 2, "bonusDamage": 6}', 'Hache de Bataille Sylderienne'),
 (67, 'Hache de Feu de Blizdand (ench.)', 7, '{"price": 5000, "slotCount": 2, "throwable": 0, "damageDice": 2, "damageType": "feu", "bonusDamage": 6}', 'Hache de Feu de Blizdand (ench.)'),
 (68, 'Hache Démoniaque de Makkedoh', 7, '{"price": 10000, "relic": 1, "slotCount": 2, "throwable": 0, "damageDice": 2, "bonusDamage": 8}', 'Hache Demoniaque de Makkedoh'),
 (69, 'Hache d''Annihilation de Nyarlapalathep (ench.)', 7, '{"price": 25000, "slotCount": 2, "throwable": 0, "damageDice": 2, "bonusDamage": 10}', 'Hache d''Annihilation de Nyarlapalathep (ench.)'),
 (70, 'Marteau, masse 1 main daubesque', 8, '{"price": 50, "rupture": 4, "slotCount": 1, "throwable": 0, "damageDice": 1, "bonusDamage": 3}', 'Marteau, masse 1 main daubesque'),
 (71, 'Marteau, masse 1 main correcte', 8, '{"price": 100, "rupture": 3, "slotCount": 1, "throwable": 0, "damageDice": 1, "bonusDamage": 3}', 'Marteau, masse 1 main correcte'),
 (72, 'Marteau, masse 1 main bonne qualité', 8, '{"price": 200, "rupture": 3, "slotCount": 1, "throwable": 0, "damageDice": 1, "bonusDamage": 4}', 'Marteau, masse 1 main bonne qualite'),
 (73, 'Marteau, masse 1 main d''artisan renommé', 8, '{"price": 500, "rupture": 2, "slotCount": 1, "throwable": 0, "damageDice": 1, "bonusDamage": 5}', 'Marteau, masse 1 main d''artisan renomme'),
 (74, 'Marteau, masse d''artisan nain', 8, '{"note": "1 main pour Nain", "price": 600, "rupture": 2, "slotCount": 1, "throwable": 0, "damageDice": 1, "bonusDamage": 4}', 'Marteau, masse d''artisan nain'),
 (75, 'Marteau 1 main Durandil(TM)', 8, '{"note": "1 main pour Nain", "price": 1000, "rupture": 2, "slotCount": 1, "throwable": 0, "damageDice": 1, "bonusDamage": 5}', 'Marteau 1 main Durandil(TM)'),
 (76, 'Masse PAF(TM)', 8, '{"price": 1000, "rupture": 2, "slotCount": 1, "throwable": 0, "damageDice": 1, "bonusDamage": 5}', 'Masse PAF(TM)'),
 (77, 'Masse du Destin de Slanoush (ench. Slanoush)', 8, '{"note": "Degâts = malédiction", "price": 2000, "rupture": 2, "slotCount": 1, "throwable": 0, "damageDice": 1, "bonusDamage": 5}', 'Masse du Destin de Slanoush (ench. Slanoush)'),
 (78, 'Marteau d''anésthésie de Skeloss (ench. Dlul)', 8, '{"note": "Dégâts tête = sommeil", "price": 2000, "rupture": 2, "slotCount": 1, "throwable": 0, "damageDice": 1, "bonusDamage": 5}', 'Marteau d''anesthesie de Skeloss (ench. Dlul)'),
 (79, 'Marteau des Pères Septeurs', 8, '{"price": 3000, "relic": 1, "slotCount": 1, "throwable": 0, "damageDice": 1, "bonusDamage": 8}', 'Marteau des Peres Septeurs'),
 (80, 'Marteau Légendaire de Jambfer (Nain uniq.)', 8, '{"price": 3000, "relic": 1, "slotCount": 1, "throwable": 0, "damageDice": 1, "bonusDamage": 6}', 'Marteau Legendaire de Jambfer (Nain uniq.)'),
 (81, 'Marteau Putréfiant de Niourgl (ench.)', 8, '{"price": 10000, "slotCount": 1, "throwable": 0, "damageDice": 1, "damageType": "poison", "bonusDamage": 7}', 'Marteau Putrefiant de Niourgl (ench.)'),
 (82, 'Marteau 2 mains minable', 9, '{"price": 100, "rupture": 4, "slotCount": 2, "throwable": 0, "damageDice": 1, "bonusDamage": 5}', 'Marteau 2 mains minable'),
 (83, 'Marteau 2 mains correct', 9, '{"price": 200, "rupture": 3, "slotCount": 2, "throwable": 0, "damageDice": 1, "bonusDamage": 6}', 'Marteau 2 mains correct'),
 (84, 'Marteau 2 mains bonne qualité', 9, '{"price": 400, "rupture": 3, "slotCount": 2, "throwable": 0, "damageDice": 2, "bonusDamage": 2}', 'Marteau 2 mains bonne qualite'),
 (85, 'Marteau de Guerre Syldérien', 9, '{"price": 600, "rupture": 2, "slotCount": 2, "throwable": 0, "damageDice": 2, "bonusDamage": 4}', 'Marteau de Guerre Sylderien'),
 (86, 'Marteau 2 mains d''artisan renommé', 9, '{"price": 1000, "rupture": 2, "slotCount": 2, "throwable": 0, "damageDice": 2, "bonusDamage": 5}', 'Marteau 2 mains d''artisan renomme'),
 (87, 'Marteau de Baston des Moriacs', 9, '{"price": 1500, "rupture": 2, "slotCount": 2, "throwable": 0, "damageDice": 2, "bonusDamage": 5}', 'Marteau de Baston des Moriacs'),
 (88, 'Marteau 2 mains Durandil(TM)', 9, '{"price": 2000, "rupture": 2, "slotCount": 2, "throwable": 0, "damageDice": 2, "bonusDamage": 5}', 'Marteau 2 mains Durandil(TM)'),
 (89, 'Gurstaker (Nain uniquement)', 9, '{"price": 5000, "relic": 1, "slotCount": 2, "throwable": 0, "damageDice": 2, "bonusDamage": 8}', 'Gurstaker (Nain uniquement)'),
 (90, 'Lance de base', 10, '{"price": 20, "rupture": 5, "slotCount": 2, "damageDice": 1, "bonusDamage": 3}', 'Lance de base'),
 (91, 'Lance de qualité', 10, '{"price": 60, "rupture": 3, "slotCount": 2, "damageDice": 1, "bonusDamage": 4}', 'Lance de qualite'),
 (92, 'Lance d''Assaut des Milices de Glargh', 10, '{"price": 150, "rupture": 3, "slotCount": 2, "damageDice": 1, "bonusDamage": 4}', 'Lance d''Assaut des Milices de Glargh'),
 (93, 'Lance de bataille des Drows', 10, '{"price": 500, "rupture": 2, "slotCount": 2, "damageDice": 1, "bonusDamage": 5}', 'Lance de bataille des Drows'),
 (179, 'Diadème de ténébritude', 24, '{"price": 3000, "slotCount": 1, "requireLevel": 4}', 'Diademe de tenebritude'),
 (94, 'Lance Barbelée des troupes de Gzor', 10, '{"price": 500, "rupture": 2, "slotCount": 2, "damageDice": 1, "bonusDamage": 6}', 'Lance Barbelee des troupes de Gzor'),
 (95, 'Pique de défense', 10, '{"price": 150, "rupture": 4, "slotCount": 2, "damageDice": 1, "bonusDamage": 4}', 'Pique de defense'),
 (96, 'Pique Légendaire de Kolegram', 10, '{"price": 2000, "relic": 1, "slotCount": 2, "damageDice": 1, "bonusDamage": 6}', 'Pique Legendaire de Kolegram'),
 (97, 'Hallebarde de Milicien', 10, '{"price": 200, "rupture": 4, "slotCount": 2, "damageDice": 1, "bonusDamage": 6}', 'Hallebarde de Milicien'),
 (98, 'Hallebarde des Défenseurs de Waldorg', 10, '{"price": 400, "rupture": 2, "slotCount": 2, "damageDice": 2, "bonusDamage": 2}', 'Hallebarde des Defenseurs de Waldorg'),
 (99, 'Hallebarde des Tueurs de Géants', 10, '{"price": 1500, "rupture": 2, "slotCount": 2, "damageDice": 2, "bonusDamage": 5}', 'Hallebarde des Tueurs de Geants'),
 (100, 'Trident de Kjaniouf', 10, '{"price": 500, "rupture": 2, "slotCount": 2, "damageDice": 1, "bonusDamage": 5}', 'Trident de Kjaniouf'),
 (101, 'Javelot "maison"', 11, '{"rupture": 5, "slotCount": 1, "throwable": 1, "damageDice": 1}', 'Javelot "maison"'),
 (102, 'Javelot de base', 11, '{"rupture": 4, "slotCount": 1, "throwable": 1, "damageDice": 1, "bonusDamage": 2}', 'Javelot de base'),
 (103, 'Javelot de qualité', 11, '{"price": 40, "rupture": 3, "slotCount": 1, "throwable": 1, "damageDice": 1, "bonusDamage": 2}', 'Javelot de qualite'),
 (104, 'Javelot de chasse des Moriaques', 11, '{"price": 200, "rupture": 2, "slotCount": 1, "throwable": 1, "damageDice": 1, "bonusDamage": 3}', 'Javelot de chasse des Moriaques'),
 (105, 'Javelot du Tangorodrigue', 11, '{"price": 1000, "relic": 1, "slotCount": 1, "throwable": 1, "damageDice": 1, "bonusDamage": 5}', 'Javelot du Tangorodrigue'),
 (106, 'Arc court de basse qualité', 12, '{"price": 30, "rupture": 5, "slotCount": 1, "throwable": 1, "damageDice": 1, "bonusDamage": 2}', 'Arc court de basse qualite'),
 (107, 'Arc court de qualité correcte', 12, '{"price": 50, "rupture": 4, "slotCount": 1, "throwable": 1, "damageDice": 1, "bonusDamage": 2}', 'Arc court de qualite correcte'),
 (108, 'Arc long de basse qualité', 12, '{"price": 50, "rupture": 5, "slotCount": 1, "throwable": 1, "damageDice": 1, "bonusDamage": 3}', 'Arc long de basse qualite'),
 (109, 'Arc long de qualité correcte', 12, '{"price": 80, "rupture": 4, "slotCount": 1, "throwable": 1, "damageDice": 1, "bonusDamage": 3}', 'Arc long de qualite correcte'),
 (110, 'Arc composite d''elfe sylvain (imitation)', 12, '{"price": 200, "rupture": 3, "slotCount": 1, "throwable": 1, "damageDice": 1, "bonusDamage": 4}', 'Arc composite d''elfe sylvain (imitation)'),
 (111, 'Arc long de luxe', 12, '{"price": 300, "rupture": 3, "slotCount": 1, "throwable": 1, "damageDice": 1, "bonusDamage": 3}', 'Arc long de luxe'),
 (112, 'Arc long des Drows', 12, '{"price": 500, "rupture": 3, "slotCount": 1, "throwable": 1, "damageDice": 1, "bonusDamage": 4}', 'Arc long des Drows'),
 (113, 'Arc Ouvragé des Lunelbar', 12, '{"price": 600, "rupture": 2, "slotCount": 1, "throwable": 1, "damageDice": 1, "bonusDamage": 4}', 'Arc Ouvrage des Lunelbar'),
 (114, 'Arc des Meuldors', 12, '{"price": 800, "rupture": 2, "slotCount": 1, "throwable": 1, "damageDice": 1, "bonusDamage": 4}', 'Arc des Meuldors'),
 (115, 'Arc Solide d''Unrienmôrn', 12, '{"price": 1000, "slotCount": 1, "throwable": 1, "damageDice": 1, "bonusDamage": 4}', 'Arc Solide d''Unrienmorn'),
 (116, 'Arc composite d''elfe sylvain (véritable)', 12, '{"price": 2000, "slotCount": 1, "throwable": 1, "damageDice": 1, "bonusDamage": 5}', 'Arc composite d''elfe sylvain (veritable)'),
 (117, 'Arc de Puissance des Syldériens', 12, '{"price": 5000, "slotCount": 1, "throwable": 1, "damageDice": 1, "bonusDamage": 8}', 'Arc de Puissance des Sylderiens'),
 (118, 'Arc long de Yemisold + 2 dexterité (ench.)', 12, '{"price": 5000, "slotCount": 1, "throwable": 1, "damageDice": 1, "bonusDamage": 6, "requireLevel": 6}', 'Arc long de Yemisold + 2 dexterite (ench.)'),
 (119, 'Flèche de base', 13, '{"price": 0.5, "rupture": 5, "slotCount": 1, "quantifiable": 1}', 'Fleche de base'),
 (120, 'Flèche de qualité', 13, '{"price": 2, "rupture": 4, "slotCount": 1, "quantifiable": 1}', 'Fleche de qualite'),
 (121, 'Flèche Mauve des pirates', 13, '{"price": 5, "rupture": 4, "slotCount": 1, "quantifiable": 1}', 'Fleche Mauve des pirates'),
 (122, 'Flèche Noire des Drows', 13, '{"price": 8, "rupture": 3, "slotCount": 1, "quantifiable": 1}', 'Fleche Noire des Drows'),
 (123, 'Flèche d''elfe sylvain "La Meurtrière"(TM)', 13, '{"price": 10, "rupture": 3, "slotCount": 1, "quantifiable": 1}', 'Fleche d''elfe sylvain "La Meurtriere"(TM)'),
 (124, 'Flèche d''elfe sylvain "L''Agile"(TM)', 13, '{"price": 10, "rupture": 3, "slotCount": 1, "quantifiable": 1}', 'Fleche d''elfe sylvain "L''Agile"(TM)'),
 (125, 'Flèche Barbelée des Ogres Chasseurs', 13, '{"price": 20, "rupture": 3, "slotCount": 1, "quantifiable": 1}', 'Fleche Barbelee des Ogres Chasseurs'),
 (126, 'Flèche de Blazing Fire (ench.)', 13, '{"price": 30, "rupture": 2, "slotCount": 1, "damageDice": 1, "damageType": "feu", "quantifiable": 1}', 'Fleche de Blazing Fire (ench.)'),
 (127, 'Flèche Hypodermique de Dlul (ench.)', 13, '{"note": "Degâts = Sommeil", "price": 50, "rupture": 2, "slotCount": 1, "quantifiable": 1}', 'Fleche Hypodermique de Dlul (ench.)'),
 (128, 'Flèche Lubrique de Slanoush (ench.)', 13, '{"note": "Critique Organes gen.", "price": 120, "rupture": 2, "slotCount": 1, "quantifiable": 1}', 'Fleche Lubrique de Slanoush (ench.)'),
 (129, 'Flèche Ophidienne de Tholsadûm (ench.)', 13, '{"price": 150, "rupture": 2, "slotCount": 1, "damageDice": 2, "damageType": "poison", "quantifiable": 1}', 'Fleche Ophidienne de Tholsadum (ench.)'),
 (130, 'Flèche Malveillante de Khornettoh (ench.)', 13, '{"price": 150, "rupture": 2, "slotCount": 1, "damageDice": 4, "quantifiable": 1}', 'Fleche Malveillante de Khornettoh (ench.)'),
 (131, 'Arbalète de gobelin', 14, '{"price": 60, "rupture": 4, "slotCount": 1, "throwable": 1, "damageDice": 1, "bonusDamage": 4, "quantifiable": 1}', 'Arbalete de gobelin'),
 (132, 'Arbalète de qualité correcte', 14, '{"price": 120, "rupture": 3, "slotCount": 1, "throwable": 1, "damageDice": 1, "bonusDamage": 4, "quantifiable": 1}', 'Arbalete de qualite correcte'),
 (133, 'Arbalète d''artisan renommé', 14, '{"price": 500, "rupture": 2, "slotCount": 1, "throwable": 1, "damageDice": 1, "bonusDamage": 5, "quantifiable": 1}', 'Arbalete d''artisan renomme'),
 (134, 'Arbalète Sauvage de Gzurulia', 14, '{"price": 1000, "rupture": 2, "slotCount": 1, "throwable": 1, "damageDice": 1, "bonusDamage": 7, "quantifiable": 1}', 'Arbalete Sauvage de Gzurulia'),
 (135, 'Arbalète double de Vontorz', 14, '{"note": "Temps recharg. doublé", "price": 3000, "relic": 1, "slotCount": 1, "throwable": 1, "damageDice": 2, "bonusDamage": 10, "quantifiable": 1}', 'Arbalete double de Vontorz'),
 (136, 'Carreau de base', 15, '{"price": 1, "rupture": 4, "slotCount": 1, "quantifiable": 1}', 'Carreau de base'),
 (137, 'Carreau de qualité', 15, '{"price": 3, "rupture": 3, "slotCount": 1, "quantifiable": 1}', 'Carreau de qualite'),
 (138, 'Carreau de Dlul (ench.)', 15, '{"note": "Degâts = Sommeil", "price": 80, "rupture": 2, "slotCount": 1, "quantifiable": 1}', 'Carreau de Dlul (ench.)'),
 (139, 'Carreau Vicelard de Slanoush (ench.)', 15, '{"note": "Critique Organes gen.", "price": 150, "rupture": 2, "slotCount": 1, "quantifiable": 1}', 'Carreau Vicelard de Slanoush (ench.)'),
 (140, 'Carreau Maudit des Troupes de Gzor (ench.)', 15, '{"price": 180, "rupture": 2, "slotCount": 1, "damageDice": 2, "damageType": "poison", "quantifiable": 1}', 'Carreau Maudit des Troupes de Gzor (ench.)'),
 (141, 'Carreau d''Assaut de Khornettoh (ench.)', 15, '{"price": 180, "rupture": 2, "slotCount": 1, "damageDice": 4, "quantifiable": 1}', 'Carreau d''Assaut de Khornettoh (ench.)'),
 (142, 'Sarbacane', 16, '{"price": 5, "rupture": 5, "slotCount": 1, "throwable": 1, "damageType": "poison", "bonusDamage": 1}', 'Sarbacane'),
 (143, 'Nunchaku', 16, '{"note": "2 AT/assaut", "price": 50, "rupture": 4, "slotCount": 1, "damageDice": 1, "bonusDamage": 1}', 'Nunchaku'),
 (144, 'Nunchaku de Brouzli', 16, '{"note": "2 AT/assaut", "price": 200, "rupture": 2, "slotCount": 1, "damageDice": 1, "bonusDamage": 3}', 'Nunchaku de Brouzli'),
 (145, 'Fléau Bourrinant des Moriacs', 16, '{"price": 500, "rupture": 3, "slotCount": 1, "damageDice": 2, "bonusDamage": 2}', 'Fleau Bourrinant des Moriacs'),
 (146, 'Lance-pierre Mythique D''hyshoul', 16, '{"price": 500, "relic": 1, "slotCount": 1, "damageDice": 1, "bonusDamage": 3}', 'Lance-pierre Mythique D''hyshoul'),
 (147, 'Faucille Démentielle de Niourgl', 16, '{"price": 1000, "rupture": 2, "slotCount": 1, "damageDice": 1, "bonusDamage": 5}', 'Faucille Dementielle de Niourgl'),
 (148, 'Boomerang Stupéfiant de Mike Dundee', 16, '{"note": "revient sauf dégâts", "price": 1000, "slotCount": 1, "damageDice": 1, "bonusDamage": 2}', 'Boomerang Stupefiant de Mike Dundee'),
 (149, 'Couperet du Bourreau Velu D''Ukkuh', 16, '{"price": 2000, "relic": 1, "slotCount": 1, "damageDice": 2, "bonusDamage": 5}', 'Couperet du Bourreau Velu D''Ukkuh'),
 (150, 'Flagellateur d''Oboulos', 16, '{"note": "Degâts : PR-1", "price": 3000, "slotCount": 1, "damageDice": 1, "bonusDamage": 4}', 'Flagellateur d''Oboulos'),
 (151, 'Triple Fouet des Lamentations de Slanoush', 16, '{"note": "Degâts : PR-1", "price": 4000, "slotCount": 1, "damageDice": 3}', 'Triple Fouet des Lamentations de Slanoush'),
 (152, 'Doubles Serres du Moine Tatoncouto', 16, '{"note": "2 AT/assaut", "price": 5000, "relic": 1, "slotCount": 1, "damageDice": 2}', 'Doubles Serres du Moine Tatoncouto'),
 (153, 'Faux Léthale de Tormentor', 16, '{"note": "2 AT/assaut", "price": 10000, "relic": 1, "slotCount": 1, "damageDice": 2, "bonusDamage": 8}', 'Faux Lethale de Tormentor'),
 (154, 'Chapeau de base', 23, '{"note": "Protège seulement de la pluie", "price": 5, "rupture": 6, "slotCount": 1}', 'Chapeau de base'),
 (155, 'Chapeau correct', 23, '{"note": "Protège seulement de la pluie", "price": 10, "rupture": 6, "slotCount": 1}', 'Chapeau correct'),
 (156, 'Chapeau de qualité, renforcé', 23, '{"price": 30, "rupture": 4, "slotCount": 1}', 'Chapeau de qualite, renforce'),
 (157, 'Calotte de cuir pour débutant', 23, '{"price": 60, "rupture": 4, "slotCount": 1, "protection": 1}', 'Calotte de cuir pour debutant'),
 (158, 'Chapeau de luxe', 23, '{"price": 70, "rupture": 4, "slotCount": 1}', 'Chapeau de luxe'),
 (159, 'Calotte de cuir somptueuse', 23, '{"price": 300, "rupture": 3, "slotCount": 1, "protection": 1}', 'Calotte de cuir somptueuse'),
 (160, 'Chapeau de stabilité', 24, '{"price": 200, "rupture": 3, "slotCount": 1}', 'Chapeau de stabilite'),
 (161, 'Chapeau déflecteur du novice', 24, '{"price": 300, "rupture": 3, "slotCount": 1, "magicProtection": 1}', 'Chapeau deflecteur du novice'),
 (162, 'Couronne d''évitement', 24, '{"note": "Repousse les projectiles sur 1D6 : 1 à 2", "price": 400, "rupture": 3, "slotCount": 1}', 'Couronne d''evitement'),
 (163, 'Couronne de canalisation', 24, '{"note": "Récup. de 1PA / heure", "price": 400, "rupture": 3, "slotCount": 1, "requireLevel": 2}', 'Couronne de canalisation'),
 (164, 'Bonnet de sauvegarde', 24, '{"note": "Immunise contre le rhume", "price": 400, "rupture": 3, "slotCount": 1, "requireLevel": 2, "magicProtection": 1}', 'Bonnet de sauvegarde'),
 (165, 'Calotte d''Elias le fourbe', 24, '{"price": 400, "rupture": 3, "slotCount": 1, "requireLevel": 2, "magicProtection": 1}', 'Calotte d''Elias le fourbe'),
 (166, 'Coiffe de leadership', 24, '{"price": 400, "rupture": 3, "slotCount": 1, "requireLevel": 2, "magicProtection": 1}', 'Coiffe de leadership'),
 (167, 'Diadème de protection', 24, '{"price": 500, "rupture": 2, "slotCount": 1, "requireLevel": 3}', 'Diademe de protection'),
 (168, 'Chapeau d''empathie', 24, '{"price": 500, "rupture": 2, "slotCount": 1, "requireLevel": 3, "magicProtection": 1}', 'Chapeau d''empathie'),
 (169, 'Calotte d''intégrité', 24, '{"note": "Reporte toute mutation sur un allié proche", "price": 500, "rupture": 2, "slotCount": 1, "requireLevel": 2, "magicProtection": 1}', 'Calotte d''integrite'),
 (170, 'Toque de persévérance', 24, '{"price": 750, "rupture": 2, "slotCount": 1, "requireLevel": 3, "magicProtection": 1}', 'Toque de perseverance'),
 (171, 'Chapeau impressionnant', 24, '{"price": 800, "rupture": 2, "slotCount": 1, "requireLevel": 2}', 'Chapeau impressionnant'),
 (172, 'Bonnet de prophylaxie', 24, '{"note": "Immunité totale aux maladies", "price": 900, "rupture": 2, "slotCount": 1, "requireLevel": 2}', 'Bonnet de prophylaxie'),
 (173, 'Chapeau déflecteur du confirmé', 24, '{"price": 1000, "rupture": 2, "slotCount": 1, "requireLevel": 2, "magicProtection": 2}', 'Chapeau deflecteur du confirme'),
 (174, 'Couronne de récupération', 24, '{"note": "Récup. de 2PA / heure", "price": 1000, "rupture": 2, "slotCount": 1, "requireLevel": 5}', 'Couronne de recuperation'),
 (175, 'Toque du bastonneur', 24, '{"price": 1500, "rupture": 2, "slotCount": 1, "requireLevel": 2, "magicProtection": 1}', 'Toque du bastonneur'),
 (176, 'Chapeau de renforcement cognitif', 24, '{"price": 1500, "rupture": 2, "slotCount": 1}', 'Chapeau de renforcement cognitif'),
 (177, 'Diadème de haute protection', 24, '{"price": 2000, "slotCount": 1, "requireLevel": 6, "magicProtection": 1}', 'Diademe de haute protection'),
 (180, 'Chapeau déflecteur d''élite', 24, '{"price": 3000, "slotCount": 1, "requireLevel": 5, "magicProtection": 4}', 'Chapeau deflecteur d''elite'),
 (181, 'Calotte d''ingéniosité', 24, '{"price": 3000, "slotCount": 1, "requireLevel": 4, "magicProtection": 1}', 'Calotte d''ingeniosite'),
 (182, 'Belle toque d''évitement', 24, '{"note": "Repousse les projectiles sur 1D6 : 1 à 4", "price": 3000, "slotCount": 1, "requireLevel": 4, "magicProtection": 1}', 'Belle toque d''evitement'),
 (183, 'Couronne de bataille', 24, '{"price": 3000, "slotCount": 1, "requireLevel": 6, "magicProtection": 3}', 'Couronne de bataille'),
 (184, 'Chapeau d''acuité magnifique', 24, '{"price": 3000, "slotCount": 1, "requireLevel": 7, "magicProtection": 1}', 'Chapeau d''acuite magnifique'),
 (185, 'Chapeau de furie', 24, '{"price": 4000, "slotCount": 1, "requireLevel": 5, "magicProtection": 2}', 'Chapeau de furie'),
 (186, 'Chapeau d''immunité', 24, '{"price": 4000, "slotCount": 1, "requireLevel": 6, "magicProtection": 2}', 'Chapeau d''immunite'),
 (187, 'Diadème d''excellence', 24, '{"price": 4500, "slotCount": 1, "requireLevel": 7, "magicProtection": 1}', 'Diademe d''excellence'),
 (188, 'Couronne d''invocation', 24, '{"note": "BONUS +4 au jet de contrôle sur l''invocation", "price": 5000, "slotCount": 1, "requireLevel": 6, "magicProtection": 1}', 'Couronne d''invocation'),
 (189, 'Coiffe sublime d''immunité', 24, '{"note": "Immunité : coups critiques ennemis", "price": 5000, "slotCount": 1, "requireLevel": 8, "magicProtection": 2}', 'Coiffe sublime d''immunite'),
 (190, 'Chapeau du maître', 24, '{"price": 6000, "slotCount": 1, "requireLevel": 8, "magicProtection": 2}', 'Chapeau du maitre'),
 (191, 'Toque de l''archimage Tholsadûm', 24, '{"price": 10000, "relic": 1, "slotCount": 1, "requireLevel": 6, "magicProtection": 2}', 'Toque de l''archimage Tholsadum'),
 (192, 'Coiffe de mage d''élite', 24, '{"price": 12000, "slotCount": 1, "requireLevel": 8, "magicProtection": 3}', 'Coiffe de mage d''elite'),
 (193, 'Capeline de voleur d''innocence', 25, '{"price": 30, "rupture": 6, "slotCount": 1}', 'Capeline de voleur d''innocence'),
 (194, 'Capuche fourrée', 25, '{"note": "Immunise contre le rhume", "price": 50, "rupture": 6, "slotCount": 1}', 'Capuche fourree'),
 (195, 'Capeline renforcée de base', 25, '{"price": 50, "rupture": 5, "slotCount": 1, "protection": 1}', 'Capeline renforcee de base'),
 (196, 'Chapeau de marchand de qualité', 25, '{"price": 100, "rupture": 4, "slotCount": 1}', 'Chapeau de marchand de qualite'),
 (197, 'Chapeau de chef de groupe', 25, '{"price": 200, "rupture": 3, "slotCount": 1}', 'Chapeau de chef de groupe'),
 (198, 'Capeline renforcée de qualité', 25, '{"note": "Immunise contre le rhume", "price": 250, "rupture": 4, "slotCount": 1, "protection": 1}', 'Capeline renforcee de qualite'),
 (199, 'Masque d''horreur de l''assassin', 25, '{"price": 800, "rupture": 4, "slotCount": 1}', 'Masque d''horreur de l''assassin'),
 (200, 'Chapeau à plumet de collection', 25, '{"price": 800, "rupture": 3, "slotCount": 1}', 'Chapeau a plumet de collection'),
 (201, 'Capeline renforcée de luxe', 25, '{"price": 1000, "rupture": 2, "slotCount": 1, "protection": 1}', 'Capeline renforcee de luxe'),
 (202, 'Capuche de discrétion', 26, '{"note": "AD+1 (discrétion)", "price": 100, "rupture": 4, "slotCount": 1}', 'Capuche de discretion'),
 (203, 'Capeline du fourbe', 26, '{"price": 400, "rupture": 3, "slotCount": 1, "magicProtection": 1}', 'Capeline du fourbe'),
 (204, 'Bonnet d''inexistance', 26, '{"price": 400, "rupture": 3, "slotCount": 1, "magicProtection": 1}', 'Bonnet d''inexistance'),
 (205, 'Chapeau à plumet d''évitement', 26, '{"note": "Repousse les projectiles sur 1D6 : 1 à 2", "price": 400, "rupture": 3, "slotCount": 1}', 'Chapeau a plumet d''evitement'),
 (206, 'Capeline du cavalier', 26, '{"price": 400, "rupture": 3, "slotCount": 1, "magicProtection": 1}', 'Capeline du cavalier'),
 (207, 'Bandeau de récupération', 26, '{"note": "Récup. de 1PV / heure", "price": 400, "rupture": 3, "slotCount": 1}', 'Bandeau de recuperation'),
 (208, 'Toque enchantée de bienfaisance', 26, '{"price": 400, "rupture": 3, "slotCount": 1, "magicProtection": 1}', 'Toque enchantee de bienfaisance'),
 (209, 'Masque du Grand Bourrin', 26, '{"price": 600, "rupture": 3, "slotCount": 1, "magicProtection": 1}', 'Masque du Grand Bourrin'),
 (210, 'Bandeau vert d''archerie', 26, '{"price": 600, "rupture": 3, "slotCount": 1, "magicProtection": 1}', 'Bandeau vert d''archerie'),
 (211, 'Diadème de lecteur', 26, '{"price": 800, "rupture": 3, "slotCount": 1}', 'Diademe de lecteur'),
 (212, 'Chapeau admirable', 26, '{"price": 900, "rupture": 3, "slotCount": 1}', 'Chapeau admirable'),
 (213, 'Cagoule d''ambidextrie', 26, '{"price": 1000, "rupture": 2, "slotCount": 1, "magicProtection": 1}', 'Cagoule d''ambidextrie'),
 (214, 'Bandana de bienfaisance', 26, '{"note": "Récup. de 2PV / heure", "price": 1000, "rupture": 2, "slotCount": 1}', 'Bandana de bienfaisance'),
 (215, 'Bandana de force', 26, '{"price": 1000, "rupture": 2, "slotCount": 1}', 'Bandana de force'),
 (216, 'Chapeau de duperie', 26, '{"price": 1000, "rupture": 2, "slotCount": 1}', 'Chapeau de duperie'),
 (217, 'Casque léger de Jason', 26, '{"price": 1000, "rupture": 2, "slotCount": 1, "magicProtection": 2}', 'Casque leger de Jason'),
 (218, 'Capuche du malandrin', 26, '{"price": 1200, "rupture": 2, "slotCount": 1}', 'Capuche du malandrin'),
 (219, 'Capuche elfique des temps anciens', 26, '{"price": 1200, "rupture": 2, "slotCount": 1}', 'Capuche elfique des temps anciens'),
 (220, 'Capuche de malandrin renforcée', 26, '{"price": 1500, "rupture": 2, "slotCount": 1, "magicProtection": 1}', 'Capuche de malandrin renforcee'),
 (221, 'Chapeau de jugeote', 26, '{"price": 1500, "rupture": 2, "slotCount": 1}', 'Chapeau de jugeote'),
 (222, 'Chapeau déflecteur d''éléments', 26, '{"price": 1500, "rupture": 2, "slotCount": 1, "protectionAgainstMagic": 4}', 'Chapeau deflecteur d''elements'),
 (223, 'Capeline de prophylaxie', 26, '{"note": "Immunité totale aux maladies", "price": 1500, "rupture": 2, "slotCount": 1}', 'Capeline de prophylaxie'),
 (224, 'Bandeau de Chuck', 26, '{"note": "+1 pour réussir un coup spécial", "price": 2000, "slotCount": 1, "magicProtection": 1}', 'Bandeau de Chuck'),
 (225, 'Chapeau protecteur du Négociant', 26, '{"price": 2000, "slotCount": 1, "magicProtection": 3}', 'Chapeau protecteur du Negociant'),
 (226, 'Chapeau de Commandement', 26, '{"price": 2200, "slotCount": 1, "magicProtection": 2}', 'Chapeau de Commandement'),
 (227, 'Capuche de contrôle de soi', 26, '{"price": 2300, "slotCount": 1, "magicProtection": 1}', 'Capuche de controle de soi'),
 (228, 'Excellente capuche de malandrin', 26, '{"price": 3000, "slotCount": 1, "magicProtection": 2}', 'Excellente capuche de malandrin'),
 (229, 'Capuche d''immunité', 26, '{"price": 3000, "slotCount": 1, "magicProtection": 1}', 'Capuche d''immunite'),
 (230, 'Capuche de Noire Vision', 26, '{"note": "Donne la nyctalopie totale", "price": 3000, "slotCount": 1, "magicProtection": 2}', 'Capuche de Noire Vision'),
 (231, 'Chapeau d''évitement épique', 26, '{"note": "Repousse les projectiles sur 1D6 : 1 à 4", "price": 3000, "slotCount": 1, "magicProtection": 1}', 'Chapeau d''evitement epique'),
 (232, 'Bandana brutal du colosse', 26, '{"price": 3000, "slotCount": 1, "magicProtection": 1}', 'Bandana brutal du colosse'),
 (233, 'Chapeau de Préservation', 26, '{"price": 3000, "slotCount": 1, "magicProtection": 4}', 'Chapeau de Preservation'),
 (234, 'Capuchon du maître d''armes', 26, '{"price": 3000, "slotCount": 1, "magicProtection": 1}', 'Capuchon du maitre d''armes'),
 (235, 'Couronne Magistrale', 26, '{"price": 3500, "slotCount": 1, "magicProtection": 1}', 'Couronne Magistrale'),
 (236, 'Capuche de maîtrise du larçin', 26, '{"price": 5000, "slotCount": 1, "magicProtection": 2}', 'Capuche de maitrise du larcin'),
 (237, 'Chapeau de l''ultime chance', 26, '{"price": 8000, "slotCount": 1}', 'Chapeau de l''ultime chance'),
 (238, 'Tricorne de bouffon à grelots', 27, '{"price": 200, "rupture": 3, "slotCount": 1, "magicProtection": 1}', 'Tricorne de bouffon a grelots'),
 (239, 'Haut-de-forme d''éloquence', 27, '{"note": "+1 pour étonner, captiver", "price": 200, "rupture": 3, "slotCount": 1, "magicProtection": 1}', 'Haut-de-forme d''eloquence'),
 (240, 'Chapeau à plume du charmeur', 27, '{"note": "+1 pour séduire", "price": 200, "rupture": 3, "slotCount": 1, "magicProtection": 1}', 'Chapeau a plume du charmeur'),
 (241, 'Chapeau du pauvre hère', 27, '{"note": "+10 PO à mendier/pleurnicher", "price": 250, "rupture": 2, "slotCount": 1, "magicProtection": 1}', 'Chapeau du pauvre here'),
 (242, 'Bicorne de disparition', 27, '{"price": 400, "rupture": 2, "slotCount": 1, "magicProtection": 1}', 'Bicorne de disparition'),
 (243, 'Chapeau de musicien baroudeur', 27, '{"note": "+1 pour réussir un coup spécial", "price": 1600, "rupture": 2, "slotCount": 1, "magicProtection": 1}', 'Chapeau de musicien baroudeur'),
 (244, 'Bicorne gracieux de conservation', 27, '{"price": 1800, "slotCount": 1, "magicProtection": 3}', 'Bicorne gracieux de conservation'),
 (245, 'Tricorne fabuleux de disparition', 27, '{"price": 2000, "slotCount": 1, "magicProtection": 2}', 'Tricorne fabuleux de disparition'),
 (246, 'Bandana de rocker bretteur', 27, '{"price": 2200, "slotCount": 1, "magicProtection": 1}', 'Bandana de rocker bretteur'),
 (247, 'Chapeau perce-cœur', 27, '{"note": "+3 pour séduire", "price": 2500, "slotCount": 1, "magicProtection": 2}', 'Chapeau perce-ceur'),
 (248, 'Chapeau du musicien d''élite', 27, '{"note": "+2 pour réussir un coup spécial", "price": 2500, "slotCount": 1, "magicProtection": 2}', 'Chapeau du musicien d''elite'),
 (249, 'Chapeau du maître de cérémonie', 27, '{"price": 4000, "slotCount": 1, "magicProtection": 2}', 'Chapeau du maitre de ceremonie'),
 (250, 'Dent de rat', 17, '{"price": 0.1, "space": "aucun, ça tient dans une bourse", "diceDrop": 1, "description": "Une simple dent arrachée à un rat standard, mort ou vivant. C''est plus sympa s''il est mort.", "quantifiable": 1, "availableLocation": "sur un squelette de rat (environ 10 dents utilisables par rat), magasin pour mage"}', 'Dent de rat'),
 (251, 'Queue de rat', 17, '{"price": 0.1, "space": "négligeable", "diceDrop": 2, "throwable": 0, "description": "La queue coupée d''un rat standard, vivant ou mort depuis peu.", "quantifiable": 1, "availableLocation": "sur un rat décédé récemment, magasin pour mage"}', 'Queue de rat'),
 (380, 'Cymbales', 21, '{"price": 750}', 'Cymbales'),
 (381, 'Tambour', 21, '{"price": 800}', 'Tambour'),
 (252, 'Cresson (frais)', 17, '{"price": 0.1, "space": "l''équivalent d''une bonne poignée de végétaux, pour environ 100 grammes", "diceDrop": 3, "throwable": 0, "description": "Un simple bouquet de cresson, qui constitue une dose du produit pour un usage magique.", "quantifiable": 1, "availableLocation": "au marché, chez un paysan, dans un fossé en milieu tempéré, magasin pour mage"}', 'Cresson (frais)'),
 (253, 'Oeuf de poule', 17, '{"price": 0.1, "space": "tient dans le creux de la main – nécessite d''être protégé", "diceDrop": 4, "throwable": 0, "description": "Rien de plus bête qu''un œuf. Il doit être daté de moins de 15 jours. Mais attention, c''est fragile...", "quantifiable": 1, "availableLocation": "au marché, chez un paysan, marchand d''alimentation"}', 'Oeuf de poule'),
 (255, 'Sang de porc', 17, '{"price": 0.1, "space": "fiole de 10 cl., environ 100 grammes", "diceDrop": 6, "throwable": 0, "description": "Une denrée très périssable, à utiliser dans les quelques heures après récupération.", "quantifiable": 1, "availableLocation": "magasin pour mage, boucherie, chez un paysan"}', 'Sang de porc'),
 (257, 'Sel', 17, '{"price": 0.2, "space": "négligeable", "diceDrop": 8, "throwable": 0, "description": "Du sel traditionnel, de cuisine, qu''on peut conserver de n''importe quelle façon. Ne supporte pas l''immersion !", "quantifiable": 1, "availableLocation": "magasin pour mage, magasin d''alimentation, cuisine"}', 'Sel'),
 (259, 'Boule de cire', 17, '{"price": 0.2, "space": "négligeable", "diceDrop": 10, "throwable": 0, "description": "La même cire qu''on utilise pour sceller le courrier, mais vendue sous forme de petites boules.", "quantifiable": 1, "availableLocation": "magasin pour mage"}', 'Boule de cire'),
 (385, 'Batterie of Doom (ench)', 21, '{"note": "Peu pratique à transporter FO+2 aux alliés pendant 5 assauts – Jusqu''à 30m", "price": 4200}', 'Batterie of Doom (ench)'),
 (256, 'Poudre d''argent', 17, '{"price":0.2,"space":"négligeable","diceDrop":7,"throwable":0,"description":"Vendue traditionnellement dans un minuscule sachet de cuir. Il est possible de la fabriquer soi-même à partir de pièces d''argent et d''une bonne lime (mais c''est un peu long).","quantifiable":1,"availableLocation":"magasin pour mage, pièces d''argent limées"}', 'Poudre d''argent'),
 (260, 'Bougie standard', 17, '{"price": 0.2, "space": "selon modèle", "diceDrop": 11, "throwable": 0, "description": "Une bougie classique, qui peut avoir n''importe quelle forme et n''importe quel parfum !", "quantifiable": 1, "availableLocation": "magasin pour mage, bazar, épicerie"}', 'Bougie standard'),
 (262, 'Dent d''ours', 17, '{"price": 0.3, "space": "quelques dents peuvent remplir une bourse", "diceDrop": 13, "throwable": 0, "description": "Une simple dent arrachée à un ours standard, mort ou vivant. C''est moins dangereux s''il est mort.", "quantifiable": 1, "availableLocation": "sur un squelette d''ours (environ 10 dents utilisables par ours), magasin pour mage"}', 'Dent d''ours'),
 (263, 'Dent de loup', 17, '{"price": 0.3, "space": "quelques dents peuvent remplir une bourse", "diceDrop": 14, "throwable": 0, "description": "Une simple dent arrachée à un loup standard, mort ou vivant. C''est plus pratique s''il est mort.", "quantifiable": 1, "availableLocation": "sur un squelette de loup (environ 10 dents utilisables par loup), magasin pour mage"}', 'Dent de loup'),
 (264, 'Poivre noir', 17, '{"price": 0.3, "space": "négligeable", "diceDrop": 15, "throwable": 0, "description": "Du poivre absolument classique, mais noir.", "quantifiable": 1, "availableLocation": "magasin pour mage, magasin d''alimentation, cuisine"}', 'Poivre noir'),
 (266, 'Sang de corbeau', 17, '{"price": 0.3, "space": "fiole de 10 cl., environ 100 grammes", "diceDrop": 17, "throwable": 0, "description": "Une denrée très périssable, à utiliser dans les quelques heures après récupération.", "quantifiable": 1, "availableLocation": "sur un corbeau blessé ou récemment décédé, magasin pour mage"}', 'Sang de corbeau'),
 (269, 'Urine de bouc', 17, '{"price": 0.5, "space": "fiole de 10 cl., environ 100 grammes", "diceDrop": 20, "throwable": 0, "description": "Il est préférable d''acheter ce produit plutôt que de le récolter soi-même...", "quantifiable": 1, "availableLocation": "soi-même chez un éleveur de chèvres, magasin pour mage"}', 'Urine de bouc'),
 (271, 'Oeufs de grenouille', 17, '{"price": 0.5, "space": "fiole de 10 cl., environ 100 grammes", "diceDrop": 22, "throwable": 0, "description": "Des œufs minuscules et gluants, fraîchement récoltés dans les marécages ou les mares d''eau peu profondes.", "quantifiable": 1, "availableLocation": "près d''une mare en été, magasin pour mage"}', 'Oeufs de grenouille'),
 (272, 'Patte de triton', 17, '{"price": 0.5, "space": "négligeable", "diceDrop": 23, "throwable": 0, "description": "La patte coupée d''un triton standard, vivant ou mort depuis peu. Conservation : quelques jours au maximum.", "quantifiable": 1, "availableLocation": "sur un rat triton récemment (voisinage d''une mare), magasin pour mage"}', 'Patte de triton'),
 (382, 'Djembé', 21, '{"price": 800}', 'Djembe'),
 (383, 'Xylophone', 21, '{"price": 1000}', 'Xylophone'),
 (273, 'Soufre en poudre', 17, '{"price": 1, "space": "négligeable", "diceDrop": 24, "throwable": 0, "description": "Ressource naturelle extraite habituellement par des spécialistes.", "quantifiable": 1, "availableLocation": "magasin pour mage"}', 'Soufre en poudre'),
 (274, 'Oeil de crapeau', 17, '{"price": 1, "space": "négligeable", "diceDrop": 25, "throwable": 0, "description": "Il s''agit d''un œil frais, et dont la période de conservation est donc très courte (quelques jours). Vendu en fiole.", "quantifiable": 1, "availableLocation": "magasin pour mage, prélevé sur un crapaud"}', 'Oeil de crapeau'),
 (275, 'Morceau de bois à usage magique', 17, '{"price": 1, "space": "100 grammes par morceau", "diceDrop": 26, "throwable": 0, "description": "Ces morceaux de bois sont spécialement traités pour les pratiques magiques. Impossible de le faire soi-même.", "quantifiable": 1, "availableLocation": "magasin pour mage"}', 'Morceau de bois a usage magique'),
 (276, 'Savon de Fquiepou', 17, '{"price": 1, "space": "100 grammes par savon", "diceDrop": 27, "throwable": 0, "description": "Savon spécial, fabriqué par une entreprise familiale qui garde jalousement son secret depuis des siècles.", "quantifiable": 1, "availableLocation": "magasin pour mage, épicerie, bazar"}', 'Savon de Fquiepou'),
 (277, 'Bougie à la graisse d’ours', 17, '{"price": 1, "space": "100 grammes par bougie", "diceDrop": 28, "throwable": 0, "description": "C''est un modèle de bougie spécialement fabriqué pour les pratiques magiques. Impossible à faire soi-même.", "quantifiable": 1, "availableLocation": "magasin pour mage"}', 'Bougie a la graisse d’ours'),
 (417, 'Manuel de l''Invocateur Inconscient', 28, '{"note": "Permet d''invoquer des démons, esprits – toutes magies niveau 4 à 10", "price": 150}', 'Manuel de l''Invocateur Inconscient'),
 (265, 'Corbeau mort', 17, '{"price":0.3,"space":"un quart de sac à dos standard, pour environ 600 grammes","diceDrop":16,"throwable":0,"description":"L''animal doit être décédé mais non décomposé. En fonction de la saison, sa durée de conservation peut varier de 2 jours à une semaine.","quantifiable":1,"availableLocation":"magasin pour mage, magasin d''alimentation, cuisine"}', 'Corbeau mort'),
 (268, 'Queue de rat zombi', 17, '{"price":0.5,"space":"négligeable","diceDrop":19,"throwable":0,"description":"La queue coupée d''un rat zombi, donc forcément mort et magiquement conservé. Assez rare puisqu''en général les rats zombis se trouvent uniquement dans le voisinage des nécromants.","quantifiable":1,"availableLocation":"sur un rat zombi, magasin pour mage"}', 'Queue de rat zombi'),
 (270, 'Alcool blanc', 17, '{"price":0.5,"space":"fiole de 10 cl., environ 100 grammes","diceDrop":21,"throwable":0,"description":"Un alcool distillé à partir de produits de base, qui est utilisé par certains fabricants de produits spiritueux, ou qui entre parfois dans les préparations culinaires.","quantifiable":1,"availableLocation":"cuisine, magasin d''alimentation, épicerie, magasin pour mage"}', 'Alcool blanc'),
 (278, 'Bile de renard', 17, '{"price":1,"space":"fiole de 10 cl., environ 100 grammes","diceDrop":29,"throwable":0,"description":"Liquide extrait de la vésicule d''un renard. Pour le faire soi-même, il faut que le cadavre soit frais. La bile ne se conserve pas plus d''une semaine, en fiole.","quantifiable":1,"availableLocation":"magasin pour mage, sur un renard fraîchement décédé"}', 'Bile de renard'),
 (279, 'Poudre d’or', 17, '{"price":2,"space":"négligeable","diceDrop":30,"throwable":0,"description":"Vendue traditionnellement dans un minuscule sachet de cuir. Il est possible de la fabriquer soi-même à partir de pièces d''or ou d''objets en or, et d''une bonne lime (mais c''est un peu long).","quantifiable":1,"availableLocation":"magasin pour mage, pièces d''or limées"}', 'Poudre d’or'),
 (283, 'Parchemin', 17, '{"price": 2, "space": "léger mais fragile, nécessite un emballage", "diceDrop": 34, "throwable": 0, "description": "Généralement utilisés pour inscrire des formules. Il doit être certifié par un spécialiste.", "quantifiable": 1, "availableLocation": "magasin pour mage, librairie"}', 'Parchemin'),
 (286, 'Bougie verte', 17, '{"price": 2, "space": "100 grammes par bougie", "diceDrop": 37, "throwable": 0, "description": "C''est un modèle de bougie spécialement fabriqué pour les pratiques magiques. Impossible à faire soi-même.", "quantifiable": 1, "availableLocation": "magasin pour mage"}', 'Bougie verte'),
 (289, 'Sarments de vigne séchés', 17, '{"price": 3, "space": "100 grammes par poignée", "diceDrop": 40, "throwable": 0, "description": "On trouve ces sarments au pied des vignes, mais généralement ça fait loin, alors on finit par les acheter.", "quantifiable": 1, "availableLocation": "magasin pour mage, au milieu des vignes (partie sud du pays)"}', 'Sarments de vigne seches'),
 (291, 'Poudre de diamant', 17, '{"price": 5, "space": "négligeable", "diceDrop": 42, "throwable": 0, "description": "Nul ne sait comment les Nains arrivent à faire de la poudre à partir de diamants. Mais ils le font.", "quantifiable": 1, "availableLocation": "magasin pour mage, communauté de Nains"}', 'Poudre de diamant'),
 (460, 'Les symboles d''un autre temps', 31, '{"price": 50, "skillBook": true}', 'Les symboles d''un autre temps'),
 (281, 'Plume de coq noir', 17, '{"price":2,"space":"négligeable","diceDrop":32,"throwable":0,"description":"Les plumes des ailes sont utilisées uniquement. On peut en avoir jusqu''à 30 sur un seul coq ! Mais le coq doit être intégralement noir, d''où la relative rareté du produit.","quantifiable":1,"availableLocation":"magasin pour mage, chez un paysan avec de la chance"}', 'Plume de coq noir'),
 (285, 'Bougie noire au suint de bouc', 17, '{"price":2,"space":"100 grammes par bougie","diceDrop":36,"throwable":0,"description":"C''est un modèle de bougie spécialement fabriqué pour les pratiques magiques. Impossible à faire soi-même. Elle dégage un parfum atroce mais bon, on n''y peut rien.","quantifiable":1,"availableLocation":"magasin pour mage"}', 'Bougie noire au suint de bouc'),
 (284, 'Chèvre morte', 17, '{"price":2,"space":"lourd et encombrant, 40 kilos (nécessite une brouette)","weight":40,"diceDrop":35,"description":"Un ingrédient généralement réservé aux nécromants. Nul ne sait pourquoi cet ingrédient est magique, en tout cas on utilise plusieurs organes de l''animal. Le cadavre doit être frais (conservation variable de 2 à 7 jours, selon la saison). C''est très encombrant et assez malodorant","quantifiable":1,"availableLocation":"chez un éleveur de chèvres, dans un champ avec un peu de chance"}', 'Chevre morte'),
 (287, 'Poudre d’écorce de boulorne', 17, '{"price":3,"space":"négligeable","diceDrop":38,"throwable":0,"description":"Ingrédient généralement fourni par des Sylvains généreux. Il n''empêche que les humains en font un commerce. On peut bien sûr limer soi-même l''écorce (sèche) d''un Boulorne pour en tirer de la poudre. Les Boulornes se trouvent uniquement : dans la partie Est de Schlipak, dans la forêt de Groinsale, dans le Bois N''talamela et dans la forêt d''Ouien.","quantifiable":1,"availableLocation":"magasin pour mage, directement sur une écorce séchée"}', 'Poudre d’ecorce de boulorne'),
 (288, 'Herbe grise du marais', 17, '{"price":3,"space":"100 grammes par poignée","diceDrop":39,"throwable":0,"description":"Une herbe particulière, qu''on utilise fraîche aussi bien que séchée. Elle pousse autour des flaques dans le Marécage de l''Éternelle Agonie.","quantifiable":1,"availableLocation":"magasin pour mage, marécage"}', 'Herbe grise du marais'),
 (292, 'Poudre de molaire de dantragor', 17, '{"price":5,"space":"négligeable","diceDrop":43,"throwable":0,"description":"Ces animaux sont un peu rares, mais on en trouve dans la partie centrale du pays, dans les terres sauvages de Kwzprtt, le marécage et le sud de Schlipak. On extrait la poudre de leurs molaires, et elle est conditionnée en minuscule sachets de cuir. Il est possible de le faire soi-même à condition de récupérer la molaire ! Un seul animal fournit plusieurs centaines de doses, mais il faut du temps pour raper les dents (et une bonne lime) car les dents sont extrêmement dures.","quantifiable":1,"availableLocation":"magasin pour mage, sur un animal décédé"}', 'Poudre de molaire de dantragor'),
 (294, 'Poil de Dantragor', 17, '{"price":5,"space":"négligeable","diceDrop":45,"throwable":0,"description":"Ces animaux sont un peu rares, mais on en trouve dans la partie centrale du pays, dans les terres sauvages de Kwzprtt, le marécage et le sud de Schlipak. Un seul animal fournit plusieurs milliers de poils longs et gras, cependant on n''utilise en magie que certains poils gris poussant dans la barbiche et qui doivent être soigneusement triés. Il faut donc être un expert pour s''en tirer.","quantifiable":1,"availableLocation":"magasin pour mage"}', 'Poil de Dantragor'),
 (295, 'Onguent de feu d''Altela', 17, '{"price":5,"space":"petit pot en terre de 100 grammes","diceDrop":46,"throwable":0,"description":"Une préparation spéciale, fabriquée par une entreprise familiale qui garde jalousement son secret depuis des siècles. Traditionnellement, on en retrouve dans beaucoup de recettes de Magie du Feu.","quantifiable":1,"availableLocation":"magasin pour mage, bazar"}', 'Onguent de feu d''Altela'),
 (296, 'Feuille de boulorne', 17, '{"price":5,"space":"négligeable","diceDrop":47,"throwable":0,"description":"Connues pour leurs propriétés régénérantes liées à la santé du cheveu, ces feuilles ne tombent pas d''elles-même et il faut aller les chercher dans le tiers le plus haut de l''arbre. Seules certaines feuilles sont utilisables donc.","quantifiable":1,"availableLocation":"magasin pour mage, village elfique, en haut d''un boulorne"}', 'Feuille de boulorne'),
 (297, 'Herbe de Nilla', 17, '{"price":5,"space":"100 grammes par poignée","diceDrop":48,"throwable":0,"description":"Une herbe qui pousse uniquement dans certains sous-bois. Pour la reconnaître il faut être doué. Elle peut être utilisée fraîche ou séchée.","quantifiable":1,"availableLocation":"magasin pour mage, sous-bois"}', 'Herbe de Nilla'),
 (299, 'Spores de myconides', 17, '{"price":5,"space":"négligeable","diceDrop":50,"throwable":0,"description":"Les myconides sont des hommes-champignons vivant dans certaines cavernes. Leurs spores ont de nombreuses vertus hallucinogènes, et ils les troquent souvent contre des denrées diverses, mais ils sont timides et il n''est pas facile de trouver leurs villages. Les spores sont conditionnées en minuscules sachets de cuir.","quantifiable":1,"availableLocation":"magasin pour mage, village Myconide"}', 'Spores de myconides'),
 (300, 'Jus de framboises de Schlipak', 17, '{"price": 5, "space": "négligeable", "diceDrop": 51, "throwable": 0, "description": "Un jus spécial, pressé par les Sylvains à partir des fruits des les meilleurs framboisiers de la forêt.", "quantifiable": 1, "availableLocation": "magasin pour mage, villages elfiques de Schlipak"}', 'Jus de framboises de Schlipak'),
 (303, 'Poudre de malachite', 17, '{"price": 8, "space": "quelques dents peuvent remplir une bourse", "diceDrop": 54, "throwable": 0, "description": "Il s''agit d''un minerai difficile à trouver. Généralement, seuls les Nains arrivent à en faire de la poudre.", "quantifiable": 1, "availableLocation": "magasin pour mage, communauté de Nains"}', 'Poudre de malachite'),
 (306, 'Poudre de trithil', 17, '{"price": 10, "space": "négligeable", "diceDrop": 57, "throwable": 0, "description": "Il s''agit d''un métal dur provenant des exploitations des Nains. Seuls les Nains arrivent à en faire de la poudre.", "quantifiable": 1, "availableLocation": "magasin pour mage, communauté de Nains"}', 'Poudre de trithil'),
 (313, 'Essence de jujuba', 17, '{"price": 10, "space": "fiole de 10 cl., environ 100 grammes", "diceDrop": 64, "throwable": 0, "description": "Un produit fabriqué essentiellement par les Sylvains, à base de plantes. Il sert à faire aussi des baumes.", "quantifiable": 1, "availableLocation": "magasin pour mage, communauté de Sylvains"}', 'Essence de jujuba'),
 (314, 'Huile de jujuba', 17, '{"price": 10, "space": "fiole de 10 cl., environ 100 grammes", "diceDrop": 65, "throwable": 0, "description": "Un produit fabriqué essentiellement par les Sylvains, à base de plantes. Il est bon pour la peau.", "quantifiable": 1, "availableLocation": "magasin pour mage, communauté de Sylvains"}', 'Huile de jujuba'),
 (315, 'Essence de Boulorne', 17, '{"price": 10, "space": "fiole de 10 cl., environ 100 grammes", "diceDrop": 66, "throwable": 0, "description": "Un produit fabriqué essentiellement par les Sylvains, à base du précieux Boulorne.", "quantifiable": 1, "availableLocation": "magasin pour mage, communauté de Nains"}', 'Essence de Boulorne'),
 (384, 'Carillon de cristal (ench)', 21, '{"note": "Fragile !", "price": 1900}', 'Carillon de cristal (ench)'),
 (316, 'Poudre de mithril', 17, '{"price": 12, "space": "négligeable", "diceDrop": 67, "throwable": 0, "description": "Il s''agit d''un métal dur provenant des mines du Nord. Seuls les Nains arrivent à en faire de la poudre.", "quantifiable": 1, "availableLocation": "magasin pour mage, communauté de Nains"}', 'Poudre de mithril'),
 (317, 'Poudre de berylium', 17, '{"price": 15, "space": "négligeable", "diceDrop": 68, "throwable": 0, "description": "Il s''agit d''un minerai énergétique provenant des mines du Nord. Seuls les Nains arrivent à en faire de la poudre.", "quantifiable": 1, "availableLocation": "magasin pour mage, communauté de Nains"}', 'Poudre de berylium'),
 (304, 'Poudre noire des gobelins', 17, '{"price":8,"space":"négligeable, en minuscule sachet de cuir","diceDrop":55,"throwable":0,"description":"Personne ne sait vraiment comment cette poudre est faite. Vous pouvez l''obtenir auprès de certaines communautés de peaux-vertes, mais vous y perdrez sans doute votre chemise.","quantifiable":1,"availableLocation":"magasin pour mage, chez les gobelins"}', 'Poudre noire des gobelins'),
 (305, 'Ecorce de boulorne', 17, '{"price":8,"space":"négligeable","diceDrop":56,"throwable":0,"description":"Une partie très spéciale de l''écorce de l''arbre est récupérée et traitée pour ses propriétés magiques. Vous ne pouvez donc pas le faire vous-même.","quantifiable":1,"availableLocation":"magasin pour mage, village elfique"}', 'Ecorce de boulorne'),
 (307, 'Poil de barbe de Nain Bleu', 17, '{"price":10,"space":"négligeable","diceDrop":58,"throwable":0,"description":"Les Nains Bleus sont rares et vivent en communautés restreintes, perdus dans les montagnes. Il est quasiment impossible de les trouver. Ils acceptent de vendre leurs poils de barbe, aux vertus étonnantes, en échange de certains services. Mais comme ces poils ne repoussent pas, ils se paient.","quantifiable":1,"availableLocation":"magasin pour mage"}', 'Poil de barbe de Nain Bleu'),
 (308, 'Plume d''aigle des montagnes', 17, '{"price":10,"space":"négligeable","diceDrop":59,"throwable":0,"description":"Le grand aigle des montagnes est un oiseau difficile à approcher. Seules les plumes de ses ailes sont utilisées pour les pratiques magiques, mais en général on ne peut lui en voler de son vivant car cela nuirait à sa mobilité. C''est donc une affaire des spécialiste, et c''est pourquoi ces plumes sont hors de prix.","quantifiable":1,"availableLocation":"magasin pour mage, chez un chasseur d''aigles"}', 'Plume d''aigle des montagnes'),
 (310, 'Griffe de trogylork', 17, '{"price":10,"space":"quelques griffes peuvent remplir une bourse","diceDrop":61,"throwable":0,"description":"Le trogylork est une variété magique d''orque vivant dans les profondeurs et l''obscurité. On peut donc leur arracher leurs griffes, mais à condition de les avoir occis avant. On ne les trouve pas facilement.","quantifiable":1,"availableLocation":"magasin pour mage, sur un trogylork (10 griffes par cadavre)"}', 'Griffe de trogylork'),
 (311, 'Cimelweiss', 17, '{"price":10,"space":"nécessite une boîte de protection en bois (200 grammes)","diceDrop":62,"throwable":0,"description":"Variété très particulière de fleur poussant sur les cimes des montagnes du Nord les plus froides, vendue séchée et très fragile. Il est déconseillé d''essayer de les cueillir soi-même, à moins de disposer de bons vêtements chauds et d''une carte correcte.","quantifiable":1,"availableLocation":"magasin pour mage, sommet de montagne froide"}', 'Cimelweiss'),
 (312, 'Sphère d’or', 17, '{"price":10,"space":"négligeable, mais elle pèse 200 grammes tout de même","diceDrop":63,"throwable":0,"description":"C''est une simple sphère d''or pur, mais il faut disposer d''un certain matériel pour la créer (sans compter la matière première). Généralement vendue par les Nains, mais on en trouve un peu partout.","quantifiable":1,"availableLocation":"magasin pour mage, communauté de Nains"}', 'Sphere d’or'),
 (318, 'Cendres d’un érudit', 17, '{"price":15,"space":"négligeable","diceDrop":69,"throwable":0,"description":"Pour obtenir ces cendes, il faut avoir carbonisé un érudit jusqu''à ce qu''il n''en reste plus rien. Ordinairement récupéré lors des cérémonies funéraires (note : le concept d''érudit et un peu flou).","quantifiable":1,"availableLocation":"magasin pour mage, funérarium"}', 'Cendres d’un erudit'),
 (334, 'Poudre de Graddik', 17, '{"price": 50, "space": "négligeable", "diceDrop": 85, "throwable": 0, "description": "C''est une poudre unique, qui fut créée en des temps reculés et qu''on n''arrive plus à refaire. Il en reste un peu.", "quantifiable": 1, "availableLocation": "magasin pour mage, coup de chance"}', 'Poudre de Graddik'),
 (338, 'Cendres de vierge tuée par un dragon', 17, '{"price": 100, "space": "négligeable", "diceDrop": 89, "throwable": 0, "description": "Inutile de vous expliquer pourquoi cet ingrédient est aussi rare que cher !", "quantifiable": 1, "availableLocation": "magasin pour mage"}', 'Cendres de vierge tuee par un dragon'),
 (386, 'Baguettes «Storm Drummer» du prince-sorcier Lars Elric de Métalniboné', 21, '{"note": "+3 aux épreuves d''invocations des alliés jusqu''à la fin du combat Neutralisent les effets des autres instruments présents dans la zone", "price": 5300, "relic": 1}', 'Baguettes «Storm Drummer» du prince-sorcier Lars Elric de Metalnibone'),
 (322, 'Cendres d''un mage', 17, '{"price":25,"space":"négligeable","diceDrop":73,"throwable":0,"description":"Pour obtenir ces cendes, il faut avoir carbonisé un mage jusqu''à ce qu''il n''en reste plus rien. Il est possible de s''en procurer après une cérémonie funéraire, mais les duels entre mages ont souvent participé à ce commerce.","quantifiable":1,"availableLocation":"magasin pour mage, funérarium, chez un mage puissant"}', 'Cendres d''un mage'),
 (324, 'Oeuf de dragon des arbres', 17, '{"price":30,"space":"300 grammes, assez solide","diceDrop":75,"throwable":0,"description":"Rien de plus bête qu''un œuf, mais celui-ci est assez gros. Pour le trouver, il faut également grimper à un arbre et survivre au combat contre les parents.","quantifiable":1,"availableLocation":"magasin pour mage, nid de dragon des arbres"}', 'Oeuf de dragon des arbres'),
 (325, 'Oisillon piétiné par un aurochs', 17, '{"price":30,"space":"négligeable, fragile et nécessite un récipient refermable","diceDrop":76,"throwable":0,"description":"Nul ne sait qui a trouvé l''origine magique de cet ingrédient, généralement présenté sous la forme d''un petit tas sanglant, dont la durée de conservation n''excède pas deux jours. Il est possible d''organiser soi-même le piétinement des oisillons si vous trouvez un nid, mais vous aurez la plupart du temps à combattre l''aurochs après l''avoir attiré pour qu''il procède au carnage.","quantifiable":1,"availableLocation":"magasin pour mage, milieu naturel"}', 'Oisillon pietine par un aurochs'),
 (326, 'Sang de vierge', 17, '{"price":30,"space":"fiole de 10 cl., environ 100 grammes","diceDrop":77,"throwable":0,"description":"Il n''est pas difficile de trouver du sang de vierge, dans la mesure où on peut en prélever sur n''importe quelle personne assez jeune. Cependant, le sang de vierge à usage magique doit être récolté sur une personne majeure et consentante, lorsque les étoiles sont alignées avec la constellation du morshleg, au printemps, et ils doit être certifié par un comité formé de vieux types barbus.","quantifiable":1,"availableLocation":"magasin pour mage"}', 'Sang de vierge'),
 (328, 'Ongle de rhinocéros', 17, '{"price":40,"space":"200 grammes par ongle","diceDrop":79,"throwable":0,"description":"Les rhinocéros fanghiens sont maintenant rares, car les Barbares leur ont longtemps fait la chasse. C''est pour cette simple raison qu''il est difficile de prélever leurs gros ongles robustes.","quantifiable":1,"availableLocation":"magasin pour mage, rencontre inopinée avec un rhinocéros fâché"}', 'Ongle de rhinoceros'),
 (329, 'Oeuf de griffon', 17, '{"price":50,"space":"400 grammes, solide","diceDrop":80,"throwable":0,"description":"Pour trouver cet œuf, il faut d''abord trouver le griffon... Et celui-ci ne se laissera pas facilement voler sa progéniture, et encore faut-il arriver quand c''est la saison. Bon courage ! Cherchez plutôt en magasin.","quantifiable":1,"availableLocation":"magasin pour mage, nid de griffon"}', 'Oeuf de griffon'),
 (330, 'Serpent mort de peur', 17, '{"price":50,"space":"2 kilos avec le bocal","diceDrop":81,"throwable":0,"description":"Parfois, très rarement, un serpent surpris dans son élément naturel meurt d''une crise cardiaque. Cet événement donne lieu à la création de cet étrange ingrédient magique. Le serpent est conservé dans un bocal d''alcool blanc.","quantifiable":1,"availableLocation":"magasin pour mage, milieu naturel (bonne chance !)"}', 'Serpent mort de peur'),
 (331, 'Foetus de lamanthulu', 17, '{"price":50,"space":"4 kilos avec le bocal","diceDrop":82,"throwable":0,"description":"Le lamanthulu est une créature d''eau douce à forte corpulence et groin tentaculaire. Pour prélever cet ingrédient, vous devez au préalable trouver la femelle, vous assurer qu''elle est enceinte, la tuer, puis prélever le fœtus. C''est un métier qui n''est pas facile !","quantifiable":1,"availableLocation":"magasin pour mage, milieu aquatique (eau douce)"}', 'Foetus de lamanthulu'),
 (333, 'Sang d''elfette vierge', 17, '{"price":50,"space":"fiole de 10 cl., environ 100 grammes","diceDrop":84,"throwable":0,"description":"Ce sang, théoriquement, ne serait pas difficile à trouver. Cependant, pour un usage magique il doit être récolté sur et la vie privée des fermiers. Cependant, quand cela se produit, cela donne un ingrédient magique volumineux. Le cadavre doit être frais (conservation variable de 2 à 7 jours, selon la saison). C''est très encombrant.","quantifiable":1,"availableLocation":"magasin pour mage, communauté elfique"}', 'Sang d''elfette vierge'),
 (335, 'Oreille de gnôme des forêts du Nord', 17, '{"price":60,"space":"quelques oreilles peuvent remplir une bourse","diceDrop":86,"throwable":0,"description":"Inutile de dire qu''aucun gnôme n''accepte de vendre ses oreilles. Il faut donc les récupérer sur un individu mort, et ça ne court pas les rues. Elles sont vendues séchées. Cet ingrédient est à la base d''une activité de braconnage assez sordide, et la plupart des gens préfèrent ne pas en parler.","quantifiable":1,"availableLocation":"magasin pour mage"}', 'Oreille de gnome des forets du Nord'),
 (336, 'Oeuf de coq', 17, '{"price":80,"space":"tient dans le creux de la main – nécessite d''être protégé","diceDrop":87,"throwable":0,"description":"Une véritable curiosité biologique... Ce qui explique son prix. Son état de fraîcheur importe peu, mais il faut faire attention à ne pas le briser avant de l''utiliser","quantifiable":1,"availableLocation":"magasin pour mage"}', 'Oeuf de coq'),
 (337, 'Sang de mage', 17, '{"price":80,"space":"fiole de 10 cl., environ 100 grammes","diceDrop":88,"throwable":0,"description":"N''importe quel sang de mage peut faire l''affaire, mais il doit être de niveau supérieur à 10. Alors bien sûr, ensuite il faut le convaincre d''être coopératif. La durée de conservation de ce sang est de moins de deux heures.","quantifiable":1,"availableLocation":"magasin pour mage, mage de haut niveau"}', 'Sang de mage'),
 (348, 'Griffe de démon majeur', 17, '{"price": 500, "space": "environ 1 kilo, odeur très forte", "diceDrop": 99, "throwable": 0, "description": "Un des plus puissants ingrédients qui soit. Pour l''obtenir, il faut une généralement disposer d''une armée.", "quantifiable": 1, "availableLocation": "magasin pour mage"}', 'Griffe de demon majeur'),
 (350, 'Banjo', 19, '{"price": 750}', 'Banjo'),
 (351, 'Lyre', 19, '{"price": 750}', 'Lyre'),
 (352, 'Mandoline', 19, '{"price": 800}', 'Mandoline'),
 (353, 'Luth', 19, '{"note": "Parfait pour accompagner une chanson ou narrer une ballade épique", "price": 900}', 'Luth'),
 (354, 'Guitare simple', 19, '{"price": 1000}', 'Guitare simple'),
 (355, 'Violon', 19, '{"price": 1200}', 'Violon'),
 (356, 'Violoncelle', 19, '{"price": 1400}', 'Violoncelle'),
 (357, 'Contrebasse', 19, '{"price": 1450}', 'Contrebasse'),
 (358, 'Harpe', 19, '{"price": 1700}', 'Harpe'),
 (359, 'Guitare-démon (ench)', 19, '{"note": "Un pur son métal !", "price": 2000}', 'Guitare-demon (ench)'),
 (360, 'Hell''s Basse (ench)', 19, '{"note": "Une basse d''enfer ! PRD-1 pour tous les ennemis dans la zone durant 3 assauts", "price": 3600}', 'Hell''s Basse (ench)'),
 (361, 'Stradivarion (rare)', 19, '{"price": 15000}', 'Stradivarion (rare)'),
 (362, 'Piano unique', 19, '{"note": "Doté de pouvoirs cachés exceptionnels, relique des temps anciens", "price": 100000, "relic": 1}', 'Piano unique'),
 (363, 'Harmonica', 20, '{"price": 400}', 'Harmonica'),
 (364, 'Ocarina', 20, '{"note": "Fait en terre cuite avec une forme triangulaire peinte dessus", "price": 500}', 'Ocarina'),
 (365, 'Flûte', 20, '{"price": 600}', 'Flute'),
 (366, 'Flûte de Pan', 20, '{"note": "Peut être aménagée en sarbacane discrète – BL : 1D4 + effets poison", "price": 650}', 'Flute de Pan'),
 (367, 'Trompette', 20, '{"price": 800}', 'Trompette'),
 (368, 'Flûte traversière', 20, '{"price": 900}', 'Flute traversiere'),
 (369, 'Clarinette', 20, '{"price": 950}', 'Clarinette'),
 (370, 'Cornemuse', 20, '{"price": 1000}', 'Cornemuse'),
 (371, 'Hautbois', 20, '{"price": 1100}', 'Hautbois'),
 (372, 'Accordéon', 20, '{"price": 1300}', 'Accordeon'),
 (373, 'Flûte en bois des Elfes sylvains (ench)', 20, '{"note": "Flûte enchantée ornée de gravures stylisées AT -2 pour tous les ennemis dans la zone durant 4 assauts", "price": 4600}', 'Flute en bois des Elfes sylvains (ench)'),
 (374, 'Cor de guerre de Vontorz', 20, '{"note": "COU+2 et PR+1 aux alliés pendant 6 assauts – Jusqu''à 20m", "price": 5500, "relic": 1}', 'Cor de guerre de Vontorz'),
 (375, 'Cursed Gurdil''s Kazoo', 20, '{"note": "Obtient les compétences \\\"Pénible\\\" et \\\"Radin\\\"", "price": 6000, "relic": 1}', 'Cursed Gurdil''s Kazoo'),
 (376, 'Clochettes (x3)', 21, '{"note": "Peuvent s''accrocher sur un bonnet ou tout autre objet compatible", "price": 100}', 'Clochettes (x3)'),
 (377, 'Maracas', 21, '{"price": 350}', 'Maracas'),
 (378, 'Triangle', 21, '{"price": 400}', 'Triangle'),
 (379, 'Timbale', 21, '{"price": 700}', 'Timbale'),
 (341, 'Oeuf de dragon des cavernes', 17, '{"price":100,"space":"un œuf, très solide, peut faire jusqu''à 4 kilos","diceDrop":92,"throwable":0,"description":"Les dragons des cavernes pondent moins de cinq œufs, tous les vingt ans. L''incubation dure deux ans. Il faut ajouter à cela le fait qu''ils acceptent généralement mal qu''on subtilise leur progéniture.","quantifiable":1,"availableLocation":"magasin pour mage, caverne habitée par une bête peu coopérative"}', 'Oeuf de dragon des cavernes'),
 (342, 'Oeuf de poule couvé par un lézard géant', 17, '{"price":100,"space":"tient dans le creux de la main – nécessite d''être protégé","diceDrop":93,"throwable":0,"description":"Une véritable curiosité biologique... Ce qui explique son prix. Son état de fraîcheur importe peu, mais il faut faire attention à ne pas le briser avant de l''utiliser","quantifiable":1,"availableLocation":"magasin pour mage"}', 'Oeuf de poule couve par un lezard geant'),
 (343, 'Sourcils d''hydre à trois tête', 17, '{"price":100,"space":"négligeable","diceDrop":94,"throwable":0,"description":"Si vous pensez que cet ingrédient ne vaut pas son prix... Alors, essayez de le prélever vous-même. Il est bien entendu que l''hydre doit être vivante.","quantifiable":1,"availableLocation":"magasin pour mage, hydre à trois têtes"}', 'Sourcils d''hydre a trois tete'),
 (344, 'Queue de basilic', 17, '{"price":150,"space":"vingt kilos, peu pratique (nécessite un sac)","diceDrop":95,"throwable":0,"description":"Les basilics sont rares et dangereux, et de plus ils n''acceptent jamais de donner leur queue. En conséquence, pour en avoir une, il faut payer ou ramener plusieurs copains. L''appendice peut être utilisé jusqu''à plusieurs années après sa récolte.","quantifiable":1,"availableLocation":"magasin pour mage, antre d''un basilic"}', 'Queue de basilic'),
 (345, 'Poisson noyé', 17, '{"price":150,"space":"1 kilo avec le bocal, fragile","diceDrop":96,"throwable":0,"description":"Une véritable curiosité biologique... Ce qui explique son prix. Les poissons noyés sont généralement conservés dans un bocal d''huile","quantifiable":1,"availableLocation":"magasin pour mage"}', 'Poisson noye'),
 (346, 'Sang de gorgauth', 17, '{"price":200,"space":"fiole de 10 cl., environ 100 grammes","diceDrop":97,"throwable":0,"description":"Le sang de ces créatures démoniaques féroce est aussi rare que légendaire, et consécutivement très cher. Il se conserve indéfiniment car aucune bactérie ne peut s''y loger. Il doit être prélevé quelques minutes après son décès.","quantifiable":1,"availableLocation":"magasin pour mage"}', 'Sang de gorgauth'),
 (347, 'Sang de golbargh', 17, '{"price":250,"space":"fiole de 10 cl., environ 100 grammes","diceDrop":98,"throwable":0,"description":"Le sang de ces créatures démoniaques est aussi rare que légendaire, et consécutivement très cher. Il se conserve indéfiniment car aucune bactérie ne peut s''y loger. Il doit être mis en fiole quelques minutes après son décès.","quantifiable":1,"availableLocation":"magasin pour mage"}', 'Sang de golbargh'),
 (349, 'Sang de démon majeur', 17, '{"price":1000,"space":"fiole de 10 cl., environ 100 grammes","diceDrop":100,"throwable":0,"description":"Un des plus puissants ingrédients qui soit. Pour l''obtenir, il faut une généralement disposer d''une armée.","quantifiable":1,"availableLocation":"magasin pour mage","weight":0.1}', 'Sang de demon majeur'),
 (387, 'Bâton de pluie des Chamanes', 21, '{"note": "Fait tomber la pluie dans une zone de 200m. En extérieur uniquement Vitesse MV-50% sur terrain malléable pour toutes les cibles", "price": 6800, "relic": 1}', 'Baton de pluie des Chamanes'),
 (388, 'Boîte à berceuse (ench)', 22, '{"note": "Récupération excellente – 5 charges", "price": 450}', 'Boite a berceuse (ench)'),
 (389, 'Orgue de Barbarie', 22, '{"note": "Idéal pour meubler votre temple – Pèse 450kg", "price": 20000}', 'Orgue de Barbarie'),
 (390, 'Peluche du Nain (rare)', 22, '{"note": "Produit un bruit énervant qui fait « Ouiiinn » – récupère l''aggro Ne nécessite pas de temps de préparation au combat", "price": 0}', 'Peluche du Nain (rare)'),
 (391, 'Grimoire des Ordres Néfastes niveau 1', 28, '{"note": "En général déjà possédé par le héros", "price": 5, "description": "Livre concernent toutes les magies sauf les invocations et la magie noire (Tzinntch)"}', 'Grimoire des Ordres Nefastes niveau 1'),
 (392, 'Grimoire des Ordres Néfastes niveau 2', 28, '{"note": "En général déjà possédé par le héros", "price": 10, "description": "Livre concernent toutes les magies sauf les invocations et la magie noire (Tzinntch)"}', 'Grimoire des Ordres Nefastes niveau 2'),
 (393, 'Grimoire des Ordres Néfastes niveau 3', 28, '{"note": "Accès aux sorts de niveau 3", "price": 30, "description": "Livre concernent toutes les magies sauf les invocations et la magie noire (Tzinntch)"}', 'Grimoire des Ordres Nefastes niveau 3'),
 (394, 'Grimoire des Ordres Néfastes niveau 4', 28, '{"note": "Accès aux sorts de niveau 4", "price": 30, "description": "Livre concernent toutes les magies sauf les invocations et la magie noire (Tzinntch)"}', 'Grimoire des Ordres Nefastes niveau 4'),
 (395, 'Grimoire des Ordres Néfastes niveau 5', 28, '{"note": "Accès aux sorts de niveau 5", "price": 50, "description": "Livre concernent toutes les magies sauf les invocations et la magie noire (Tzinntch)"}', 'Grimoire des Ordres Nefastes niveau 5'),
 (396, 'Grimoire des Ordres Néfastes niveau 6', 28, '{"note": "Accès aux sorts de niveau 6", "price": 50, "description": "Livre concernent toutes les magies sauf les invocations et la magie noire (Tzinntch)"}', 'Grimoire des Ordres Nefastes niveau 6'),
 (397, 'Grimoire des Ordres Néfastes niveau 7', 28, '{"note": "Accès aux sorts de niveau 7", "price": 80, "description": "Livre concernent toutes les magies sauf les invocations et la magie noire (Tzinntch)"}', 'Grimoire des Ordres Nefastes niveau 7'),
 (398, 'Grimoire des Ordres Néfastes niveau 8', 28, '{"note": "Accès aux sorts de niveau 8", "price": 100, "description": "Livre concernent toutes les magies sauf les invocations et la magie noire (Tzinntch)"}', 'Grimoire des Ordres Nefastes niveau 8'),
 (399, 'Grimoire des Ordres Néfastes niveau 9', 28, '{"note": "Accès aux sorts de niveau 9", "price": 150, "description": "Livre concernent toutes les magies sauf les invocations et la magie noire (Tzinntch)"}', 'Grimoire des Ordres Nefastes niveau 9'),
 (400, 'Grimoire des Ordres Néfastes niveau 10 à 12', 28, '{"note": "Accès aux sorts de niveau 10 à 12", "price": 200, "description": "Livre concernent toutes les magies sauf les invocations et la magie noire (Tzinntch)"}', 'Grimoire des Ordres Nefastes niveau 10 a 12'),
 (401, 'Grimoire des Ordres Néfastes niveau 13 à 15', 28, '{"note": "Accès aux sorts de niveau 13 à 15", "price": 400, "description": "Livre concernent toutes les magies sauf les invocations et la magie noire (Tzinntch)"}', 'Grimoire des Ordres Nefastes niveau 13 a 15'),
 (402, 'Grimoire des Ordres Néfastes niveau 15 à 20', 28, '{"note": "Accès aux sorts de niveau 15 à 20", "price": 1000, "description": "Livre concernent toutes les magies sauf les invocations et la magie noire (Tzinntch)"}', 'Grimoire des Ordres Nefastes niveau 15 a 20'),
 (403, 'Compendium des Ordres Néfastes, Tome 1', 28, '{"note": "Accès aux sorts de niveau 1 à 10", "price": 200, "description": "Livre concernent toutes les magies sauf les invocations et la magie noire (Tzinntch) (compilations: plus chers, plus lourds et plus rares)"}', 'Compendium des Ordres Nefastes, Tome 1'),
 (404, 'Compendium des Ordres Néfastes, Tome 2', 28, '{"note": "Accès aux sorts de niveau 11 à 20", "price": 400, "description": "Livre concernent toutes les magies sauf les invocations et la magie noire (Tzinntch) (compilations: plus chers, plus lourds et plus rares)"}', 'Compendium des Ordres Nefastes, Tome 2'),
 (405, 'Recueil Maléfique des Aspirants de Tzinntch', 28, '{"note": "Magie Noire niveau 1 – En général déjà possédé par le héros", "price": 5, "description": "Livre concernent toutes la magie noire (Tzinntch)"}', 'Recueil Malefique des Aspirants de Tzinntch'),
 (406, 'Recueil Maléfique des Initiés de Tzinntch', 28, '{"note": "Magie Noire niveau 2 – En général déjà possédé par le héros", "price": 15, "description": "Livre concernent toutes la magie noire (Tzinntch)"}', 'Recueil Malefique des Inities de Tzinntch'),
 (407, 'Recueil Maléfique des Convaincus de Tzinntch', 28, '{"note": "Magie Noire niveau 3", "price": 40, "description": "Livre concernent toutes la magie noire (Tzinntch)"}', 'Recueil Malefique des Convaincus de Tzinntch'),
 (408, 'Recueil Maléfique des Survivants de Tzinntch', 28, '{"note": "Magie Noire niveau 4 à 5", "price": 50, "description": "Livre concernent toutes la magie noire (Tzinntch)"}', 'Recueil Malefique des Survivants de Tzinntch'),
 (409, 'Recueil Maléfique des Experts de Tzinntch', 28, '{"note": "Magie Noire niveau 6 à 8", "price": 150, "description": "Livre concernent toutes la magie noire (Tzinntch)"}', 'Recueil Malefique des Experts de Tzinntch'),
 (410, 'Recueil des Maîtres de Tzinntch', 28, '{"note": "Magie Noire niveau 9 à 12", "price": 200, "description": "Livre concernent toutes la magie noire (Tzinntch)"}', 'Recueil des Maitres de Tzinntch'),
 (411, 'Recueil Apocalyptique de Tzinntch', 28, '{"note": "Magie Noire niveau 13 et plus", "price": 400, "description": "Livre concernent toutes la magie noire (Tzinntch)"}', 'Recueil Apocalyptique de Tzinntch'),
 (412, 'Manuel des potions des Novices', 28, '{"note": "Permet de fabriquer des potions – Magie généraliste niveau 4", "price": 20}', 'Manuel des potions des Novices'),
 (413, 'Manuel des potions des Confirmés', 28, '{"note": "Permet de fabriquer des potions – Magie généraliste niveau 7", "price": 200}', 'Manuel des potions des Confirmes'),
 (414, 'Manuel des potions des Experts (rare)', 28, '{"note": "Permet de fabriquer des potions – Magie généraliste niveau 9", "price": 400}', 'Manuel des potions des Experts (rare)'),
 (415, 'Manuel des potions des Maîtres (très rare)', 28, '{"note": "Permet de fabriquer des potions – Magie généraliste niveau 13", "price": 1500}', 'Manuel des potions des Maitres (tres rare)'),
 (416, 'Encyclopédie Intuitive des Élémentaires', 28, '{"note": "Permet d''invoquer des élémentaires – toutes magies niveau 4 à 10", "price": 100}', 'Encyclopedie Intuitive des Elementaires'),
 (581, 'Miche de pain', 46, '{"note": "À partager", "price": 0.2}', 'Miche de pain'),
 (418, 'Grand Précis des Élémentaires', 28, '{"note": "Permet d''invoquer des élémentaires – toutes magies niveau 11 et plus", "price": 300}', 'Grand Precis des Elementaires'),
 (419, 'Dictionnaire Pratique du Grand Invocateur', 28, '{"note": "Permet d''invoquer des démons, esprits – toutes magies niveau 11 et plus", "price": 1000}', 'Dictionnaire Pratique du Grand Invocateur'),
 (420, 'Prodiges des Novices de... (Dlul / Slanoush /etc.)', 29, '{"note": "Accès aux prodiges de niveau I à 3 - À décliner pour chaque dieu", "price": 20}', 'Prodiges des Novices de... (Dlul / Slanoush /etc.)'),
 (421, 'Prodiges des Sages de... (Dlul / Slanoush /etc.)', 29, '{"note": "Accès aux prodiges de niveau 4 à 6 - À décliner pour chaque dieu", "price": 100}', 'Prodiges des Sages de... (Dlul / Slanoush /etc.)'),
 (422, 'Prodiges des Saints de... (Dlul / Slanoush /etc.)', 29, '{"note": "Accès aux prodiges de niveau 7 à 10 - À décliner pour chaque dieu", "price": 400}', 'Prodiges des Saints de... (Dlul / Slanoush /etc.)'),
 (423, 'Atlas de la Terre de Fangh', 30, '{"note": "Permet de gagner un bonus de +2 à toute les épreuves d''orientation", "price": 30}', 'Atlas de la Terre de Fangh'),
 (424, 'Bestiaire Insolite de la Terre de Fangh', 30, '{"note": "Permet de demander au MJ des détails sur les capacités des montres", "price": 30}', 'Bestiaire Insolite de la Terre de Fangh'),
 (425, 'Encyclopédie fanghienne de chirurgie', 30, '{"note": "Permet de gagner un bonus de +2 aux \\\"Premiers soins\\\"", "price": 60}', 'Encyclopedie fanghienne de chirurgie'),
 (426, 'Le Grand Livre de la Botte Secrète', 30, '{"note": "Au corps à corps, permet de faire des critiques sur 1 ou 2", "price": 300}', 'Le Grand Livre de la Botte Secrete'),
 (427, 'Techniques de survie au corps à corps', 30, '{"note": "Les dégâts critiques des ennemis sont ignorés", "price": 300}', 'Techniques de survie au corps a corps'),
 (428, 'Manuel d''archerie de Lai-Gollas', 30, '{"note": "À l''arc ou à l''arbalète, permet de faire des critiques sur 1 ou 2", "price": 300}', 'Manuel d''archerie de Lai-Gollas'),
 (429, 'Apprendre la concentration (rare)', 30, '{"note": "Pour gagner un bonus de +1 à l''épreuve au lancement d''un sort", "price": 300}', 'Apprendre la concentration (rare)'),
 (430, 'Savoir parler aux dieux (rare)', 30, '{"note": "Pour gagner un bonus de +1 à toutes les épreuves de prodiges", "price": 300}', 'Savoir parler aux dieux (rare)'),
 (431, 'Grand livre de l''empoisonneur', 30, '{"note": "Le personnage saura reconnaître un poison sans passer d''épreuve Le MJ peut lui indiquer comment combattre ce poison", "price": 60}', 'Grand livre de l''empoisonneur'),
 (432, 'Les créatures d''autres mondes', 30, '{"note": "Pour gagner un bonus de +1 à toutes les épreuves d''invocation", "price": 380}', 'Les creatures d''autres mondes'),
 (433, 'Maîtriser son ambidextrie', 30, '{"note": "Nécessite Ambidextrie – Amélioration des effets Permet de lancer 2 attaques par assaut à partir de 12 en Adresse", "price": 120}', 'Maitriser son ambidextrie'),
 (434, 'Connaissance des lois physiques', 30, '{"note": "Pour gagner un bonus de +2 à une épreuve de bricolage ou réparation", "price": 30}', 'Connaissance des lois physiques'),
 (435, 'Savoir bouger et parler avec son corps', 30, '{"note": "Nécessite \\\"Comprendre les animaux\\\" – Amélioration des effets Pour gagner un bonus de +2 à une épreuve de dialogue animalier", "price": 30}', 'Savoir bouger et parler avec son corps'),
 (436, 'Savoir viser où ça fait mal', 30, '{"note": "Ajoute 1 aux dégâts des armes de jet (toutes armes)", "price": 100}', 'Savoir viser ou ca fait mal'),
 (437, 'Bien maîtriser son arme à deux mains', 30, '{"note": "Diminue de 1 tous les malus (AT/PRD) d''une arme à 2 mains", "price": 120}', 'Bien maitriser son arme a deux mains'),
 (438, 'Dictionnaire médical de G. Moudubras', 30, '{"note": "Le personnage saura reconnaître une maladie sans passer d''épreuve Le MJ peut lui indiquer comment combattre cette maladie", "price": 50}', 'Dictionnaire medical de G. Moudubras'),
 (439, 'Manuel des Insolites Ingrédients', 30, '{"note": "Le personnage sait reconnaître un ingrédient magique sans épreuve Le MJ peut même lui indiquer son prix", "price": 40}', 'Manuel des Insolites Ingredients'),
 (440, 'Le marchandage chez les nomades', 30, '{"note": "Permet d''avoir 10% de réduction systématique dans les magasins", "price": 50}', 'Le marchandage chez les nomades'),
 (441, 'La méditation nocturne et ses bienfaits', 30, '{"note": "Permet de récupérer IPA supplémentaire par nuit de sommeil", "price": 120}', 'La meditation nocturne et ses bienfaits'),
 (442, 'Maîtrise de soi : Combattre l''Agoraphobie', 31, '{"price": 30, "skillBook": true}', 'Maitrise de soi : Combattre l''Agoraphobie'),
 (443, 'Alcoolisme au quotidien et Hygiène de vie', 31, '{"price": 30, "skillBook": true}', 'Alcoolisme au quotidien et Hygiene de vie'),
 (444, 'Combattre la boulimie avec Jean-Jacques Plubu', 31, '{"price": 30, "skillBook": true}', 'Combattre la boulimie avec Jean-Jacques Plubu'),
 (445, 'Bricoler facile, avec Josiane et Marcel', 31, '{"price": 50, "skillBook": true}', 'Bricoler facile, avec Josiane et Marcel'),
 (446, 'Précis d''équitation Fanghienne', 31, '{"price": 50, "skillBook": true}', 'Precis d''equitation Fanghienne'),
 (447, 'La marmite joyeuse de Barnabé', 31, '{"price": 50, "skillBook": true}', 'La marmite joyeuse de Barnabe'),
 (448, 'Le baratin pour les timides', 31, '{"price": 50, "skillBook": true}', 'Le baratin pour les timides'),
 (449, 'Tout savoir sur les pièges', 31, '{"price": 80, "skillBook": true}', 'Tout savoir sur les pieges'),
 (450, 'Techniques d''observation de Rakhir', 31, '{"price": 80, "skillBook": true}', 'Techniques d''observation de Rakhir'),
 (451, 'L''envie de pister - Par Trottesentier', 31, '{"price": 50, "skillBook": true}', 'L''envie de pister - Par Trottesentier'),
 (452, 'Les arts martiaux faciles - Par Jicévédé', 31, '{"price": 50, "skillBook": true}', 'Les arts martiaux faciles - Par Jicevede'),
 (453, 'Dindômiel et le langage des animaux', 31, '{"price": 50, "skillBook": true}', 'Dindomiel et le langage des animaux'),
 (454, 'La forge et ses techniques - Par Goltor', 31, '{"price": 50, "skillBook": true}', 'La forge et ses techniques - Par Goltor'),
 (455, 'Le grand mensonge politique', 31, '{"price": 50, "skillBook": true}', 'Le grand mensonge politique'),
 (456, 'Diriger dans l''harmonie', 31, '{"price": 50, "skillBook": true}', 'Diriger dans l''harmonie'),
 (457, 'Techniques de danse de Rizmo Jarbé', 31, '{"price": 50, "skillBook": true}', 'Techniques de danse de Rizmo Jarbe'),
 (458, 'La vie parasite – Par Terry Hardizon', 31, '{"price": 50, "skillBook": true}', 'La vie parasite – Par Terry Hardizon'),
 (459, 'Bien gérer sa bourse', 31, '{"price": 50, "skillBook": true}', 'Bien gerer sa bourse'),
 (461, 'Manuel du petit serrurier', 31, '{"price": 50, "skillBook": true}', 'Manuel du petit serrurier'),
 (462, 'Les armes de jet et leur usage', 31, '{"price": 50, "skillBook": true}', 'Les armes de jet et leur usage'),
 (463, 'Savoir communiquer avec les sauvages', 31, '{"price": 50, "skillBook": true}', 'Savoir communiquer avec les sauvages'),
 (464, 'Gambison de base avec manches', 32, '{"price": 20, "rupture": 4, "slotCount": 1, "protection": 2}', 'Gambison de base avec manches'),
 (465, 'Veste toile renforcée avec manches', 32, '{"price": 30, "rupture": 5, "slotCount": 1, "protection": 2}', 'Veste toile renforcee avec manches'),
 (466, 'Gambison correct avec manches', 32, '{"price": 50, "rupture": 4, "slotCount": 1, "protection": 2}', 'Gambison correct avec manches'),
 (467, 'Veste toile renforcée noire, pour voleur', 32, '{"price": 100, "rupture": 3, "slotCount": 1, "protection": 2}', 'Veste toile renforcee noire, pour voleur'),
 (468, 'Gambison luxe avec manches', 32, '{"price": 100, "rupture": 3, "slotCount": 1, "protection": 2}', 'Gambison luxe avec manches'),
 (469, 'Plastron de cuir de base', 33, '{"price": 30, "rupture": 4, "slotCount": 1, "protection": 3}', 'Plastron de cuir de base'),
 (470, 'Plastron de cuir bouilli correct', 33, '{"price": 50, "rupture": 4, "slotCount": 1, "protection": 3}', 'Plastron de cuir bouilli correct'),
 (471, 'Plastron de cuir moulé sur mesure', 33, '{"price": 100, "rupture": 3, "slotCount": 1, "protection": 3}', 'Plastron de cuir moule sur mesure'),
 (472, 'Plastron de cuir renforcé métal', 33, '{"price": 200, "rupture": 3, "slotCount": 1, "protection": 4}', 'Plastron de cuir renforce metal'),
 (473, 'Plastron de cuir luxe (renforcé métal et décoré)', 33, '{"price": 500, "rupture": 3, "slotCount": 1, "protection": 4}', 'Plastron de cuir luxe (renforce metal et decore)'),
 (474, 'Plastron de cuir luxe +2 force (ench. base 3)', 33, '{"price": 2000, "rupture": 2, "slotCount": 1, "protection": 4}', 'Plastron de cuir luxe +2 force (ench. base 3)'),
 (475, 'Plastron de cuir luxe Haut-Elfe +4 (ench. base 3)', 33, '{"note": "Incompatible peau-verte", "price": 6000, "slotCount": 1, "protection": 4}', 'Plastron de cuir luxe Haut-Elfe +4 (ench. base 3)'),
 (476, 'Plastron métal, lourd et grossier', 34, '{"price": 200, "rupture": 4, "slotCount": 1, "protection": 4}', 'Plastron metal, lourd et grossier'),
 (477, 'Plastron métal léger', 34, '{"price": 500, "rupture": 3, "slotCount": 1, "protection": 4}', 'Plastron metal leger'),
 (478, 'Plastron métal luxe (artisan nain)', 34, '{"price": 1000, "rupture": 2, "slotCount": 1, "protection": 5}', 'Plastron metal luxe (artisan nain)'),
 (479, 'Plastron métal luxe + 2 force (ench.)', 34, '{"note": "score de base de l''armure sans l''enchantement: 4", "price": 4000, "slotCount": 1, "protection": 5}', 'Plastron metal luxe + 2 force (ench.)'),
 (480, 'Jambières métal, lourdes et grossières', 35, '{"price": 200, "rupture": 5, "slotCount": 1, "protection": 1}', 'Jambieres metal, lourdes et grossieres'),
 (481, 'Jambières métal légères', 35, '{"price": 500, "rupture": 3, "slotCount": 1, "protection": 1}', 'Jambieres metal legeres'),
 (482, 'Jambières métal luxe (artisan nain)', 35, '{"price": 1000, "rupture": 2, "slotCount": 1, "protection": 1}', 'Jambieres metal luxe (artisan nain)'),
 (483, 'Jambières métal luxe + 1 dexterité (ench.)', 35, '{"price": 3000, "slotCount": 1, "protection": 1}', 'Jambieres metal luxe + 1 dexterite (ench.)'),
 (484, 'Jambières métal luxe Protector(TM) (ench. base 1)', 35, '{"price": 4000, "slotCount": 1, "protection": 2}', 'Jambieres metal luxe Protector(TM) (ench. base 1)'),
 (485, 'Brassières métal, lourdes et grossière', 35, '{"price": 200, "rupture": 5, "slotCount": 1, "protection": 1}', 'Brassieres metal, lourdes et grossiere'),
 (486, 'Brassières métal légères', 35, '{"price": 500, "rupture": 3, "slotCount": 1, "protection": 1}', 'Brassieres metal legeres'),
 (487, 'Brassières métal luxe (artisan nain)', 35, '{"price": 1000, "rupture": 2, "slotCount": 1, "protection": 1}', 'Brassieres metal luxe (artisan nain)'),
 (488, 'Brassières métal luxe + 1 force (ench.)', 35, '{"price": 3000, "slotCount": 1, "protection": 1}', 'Brassieres metal luxe + 1 force (ench.)'),
 (489, 'Brassières métal luxe Protector(TM) (ench. base 1)', 35, '{"price": 3000, "slotCount": 1, "protection": 2}', 'Brassieres metal luxe Protector(TM) (ench. base 1)'),
 (490, 'Cotte de maille pour Nain "Débutant" avec manches', 36, '{"price": 100, "rupture": 4, "slotCount": 1, "protection": 3}', 'Cotte de maille pour Nain "Debutant" avec manches'),
 (491, 'Cotte de mailles basique sans manches', 36, '{"price": 500, "rupture": 3, "slotCount": 1, "protection": 4}', 'Cotte de mailles basique sans manches'),
 (492, 'Cotte de mailles basique avec manches', 36, '{"price": 800, "rupture": 3, "slotCount": 1, "protection": 5}', 'Cotte de mailles basique avec manches'),
 (493, 'Cotte de maille luxe avec manches (artisan nain)', 36, '{"price": 3000, "rupture": 2, "slotCount": 1, "protection": 5}', 'Cotte de maille luxe avec manches (artisan nain)'),
 (494, 'Cotte de maille acier carbone pour voleur, sans manches', 36, '{"price": 5000, "slotCount": 1, "protection": 5}', 'Cotte de maille acier carbone pour voleur, sans manches'),
 (495, 'Cotte de maille elfique avec manches (ench. base 4)', 36, '{"price": 8000, "slotCount": 1, "protection": 6}', 'Cotte de maille elfique avec manches (ench. base 4)'),
 (496, 'Cotte de maille Thritil avec manches (ench. base 5)**', 36, '{"price": 20000, "slotCount": 1, "protection": 6}', 'Cotte de maille Thritil avec manches (ench. base 5)**'),
 (497, 'Casque de cuir', 37, '{"price": 20, "rupture": 5, "slotCount": 1}', 'Casque de cuir'),
 (498, 'Casque de cuir luxe', 37, '{"price": 100, "rupture": 3, "slotCount": 1, "protection": 1}', 'Casque de cuir luxe'),
 (499, 'Casque de métal de base', 37, '{"price": 50, "rupture": 4, "slotCount": 1, "protection": 1}', 'Casque de metal de base'),
 (500, 'Casque de métal "Lebohaum"', 37, '{"price": 100, "rupture": 3, "slotCount": 1, "protection": 1}', 'Casque de metal "Lebohaum"'),
 (501, 'Casque de métal "confort" léger et ouvragé', 37, '{"price": 500, "rupture": 3, "slotCount": 1, "protection": 1}', 'Casque de metal "confort" leger et ouvrage'),
 (502, 'Casque luxe (artisan nain)', 37, '{"price": 1000, "rupture": 2, "slotCount": 1, "protection": 1}', 'Casque luxe (artisan nain)'),
 (503, 'Heaume de guerrier elfique (ench. base 0)', 37, '{"price": 1500, "rupture": 2, "slotCount": 1, "protection": 1}', 'Heaume de guerrier elfique (ench. base 0)'),
 (504, 'Heaume plaqué or ouvragé', 37, '{"price": 2000, "rupture": 2, "slotCount": 1, "protection": 1}', 'Heaume plaque or ouvrage'),
 (505, 'Gantelets ou bracelets cuir', 38, '{"price": 30, "rupture": 5, "slotCount": 1}', 'Gantelets ou bracelets cuir'),
 (506, 'Gantelets ou bracelets cuir et métal', 38, '{"price": 80, "rupture": 4, "slotCount": 1}', 'Gantelets ou bracelets cuir et metal'),
 (507, 'Gantelets maille', 38, '{"price": 150, "rupture": 3, "slotCount": 1}', 'Gantelets maille'),
 (508, 'Gantelets ou bracelets de combat elfiques', 38, '{"price": 1000, "rupture": 2, "slotCount": 1, "protection": 1}', 'Gantelets ou bracelets de combat elfiques'),
 (509, 'Gantelets ou bracelets Thritil', 38, '{"price": 2000, "slotCount": 1, "protection": 1}', 'Gantelets ou bracelets Thritil'),
 (510, 'Bottes de cuir minables', 39, '{"price": 5, "rupture": 5, "slotCount": 1}', 'Bottes de cuir minables'),
 (511, 'Bottes de cuir standard', 39, '{"price": 15, "rupture": 4, "slotCount": 1}', 'Bottes de cuir standard'),
 (512, 'Bottes de cuir renforcées de base', 39, '{"price": 30, "rupture": 3, "slotCount": 1, "protection": 1}', 'Bottes de cuir renforcees de base'),
 (513, 'Bottes de cuir renforcées légères', 39, '{"price": 100, "rupture": 3, "slotCount": 1, "protection": 1}', 'Bottes de cuir renforcees legeres'),
 (514, 'Bottes elfiques de danseur de guerre', 39, '{"price": 1500, "rupture": 3, "slotCount": 1, "protection": 1}', 'Bottes elfiques de danseur de guerre'),
 (515, 'Bottes de cuir luxe de champion', 39, '{"price": 2000, "rupture": 2, "slotCount": 1, "protection": 1}', 'Bottes de cuir luxe de champion'),
 (516, 'Chaussons de danse de Rizmo Jarbé', 39, '{"price": 3000, "relic": 1, "slotCount": 1, "protection": 1}', 'Chaussons de danse de Rizmo Jarbe'),
 (517, 'Set d''armure métal bas de gamme Donjon Facile', 40, '{"note": "Pénibles à porter, rend également impossible la nage, la course, l''escalade, la discrétion, l''utilisation d''armes de jet, etc.", "price": 700, "rupture": 4, "slotCount": 1, "protection": 7}', 'Set d''armure metal bas de gamme Donjon Facile'),
 (518, 'Set d''armure métal TinCan(TM) pour Nain', 40, '{"note": "Pénibles à porter, rend également impossible la nage, la course, l''escalade, la discrétion, l''utilisation d''armes de jet, etc.", "price": 2000, "rupture": 4, "slotCount": 1, "protection": 7}', 'Set d''armure metal TinCan(TM) pour Nain'),
 (519, 'Set d''armure métal "Petit Palouf" du Donjon Facile', 40, '{"note": "Pénibles à porter, rend également impossible la nage, la course, l''escalade, la discrétion, l''utilisation d''armes de jet, etc.", "price": 4000, "rupture": 3, "slotCount": 1, "protection": 6}', 'Set d''armure metal "Petit Palouf" du Donjon Facile'),
 (520, 'Set d''armure "Grand Palouf" du Donjon Facile (ench.)', 40, '{"note": "Pénibles à porter, rend également impossible la nage, la course, l''escalade, la discrétion, l''utilisation d''armes de jet, etc.", "price": 10000, "rupture": 2, "slotCount": 1, "protection": 8}', 'Set d''armure "Grand Palouf" du Donjon Facile (ench.)'),
 (521, 'Set d''armure de Justice de Braav'' (ench.)', 40, '{"note": "Pénibles à porter, rend également impossible la nage, la course, l''escalade, la discrétion, l''utilisation d''armes de jet, etc.", "price": 20000, "relic": 1, "slotCount": 1, "protection": 9}', 'Set d''armure de Justice de Braav'' (ench.)'),
 (522, 'Armure complète en Thritil (rare)', 40, '{"note": "Pénibles à porter, rend également impossible la nage, la course, l''escalade, la discrétion, l''utilisation d''armes de jet, etc.", "price": 50000, "slotCount": 1, "protection": 12}', 'Armure complete en Thritil (rare)'),
 (523, 'Set Armure de cuir orque troupier', 40, '{"note": "Moyennement lourde, donne en plus un malus de -4 à la nage, la course, l''escalade, la discrétion, etc.", "price": 250, "rupture": 5, "slotCount": 1, "protection": 4}', 'Set Armure de cuir orque troupier'),
 (524, 'Set Armure de cuir orque mercenaire "Tourkilak"', 40, '{"note": "Moyennement lourde, donne en plus un malus de -4 à la nage, la course, l''escalade, la discrétion, etc.", "price": 800, "rupture": 5, "slotCount": 1, "protection": 5}', 'Set Armure de cuir orque mercenaire "Tourkilak"'),
 (525, 'Set Armure de cuir "Mercenaire 100"', 40, '{"note": "Moyennement lourde, donne en plus un malus de -4 à la nage, la course, l''escalade, la discrétion, etc.", "price": 2500, "rupture": 4, "slotCount": 1, "protection": 6}', 'Set Armure de cuir "Mercenaire 100"'),
 (526, 'Set d''armure cuir-métal "Maraveur 200"', 40, '{"note": "Moyennement lourde, donne en plus un malus de -4 à la nage, la course, l''escalade, la discrétion, etc.", "price": 5500, "rupture": 3, "slotCount": 1, "protection": 7}', 'Set d''armure cuir-metal "Maraveur 200"'),
 (527, 'Set d''armure cuir-métal "Bastonneur 400"', 40, '{"note": "Moyennement lourde, donne en plus un malus de -4 à la nage, la course, l''escalade, la discrétion, etc.", "price": 7000, "rupture": 2, "slotCount": 1, "protection": 8}', 'Set d''armure cuir-metal "Bastonneur 400"'),
 (528, 'Set d''armure cuir-écaille "Destructeur 1000"', 40, '{"note": "Moyennement lourde, donne en plus un malus de -4 à la nage, la course, l''escalade, la discrétion, etc.", "price": 8000, "rupture": 2, "slotCount": 1, "protection": 9}', 'Set d''armure cuir-ecaille "Destructeur 1000"'),
 (529, 'Set d''armure elfique "Folonariel" (ench. base 4)', 40, '{"note": "plutôt légères, donnent également un malus de -2 à la nage, la course, l''escalade, la discrétion, etc.", "price": 10000, "rupture": 3, "slotCount": 1, "protection": 6}', 'Set d''armure elfique "Folonariel" (ench. base 4)'),
 (530, 'Set d''armure Demigod(TM) (ench. base 6)', 40, '{"note": "plutôt légères, donnent également un malus de -2 à la nage, la course, l''escalade, la discrétion, etc.", "price": 10000, "rupture": 2, "slotCount": 1, "protection": 8}', 'Set d''armure Demigod(TM) (ench. base 6)'),
 (531, 'Set d''armure elfique "Talairfin" (ench. base 4)', 40, '{"note": "2AT/assaut; plutôt légères, donnent également un malus de -2 à la nage, la course, l''escalade, la discrétion, etc.", "price": 15000, "rupture": 2, "slotCount": 1, "protection": 7}', 'Set d''armure elfique "Talairfin" (ench. base 4)'),
 (532, 'Set d''armure du Massacre de Khornettoh (ench. base 6)', 40, '{"note": "plutôt légères, donnent également un malus de -2 à la nage, la course, l''escalade, la discrétion, etc.", "price": 20000, "rupture": 2, "slotCount": 1, "protection": 9}', 'Set d''armure du Massacre de Khornettoh (ench. base 6)'),
 (533, 'Set de Robes de prêtre "Veinard" (ench. base 2)', 40, '{"price": 10000, "rupture": 2, "slotCount": 1, "protection": 4}', 'Set de Robes de pretre "Veinard" (ench. base 2)'),
 (534, 'Set Tunique/Pantalon des Ombres (ench. base 3)', 40, '{"price": 10000, "rupture": 2, "slotCount": 1, "protection": 6}', 'Set Tunique/Pantalon des Ombres (ench. base 3)'),
 (535, 'Set Tunique/Pantalon du Fourbe (ench. base 3)', 40, '{"price": 12000, "rupture": 2, "slotCount": 1, "protection": 6}', 'Set Tunique/Pantalon du Fourbe (ench. base 3)'),
 (536, 'Set Tunique/Pantalon de Vélocité (ench. base 3)', 40, '{"note": "2AT/assaut", "price": 12000, "rupture": 2, "slotCount": 1, "protection": 6}', 'Set Tunique/Pantalon de Velocite (ench. base 3)'),
 (537, 'Set Tunique/Pantalon de l''Ether (ench. base 3)', 40, '{"note": "Invisibilité en standard", "price": 12000, "rupture": 2, "slotCount": 1, "protection": 4}', 'Set Tunique/Pantalon de l''Ether (ench. base 3)'),
 (538, 'Set de Robes de prêtre "Dévôt" (ench. base 2)', 40, '{"price": 15000, "slotCount": 1, "protection": 5}', 'Set de Robes de pretre "Devot" (ench. base 2)'),
 (539, 'Set de Robes de prêtre "L''élu" (ench. base 2)', 40, '{"note": "Lévitation", "price": 20000, "slotCount": 1, "protection": 8}', 'Set de Robes de pretre "L''elu" (ench. base 2)'),
 (540, 'Bouclier de base', 41, '{"price": 30, "rupture": 4, "slotCount": 1, "protection": 1}', 'Bouclier de base'),
 (541, 'Grand bouclier de base', 41, '{"price": 50, "rupture": 4, "slotCount": 1, "protection": 2}', 'Grand bouclier de base'),
 (542, 'Bouclier Saldur (de luxe)', 41, '{"price": 500, "rupture": 3, "slotCount": 1, "protection": 1}', 'Bouclier Saldur (de luxe)'),
 (543, 'Grand bouclier de luxe', 41, '{"price": 800, "rupture": 3, "slotCount": 1, "protection": 2}', 'Grand bouclier de luxe'),
 (544, 'Bouclier elfique de luxe, ultra-léger', 41, '{"price": 2000, "rupture": 2, "slotCount": 1, "protection": 2}', 'Bouclier elfique de luxe, ultra-leger'),
 (545, 'Bouclier ensorcelé de champion du Chaos (ench. base 1)', 41, '{"price": 5000, "slotCount": 1, "protection": 3}', 'Bouclier ensorcele de champion du Chaos (ench. base 1)'),
 (546, 'Calotte de cuir du Chef (tête)', 42, '{"price": 25, "rupture": 5, "slotCount": 1}', 'Calotte de cuir du Chef (tete)'),
 (547, 'Beau casque du Gardien (tête)', 42, '{"price": 60, "rupture": 3, "slotCount": 1}', 'Beau casque du Gardien (tete)'),
 (548, 'Salade de garde des Remparts d''Altrouille (tête)', 42, '{"price": 75, "rupture": 4, "slotCount": 1, "protection": 1}', 'Salade de garde des Remparts d''Altrouille (tete)'),
 (549, 'Casque de Sargent de Rillettebourg (tête)', 42, '{"price": 130, "rupture": 3, "slotCount": 1, "protection": 1}', 'Casque de Sargent de Rillettebourg (tete)'),
 (550, 'Pourpoint de cuistot-brigand (torse)', 42, '{"price": 40, "rupture": 4, "slotCount": 1, "protection": 2}', 'Pourpoint de cuistot-brigand (torse)'),
 (551, 'Gambison de Fierpâté (torse, avec manches)', 42, '{"price": 65, "rupture": 4, "slotCount": 1, "protection": 2}', 'Gambison de Fierpate (torse, avec manches)'),
 (552, 'Gambison d''Altrouille (torse, avec manches)', 42, '{"price": 130, "rupture": 3, "slotCount": 1, "protection": 2}', 'Gambison d''Altrouille (torse, avec manches)'),
 (553, 'Veston redoutable de Terrineville (torse, avec manches)', 42, '{"price": 130, "rupture": 3, "slotCount": 1, "protection": 3}', 'Veston redoutable de Terrineville (torse, avec manches)'),
 (554, 'Gambison Joli (torse, avec manches) (ench. base 3)', 42, '{"price": 600, "rupture": 3, "slotCount": 1, "protection": 4}', 'Gambison Joli (torse, avec manches) (ench. base 3)'),
 (555, 'Cotte Magnifique de Gilbert (torse) (ench. base 3)', 42, '{"price": 1000, "rupture": 2, "slotCount": 1, "protection": 5}', 'Cotte Magnifique de Gilbert (torse) (ench. base 3)'),
 (556, 'Bracelets de cuir du Tit''gars (avant-bras)', 42, '{"price": 100, "rupture": 4, "slotCount": 1}', 'Bracelets de cuir du Tit''gars (avant-bras)'),
 (557, 'Grand''bottes chourées à Boombardil', 42, '{"price": 100, "rupture": 4, "slotCount": 1}', 'Grand''bottes chourees a Boombardil'),
 (558, 'Veste en cuir bricolée (torse)', 43, '{"price": 60, "rupture": 5, "slotCount": 1, "protection": 2}', 'Veste en cuir bricolee (torse)'),
 (559, 'Veste en cuir sur mesure (torse, avec manches)', 43, '{"price": 120, "rupture": 4, "slotCount": 1, "protection": 2}', 'Veste en cuir sur mesure (torse, avec manches)'),
 (560, 'Veste en cuir sur mesure d''artisan (torse, avec manches)', 43, '{"price": 250, "rupture": 3, "slotCount": 1, "protection": 2}', 'Veste en cuir sur mesure d''artisan (torse, avec manches)'),
 (561, 'Mini-casque de protection forgé sur mesure (tête)', 43, '{"price": 500, "rupture": 3, "slotCount": 1, "protection": 1}', 'Mini-casque de protection forge sur mesure (tete)'),
 (562, 'Braies d''acrobate sur mesure (jambes)', 43, '{"note": "Évite parfois l''unijambisme", "price": 250, "rupture": 5, "slotCount": 1}', 'Braies d''acrobate sur mesure (jambes)'),
 (563, 'Veste en toile renforcée d''exception (ench. base 2)', 43, '{"price": 500, "rupture": 4, "slotCount": 1, "protection": 3}', 'Veste en toile renforcee d''exception (ench. base 2)'),
 (564, 'Grand casque du Bourreau (tête)', 44, '{"price": 140, "rupture": 3, "slotCount": 1, "protection": 1}', 'Grand casque du Bourreau (tete)'),
 (565, 'Tunique Renforcée du Boucher (torse, avec manches)', 44, '{"price": 80, "rupture": 4, "slotCount": 1, "protection": 2}', 'Tunique Renforcee du Boucher (torse, avec manches)'),
 (566, 'Pagne de cuir solide', 44, '{"note": "Peut éviter certains soucis", "price": 30, "rupture": 4, "slotCount": 1}', 'Pagne de cuir solide'),
 (1124, 'Collier de Stabilité', 82, '{"price": 800, "slotCount": 1}', 'Collier de Stabilite'),
 (567, 'Braies de Cuir du Boucher (jambes)', 44, '{"price": 200, "rupture": 4, "slotCount": 1, "protection": 1}', 'Braies de Cuir du Boucher (jambes)'),
 (568, 'Grand Surcot du Dépeceur (torse) (ench. base 2)', 44, '{"price": 1000, "rupture": 2, "slotCount": 1, "protection": 4}', 'Grand Surcot du Depeceur (torse) (ench. base 2)'),
 (569, 'Pièce d''or', 45, '{"price": 1, "weight": 0.01, "quantifiable": 1}', 'Piece d''or'),
 (570, 'Lingot de Berylium (pèse 500 grammes)', 45, '{"note": "Utilisé comme change", "price": 500, "weight": 0.5, "quantifiable": 1}', 'Lingot de Berylium (pese 500 grammes)'),
 (571, 'Lingot de Thritil (pèse 300 grammes)', 45, '{"note": "Utilisé comme change", "price": 100, "weight": 0.3, "quantifiable": 1}', 'Lingot de Thritil (pese 300 grammes)'),
 (572, 'Pièces d''argent', 45, '{"price": 0.1, "weight": 0.01, "quantifiable": 1}', 'Pieces d''argent'),
 (573, 'Pièces de cuivre', 45, '{"price": 0.01, "weight": 0.01, "quantifiable": 1}', 'Pieces de cuivre'),
 (574, '1 pinte de bière quelconque', 46, '{"note": "Donne mal au ventre", "price": 0.2}', '1 pinte de biere quelconque'),
 (575, '1 pinte de bière de bonne qualité', 46, '{"price": 0.5}', '1 pinte de biere de bonne qualite'),
 (576, '1 pichet de vin quelconque', 46, '{"price": 0.8}', '1 pichet de vin quelconque'),
 (577, '1 pichet de bon vin', 46, '{"price": 2}', '1 pichet de bon vin'),
 (578, '1 pichet de très bon vin', 46, '{"note": "À partager, ou pas", "price": 15}', '1 pichet de tres bon vin'),
 (579, 'Verre d''eau de vie de base', 46, '{"note": "Donne mal au crâne", "price": 0.5}', 'Verre d''eau de vie de base'),
 (580, 'Verre d''eau de vie de qualité', 46, '{"note": "+1 PV", "price": 1.5}', 'Verre d''eau de vie de qualite'),
 (583, 'Plat de viande de base', 46, '{"price": 0.8}', 'Plat de viande de base'),
 (584, 'Salade verte', 46, '{"note": "Pour les elfes, ha ha", "price": 0.1}', 'Salade verte'),
 (585, 'Salade composée', 46, '{"price": 0.4}', 'Salade composee'),
 (586, 'Tranche de jambon', 46, '{"price": 0.2}', 'Tranche de jambon'),
 (587, 'Saucisson', 46, '{"note": "À partager", "price": 0.5}', 'Saucisson'),
 (588, 'Terrine au porc', 46, '{"note": "À partager", "price": 0.5}', 'Terrine au porc'),
 (589, 'Terrine au gibier', 46, '{"note": "À partager", "price": 1}', 'Terrine au gibier'),
 (590, 'Ours à la bière', 46, '{"note": "La portion, COU+1 pendant 12H", "price": 3, "charge": 1}', 'Ours a la biere'),
 (591, 'Soupe de légumes', 46, '{"note": "La portion", "price": 0.2}', 'Soupe de legumes'),
 (592, 'Ration complète de voyage, 1 repas', 46, '{"note": "Conservation 7 jours", "price": 2}', 'Ration complete de voyage, 1 repas'),
 (593, '2 kilos de crevettes', 46, '{"price": 5, "weight": 2}', '2 kilos de crevettes'),
 (594, 'Paillasse en dortoir', 47, '{"note": "Récupération basse", "price": 0.2}', 'Paillasse en dortoir'),
 (595, 'Lit en dortoir', 47, '{"note": "Récupération basse", "price": 0.6}', 'Lit en dortoir'),
 (596, 'Chambre simple', 47, '{"note": "Récupération normale", "price": 2}', 'Chambre simple'),
 (597, 'Lit en dortoir', 48, '{"note": "Récupération normale", "price": 1}', 'Lit en dortoir'),
 (598, 'Chambre simple', 48, '{"note": "Récupération excellente", "price": 6}', 'Chambre simple'),
 (599, 'Chambre double', 48, '{"note": "Récupération excellente", "price": 8}', 'Chambre double'),
 (600, 'Besace de base', 49, '{"note": "Charge Max 3 kilos", "price": 0.5, "container": 1, "slotCount": 1}', 'Besace de base'),
 (601, 'Sac à dos de base', 49, '{"note": "Charge Max 10 kilos", "price": 4, "container": 1, "slotCount": 1}', 'Sac a dos de base'),
 (602, 'Sac à dos de qualité', 49, '{"note": "Charge Max 15 kilos", "price": 20, "container": 1, "slotCount": 1}', 'Sac a dos de qualite'),
 (603, 'Sacoche de tissu', 49, '{"note": "Charge Max 5 kilos", "price": 0.5, "container": 1, "slotCount": 1}', 'Sacoche de tissu'),
 (604, 'Sacoche de cuir', 49, '{"note": "Charge Max 8 kilos", "price": 3, "container": 1, "slotCount": 1}', 'Sacoche de cuir'),
 (605, 'Grande besace de chasseur en cuir', 49, '{"note": "Charge Max 30 kilos", "price": 25, "container": 1, "slotCount": 1}', 'Grande besace de chasseur en cuir'),
 (606, 'Bourse standard', 49, '{"note": "Max. 50 PO – 500 gr (pleine)", "price": 0.5, "container": 1, "slotCount": 1}', 'Bourse standard'),
 (607, 'Bourse Grande Capacité', 49, '{"note": "Max. 100 PO – 1 kilo (pleine)", "price": 2, "container": 1, "slotCount": 1}', 'Bourse Grande Capacite'),
 (608, 'Bourse des Nains des Mines', 49, '{"note": "Max. 250 PO – 2,5 kilos (pleine)", "price": 3, "container": 1, "slotCount": 1}', 'Bourse des Nains des Mines'),
 (609, 'Bourse anti-vol renforcée, avec chaînes', 49, '{"note": "Max. 250 PO – 3 kilos (pleine)", "price": 10, "weight": 0.5, "container": 1, "slotCount": 1}', 'Bourse anti-vol renforcee, avec chaines'),
 (610, 'Coffret d''aventurier', 49, '{"note": "Max. 1000 PO – 11 kilos (plein)", "price": 30, "weight": 1, "container": 1}', 'Coffret d''aventurier'),
 (611, 'Torche', 50, '{"note": "1H de lumière sur une torche", "price": 0.1, "quantifiable": 1}', 'Torche'),
 (612, 'Lampe à huile', 50, '{"price": 5}', 'Lampe a huile'),
 (613, 'Flacon d''huile', 50, '{"note": "24H de lumière sur la lampe", "price": 0.5}', 'Flacon d''huile'),
 (614, 'Briquet', 50, '{"note": "Ne supporte pas l''immersion", "price": 1}', 'Briquet'),
 (615, 'Outre de cuir 1 litre', 50, '{"price": 2}', 'Outre de cuir 1 litre'),
 (616, 'Ficelle, le mètre', 50, '{"note": "charge max. 10 kilos", "price": 0.02}', 'Ficelle, le metre'),
 (617, 'Cordelette, le mètre', 50, '{"note": "charge max. 25 kilos", "price": 0.1, "quantifiable": 1}', 'Cordelette, le metre'),
 (618, 'Corde standard, le mètre', 50, '{"note": "charge max. 80 kilos", "price": 1, "quantifiable": 1}', 'Corde standard, le metre'),
 (619, 'Corde elfique, le mètre', 50, '{"note": "charge max. 400 kilos", "price": 10, "quantifiable": 1}', 'Corde elfique, le metre'),
 (620, 'Chaîne de fabrication naine, le mètre (2 kg/mètre)', 50, '{"note": "charge max. 1 tonne", "price": 10, "quantifiable": 1}', 'Chaine de fabrication naine, le metre (2 kg/metre)'),
 (621, 'Couverts de bois', 50, '{"price": 0.2}', 'Couverts de bois'),
 (622, 'Couverts de metal', 50, '{"note": "Peut servir d''arme (1D-1)", "price": 0.5}', 'Couverts de metal'),
 (623, 'Couverts en argent', 50, '{"note": "Peut servir d''arme (1D-1)", "price": 10}', 'Couverts en argent'),
 (624, 'Écuelle de bois', 50, '{"price": 0.3}', 'Ecuelle de bois'),
 (625, 'Écuelle de fer', 50, '{"price": 0.6}', 'Ecuelle de fer'),
 (626, 'Nécessaire de cuistot', 50, '{"price": 5}', 'Necessaire de cuistot'),
 (627, 'Gobelet en bois', 50, '{"price": 0.1}', 'Gobelet en bois'),
 (628, 'Gobelet de fer', 50, '{"price": 0.3}', 'Gobelet de fer'),
 (629, 'Gobelet de luxe ouvragé', 50, '{"price": 5}', 'Gobelet de luxe ouvrage'),
 (630, 'Coupe à vin plaquée or', 50, '{"note": "Pour se la jouer", "price": 30}', 'Coupe a vin plaquee or'),
 (631, 'Couverture de paysan (1 kilo)', 51, '{"note": "En extérieur : récup. basse", "price": 0.5, "weight": 1}', 'Couverture de paysan (1 kilo)'),
 (632, 'Couverture d''aventurier (2 kilos)', 51, '{"note": "En extérieur : récup. normale", "price": 2, "weight": 2}', 'Couverture d''aventurier (2 kilos)'),
 (633, 'Couverture classe (2 kilos)', 51, '{"note": "En extérieur : récup. normale", "price": 5, "weight": 2}', 'Couverture classe (2 kilos)'),
 (634, 'Couverture elfique (imitation) (2 kilos)', 51, '{"note": "En extérieur : récup. normale", "price": 10, "weight": 2}', 'Couverture elfique (imitation) (2 kilos)'),
 (635, 'Couverture elfique (véritable) (1 kilo)', 51, '{"note": "En extérieur : récup. excellente", "price": 100, "weight": 1}', 'Couverture elfique (veritable) (1 kilo)'),
 (636, 'Matelas de camping (3 kilos)', 51, '{"note": "Amélioration de la récupération: L''utilisation du matelas de camping, en extérieur ou intérieur, augmente la récupération de 1 PV/heure", "price": 5, "weight": 3}', 'Matelas de camping (3 kilos)'),
 (691, 'Ensorcellement d''un peigne, charisme +3', 55, '{"note": "Sauf pour les chauves", "price": 1000}', 'Ensorcellement d''un peigne, charisme +3'),
 (637, 'Tente de bivouac (5 kilos)', 51, '{"note": "Amélioration de la récupération: L''utilisation de la tente, en extérieur, augmente la récupération de 1 PV/heure (montage : 20 min.)", "price": 15, "weight": 5}', 'Tente de bivouac (5 kilos)'),
 (638, 'Tente de luxe (10 kilos)', 51, '{"note": "Amélioration de la récupération:L''utilisation de la tente de luxe, en extérieur, augmente la récupération de 2 PV/heure (montage : 1 heure)", "price": 100, "weight": 10}', 'Tente de luxe (10 kilos)'),
 (639, 'Chaussettes (Hé ! Chaussette !!!)', 52, '{"price": 0.3, "slotCount": 1}', 'Chaussettes (He ! Chaussette !!!)'),
 (640, 'Chaussettes chaudes', 52, '{"note": "Immunise à : rhume des pierres", "price": 0.6}', 'Chaussettes chaudes'),
 (641, 'Chaussures de paysan', 52, '{"price": 0.5, "slotCount": 1}', 'Chaussures de paysan'),
 (642, 'Chaussures d''aventurier correctes', 52, '{"price": 2, "slotCount": 1}', 'Chaussures d''aventurier correctes'),
 (643, 'Bottes de cuir', 52, '{"price": 15, "slotCount": 1}', 'Bottes de cuir'),
 (644, 'Bottes de marche elfiques (véritable)', 52, '{"price": 150, "slotCount": 1}', 'Bottes de marche elfiques (veritable)'),
 (645, 'Short de toile de base pour paysan', 52, '{"price": 0.3, "slotCount": 1}', 'Short de toile de base pour paysan'),
 (646, 'Pantalon de toile nase', 52, '{"price": 0.8, "slotCount": 1}', 'Pantalon de toile nase'),
 (647, 'Pantalon correct', 52, '{"price": 4, "slotCount": 1}', 'Pantalon correct'),
 (648, 'Pantalon de voleur silencieux', 52, '{"price": 50, "slotCount": 1}', 'Pantalon de voleur silencieux'),
 (649, 'Pantalon de cuir pour aventurier classe', 52, '{"price": 100, "slotCount": 1}', 'Pantalon de cuir pour aventurier classe'),
 (650, 'Ceinturon cuir', 52, '{"price": 2, "container": 1, "slotCount": 1}', 'Ceinturon cuir'),
 (651, 'Ceinture d''armes renforcée', 52, '{"note": "Pour accrocher son arme", "price": 15, "container": 1, "slotCount": 1}', 'Ceinture d''armes renforcee'),
 (652, 'Chemise de paysan', 52, '{"price": 0.8, "slotCount": 1}', 'Chemise de paysan'),
 (653, 'Chemise de base', 52, '{"price": 1.5, "slotCount": 1}', 'Chemise de base'),
 (654, 'Chemise d''aventurier correcte', 52, '{"price": 4, "slotCount": 1}', 'Chemise d''aventurier correcte'),
 (655, 'Chemise d''aventurier de luxe, chemise de noble', 52, '{"price": 100, "slotCount": 1}', 'Chemise d''aventurier de luxe, chemise de noble'),
 (656, 'Chemise silencieuse pour voleur', 52, '{"price": 50, "slotCount": 1}', 'Chemise silencieuse pour voleur'),
 (657, 'Tunique de toile', 52, '{"price": 2, "slotCount": 1}', 'Tunique de toile'),
 (658, 'Tunique un peu classe', 52, '{"price": 10, "slotCount": 1}', 'Tunique un peu classe'),
 (659, 'Gants de manutention', 52, '{"price": 0.5, "slotCount": 1}', 'Gants de manutention'),
 (660, 'Kimono d''entraînement de Song-Fu', 52, '{"price": 400, "slotCount": 1}', 'Kimono d''entrainement de Song-Fu'),
 (661, 'Gants de laine', 52, '{"note": "Évite le froid aux mains", "price": 1, "slotCount": 1}', 'Gants de laine'),
 (662, 'Gants de cuir doublés', 52, '{"price": 5, "slotCount": 1}', 'Gants de cuir doubles'),
 (663, 'Manteau en coton huilé', 52, '{"note": "Imperméable", "price": 25, "slotCount": 1}', 'Manteau en coton huile'),
 (664, 'Chapeau de paille', 52, '{"note": "Protège du soleil", "price": 0.5, "slotCount": 1}', 'Chapeau de paille'),
 (665, 'Chapeau de marchand', 52, '{"price": 3, "slotCount": 1}', 'Chapeau de marchand'),
 (666, 'Chapeau de ménestrel, de noble', 52, '{"note": "CHA+1 (persuasion)", "price": 50, "slotCount": 1}', 'Chapeau de menestrel, de noble'),
 (667, 'Cape de base', 52, '{"price": 5, "slotCount": 1}', 'Cape de base'),
 (668, 'Cape de voleur', 52, '{"price": 100, "slotCount": 1}', 'Cape de voleur'),
 (669, 'Cape elfique (imitation)', 52, '{"note": "fragile ", "price": 50, "slotCount": 1}', 'Cape elfique (imitation)'),
 (670, 'Cape de bourgeoise qui en jette', 52, '{"sex": "f", "price": 1000, "slotCount": 1}', 'Cape de bourgeoise qui en jette'),
 (671, 'Cape elfique (véritable)', 52, '{"note": "impermeable, solide", "price": 400, "slotCount": 1}', 'Cape elfique (veritable)'),
 (672, 'Shampooing de base', 53, '{"price": 0.2}', 'Shampooing de base'),
 (673, 'Shampooing fortifiant pour elfe', 53, '{"price": 4}', 'Shampooing fortifiant pour elfe'),
 (674, 'Flacon de Loreliane', 53, '{"note": "CHA+1* / 1 jour *Les bonus et malus de CHARISME en question ne modifient pas la valeur MagiePsy", "price": 8}', 'Flacon de Loreliane'),
 (675, 'Loreliane Excelsior (uniquement elfes de Lunelbar)', 53, '{"note": "CHA+8* / 1 jour (elfes) *Les bonus et malus de CHARISME en question ne modifient pas la valeur MagiePsy", "price": 30}', 'Loreliane Excelsior (uniquement elfes de Lunelbar)'),
 (676, 'Chaise de base', 54, '{"price": 2}', 'Chaise de base'),
 (677, 'Table de cuisine', 54, '{"price": 15}', 'Table de cuisine'),
 (678, 'Table de bonne qualité', 54, '{"price": 50}', 'Table de bonne qualite'),
 (679, 'Buffet', 54, '{"price": 80}', 'Buffet'),
 (680, 'Fauteuil de noble', 54, '{"price": 150}', 'Fauteuil de noble'),
 (681, 'Armoire de qualité en bois sculpté', 54, '{"price": 180}', 'Armoire de qualite en bois sculpte'),
 (682, 'Rempaillage de chaise standard', 55, '{"price": 2}', 'Rempaillage de chaise standard'),
 (683, 'Rempaillage de fauteuil à bascule', 55, '{"price": 10}', 'Rempaillage de fauteuil a bascule'),
 (684, 'Affûtage d''une épée de base', 55, '{"note": "Dommage+1, 3 combats", "price": 1}', 'Affutage d''une epee de base'),
 (685, 'Affûtage d''une épée de qualité', 55, '{"note": "Dommage+1, 5 combats", "price": 4}', 'Affutage d''une epee de qualite'),
 (686, 'Coupe chez le coiffeur', 55, '{"note": "CHA+1* / 1 jour *Les bonus et malus de CHARISME en question ne modifient pas la valeur MagiePsy", "price": 0.5}', 'Coupe chez le coiffeur'),
 (687, 'Rapports avec une fille de joie', 55, '{"note": "Récupération de 1PV", "price": 10}', 'Rapports avec une fille de joie'),
 (688, 'Rapports avec une fille de joie de luxe', 55, '{"note": "Récupération de 3PV", "price": 50}', 'Rapports avec une fille de joie de luxe'),
 (689, 'Examen d''objet magique chez un sage (par objet)', 55, '{"note": "Pour en savoir plus", "price": 5}', 'Examen d''objet magique chez un sage (par objet)'),
 (690, 'Ensorcellement d''un peigne, charisme +1', 55, '{"note": "Sauf pour les chauves", "price": 100}', 'Ensorcellement d''un peigne, charisme +1'),
 (692, 'Ensorcellement d''une épée, dommage +1', 55, '{"price": 1000}', 'Ensorcellement d''une epee, dommage +1'),
 (693, 'Ensorcellement d''une hache, dommage +3', 55, '{"note": "Bobo la tête !", "price": 5000}', 'Ensorcellement d''une hache, dommage +3'),
 (694, 'Stage maître d''armes', 55, '{"note": "+1 AT ou PRD - durée 1 mois", "price": 500}', 'Stage maitre d''armes'),
 (695, 'Stage de remise en forme', 55, '{"note": "+1 FO - durée 1 mois", "price": 400}', 'Stage de remise en forme'),
 (696, 'Stage d''étude', 55, '{"note": "+1 INT - durée 6 mois", "price": 500}', 'Stage d''etude'),
 (697, 'Stage de beauté-relookage', 55, '{"note": "+1 CHA - durée 1 semaine", "price": 400}', 'Stage de beaute-relookage'),
 (698, 'Stage de prise de conscience', 55, '{"note": "+1 COU - durée 1 mois", "price": 400}', 'Stage de prise de conscience'),
 (699, 'Guérisseur, guérir d''un empoisonnement', 55, '{"note": "Stoppe le poison et ses effets", "price": 15}', 'Guerisseur, guerir d''un empoisonnement'),
 (700, 'Guérisseur, soins basiques, maladie', 55, '{"note": "Récupère 5PV, stoppe effets", "price": 15}', 'Guerisseur, soins basiques, maladie'),
 (701, 'Guérisseur, réduction fracture', 55, '{"note": "Soin fracture + Récupère 5PV", "price": 20}', 'Guerisseur, reduction fracture'),
 (702, 'Guérisseur, soin blessures graves', 55, '{"note": "Guérit blessures + récup. 15PV", "price": 40}', 'Guerisseur, soin blessures graves'),
 (703, 'Transport en chariot paysan', 55, '{"note": "Pour 10 km", "price": 0.5}', 'Transport en chariot paysan'),
 (704, 'Transport en diligence', 55, '{"note": "Pour 10 km", "price": 3}', 'Transport en diligence'),
 (705, 'Cabanon en bois délabré dans un champ', 56, '{"price": 70}', 'Cabanon en bois delabre dans un champ'),
 (706, 'Grange de base', 56, '{"price": 90}', 'Grange de base'),
 (707, 'Cabane en bois aménagée, dans une forêt', 56, '{"price": 120}', 'Cabane en bois amenagee, dans une foret'),
 (708, 'Grange de qualité', 56, '{"price": 130}', 'Grange de qualite'),
 (709, 'Masure de paysan', 56, '{"price": 350}', 'Masure de paysan'),
 (710, 'Fermette', 56, '{"price": 800}', 'Fermette'),
 (711, 'Maison de village paumé, 3 pièces', 56, '{"price": 1500}', 'Maison de village paume, 3 pieces'),
 (712, 'Studio dans une grande cité', 56, '{"price": 2000}', 'Studio dans une grande cite'),
 (713, 'Maison de ville moyenne, 2 pièces', 56, '{"price": 2500}', 'Maison de ville moyenne, 2 pieces'),
 (714, 'Ferme spacieuse avec dépendances', 56, '{"price": 2500}', 'Ferme spacieuse avec dependances'),
 (715, 'Vieille tour, donjon désaffecté', 56, '{"price": 3000}', 'Vieille tour, donjon desaffecte'),
 (716, 'Maison de ville moyenne, 4 pièces', 56, '{"price": 4000}', 'Maison de ville moyenne, 4 pieces'),
 (717, 'Tour de base en bon état', 56, '{"price": 6000}', 'Tour de base en bon etat'),
 (718, 'Maison de grande cité, 2 pièces', 56, '{"price": 10000}', 'Maison de grande cite, 2 pieces'),
 (719, 'Maison de grande cité, 6 pièces', 56, '{"price": 15000}', 'Maison de grande cite, 6 pieces'),
 (720, 'Château en province (2 étages, 12 pièces, terrain)', 56, '{"price": 18000}', 'Chateau en province (2 etages, 12 pieces, terrain)'),
 (721, 'Grand donjon en bon état, en province', 56, '{"price": 20000}', 'Grand donjon en bon etat, en province'),
 (722, 'Villa dans une grande cité, 8 pièces et jardin', 56, '{"price": 30000}', 'Villa dans une grande cite, 8 pieces et jardin'),
 (723, 'Palais ou château en ville', 56, '{"price": 80000}', 'Palais ou chateau en ville'),
 (724, 'Mule ou âne un peu usé', 57, '{"note": "CHA-2", "price": 40}', 'Mule ou ane un peu use'),
 (725, 'Bonne mule, âne en pleine forme', 57, '{"note": "CHA-1", "price": 80}', 'Bonne mule, ane en pleine forme'),
 (726, 'Cheval de base', 57, '{"note": "CHA-1", "price": 100}', 'Cheval de base'),
 (727, 'Cheval rapide', 57, '{"note": "Déplacement +10 km par jour", "price": 200}', 'Cheval rapide'),
 (728, 'Cheval rapide et robuste', 57, '{"note": "Déplacement +15 km par jour", "price": 400}', 'Cheval rapide et robuste'),
 (729, 'Cheval de bataille moyen', 57, '{"note": "CHA+1 il peut frapper avec ses pattes AT : 8 Degâts : 2D / EV : 40 Armure légère : PR 3", "price": 1000}', 'Cheval de bataille moyen'),
 (730, 'Destrier puissant et fringuant', 57, '{"note": "CHA+2 il peut frapper avec ses pattes AT : 10 Degâts : 2D+2 / EV : 50 Armure correcte : PR 4", "price": 2000}', 'Destrier puissant et fringuant'),
 (731, 'Chien maladif', 57, '{"note": "AT : 6 ESQ : 4 / Degâts 1D-1 / EV : 5 Le chien esquive uniquement", "price": 5}', 'Chien maladif'),
 (732, 'Chien au poil brillant, de taille moyenne', 57, '{"note": "AT : 7 ESQ : 5 / Degâts 1D-1 / EV : 7 Le chien esquive uniquement", "price": 15}', 'Chien au poil brillant, de taille moyenne'),
 (733, 'Chien fidèle et robuste', 57, '{"note": "AT : 8 ESQ : 6 / Degâts 1D+1 / EV : 10 Le chien esquive uniquement", "price": 40}', 'Chien fidele et robuste'),
 (734, 'Médaillon de Gurzak', 58, '{"note": "Aucun effet notoire", "price": 200, "relic": 1, "slotCount": 1}', 'Medaillon de Gurzak'),
 (735, 'Bracelet Brillant de Chlonk-le-Bourrin', 58, '{"note": "Aucun effet notoire", "price": 230, "relic": 1, "slotCount": 1}', 'Bracelet Brillant de Chlonk-le-Bourrin'),
 (736, 'Botte gauche de Damodar-le-Pénible', 58, '{"note": "La botte droite a été perdue – aucun effet notoire", "price": 250, "relic": 1, "slotCount": 1}', 'Botte gauche de Damodar-le-Penible'),
 (737, 'Anneau nasal de Courage', 58, '{"price": 300, "relic": 1}', 'Anneau nasal de Courage'),
 (738, 'Brassard des Âmes du Châtiment Sauvage', 58, '{"price": 300, "relic": 1, "slotCount": 1}', 'Brassard des Ames du Chatiment Sauvage'),
 (739, 'Plastron Léger de la Violence', 58, '{"price": 400, "relic": 1, "slotCount": 1}', 'Plastron Leger de la Violence'),
 (740, 'Coquillard de Gurzak', 58, '{"note": "Immunise aux coups critiques sur organes génitaux", "price": 800, "relic": 1, "slotCount": 1}', 'Coquillard de Gurzak'),
 (741, 'Bracelets Maudits de Khornettoh', 58, '{"price": 1000, "relic": 1, "slotCount": 1}', 'Bracelets Maudits de Khornettoh'),
 (742, 'Casque Vaillant de Gurzak', 58, '{"note": "Protège des critiques à la tête", "price": 1000, "relic": 1, "slotCount": 1}', 'Casque Vaillant de Gurzak'),
 (743, 'Sandales de Combat de Chlonk-le-Bourrin', 58, '{"price": 1500, "relic": 1, "slotCount": 1}', 'Sandales de Combat de Chlonk-le-Bourrin'),
 (744, 'Panache Noir de Gurzak', 58, '{"note": "À fixer sur un casque", "price": 1500, "relic": 1, "slotCount": 1}', 'Panache Noir de Gurzak'),
 (745, 'Talisman de Khornettoh', 58, '{"price": 1500, "relic": 1, "slotCount": 1}', 'Talisman de Khornettoh'),
 (746, 'Plastron Agile de Damodar-le-Pénible', 58, '{"price": 2000, "relic": 1, "slotCount": 1}', 'Plastron Agile de Damodar-le-Penible'),
 (747, 'Amulette du Sang Noir', 58, '{"note": "Bonus épreuves +1 pour tous les prodiges de KHORNETTOH", "price": 2000, "relic": 1, "slotCount": 1}', 'Amulette du Sang Noir'),
 (748, 'Chaussettes Maudites des Chuakils', 58, '{"price": 3000, "relic": 1, "slotCount": 1}', 'Chaussettes Maudites des Chuakils'),
 (749, 'Épée des Grandes Moissons de Violence', 58, '{"price": 3000, "relic": 1, "slotCount": 1, "damageDice": 1, "bonusDamage": 4}', 'Epee des Grandes Moissons de Violence'),
 (750, 'Anneau de Pouvoir des Sacrilèges', 58, '{"note": "il brille en présence de quelque chose de magique", "price": 3500, "relic": 1, "slotCount": 1}', 'Anneau de Pouvoir des Sacrileges'),
 (751, 'Bracelets des Tourments', 58, '{"note": "Dégâts +1D - Dégâts +2D contre les peaux-vertes", "price": 4000, "relic": 1, "slotCount": 1}', 'Bracelets des Tourments'),
 (752, 'Bottes Belliqueuses de Galgoula', 58, '{"note": "Bonus épreuves +2 pour tous les prodiges de KHORNETTOH", "price": 4000, "relic": 1, "slotCount": 1}', 'Bottes Belliqueuses de Galgoula'),
 (753, 'Ceinture Frénétique de Khornettoh', 58, '{"note": "Bonus épreuves +1 pour tous les prodiges de KHORNETTOH", "price": 4000, "relic": 1, "slotCount": 1}', 'Ceinture Frenetique de Khornettoh'),
 (754, 'Gantelets Fourrés de la Douleur', 58, '{"price": 5000, "relic": 1, "slotCount": 1}', 'Gantelets Fourres de la Douleur'),
 (755, 'Bague de Précision de Gurzak', 58, '{"note": "Bonus épreuves +2 prodiges de KHORNETTOH", "price": 5000, "relic": 1, "slotCount": 1}', 'Bague de Precision de Gurzak'),
 (756, 'Hache de la Démence', 58, '{"note": "Bonus épreuves +2 prodiges de KHORNETTOH", "price": 5000, "relic": 1, "slotCount": 1}', 'Hache de la Demence'),
 (767, 'Tasse à chocolat de Swimaf', 59, '{"note": "Aucun effet notoire", "price": 200, "relic": 1}', 'Tasse a chocolat de Swimaf'),
 (768, 'Bouillotte de Zuggira', 59, '{"note": "Aucun effet notoire", "price": 230, "relic": 1}', 'Bouillotte de Zuggira'),
 (1125, 'Bracelets de force de Zrag', 82, '{"price": 1000, "slotCount": 1}', 'Bracelets de force de Zrag'),
 (769, 'Verre à dentier de Skeloss', 59, '{"note": "Aucun effet notoire", "price": 250, "relic": 1}', 'Verre a dentier de Skeloss'),
 (770, 'Anneau de cheveux de Swimaf', 59, '{"price": 300, "relic": 1, "slotCount": 1}', 'Anneau de cheveux de Swimaf'),
 (771, 'Drap-housse de la Béatitude', 59, '{"price": 300, "relic": 1}', 'Drap-housse de la Beatitude'),
 (772, 'Pyjama of desolation', 59, '{"price": 400, "relic": 1, "slotCount": 1}', 'Pyjama of desolation'),
 (773, 'Gambijama de Skeloss', 59, '{"note": "se porte sous une autre protection sans affecter le PR maximum", "price": 800, "relic": 1, "slotCount": 1}', 'Gambijama de Skeloss'),
 (774, 'Médaillon de la Dormition', 59, '{"note": "Récupération PV x2 pendant le sommeil", "price": 1000, "relic": 1, "slotCount": 1}', 'Medaillon de la Dormition'),
 (775, 'Chaussons-lapins de Zuggira', 59, '{"note": "Bonus épreuves +1 pour tous les prodiges de DLUL; Provoque le rire chez la plupart des gens – CHA-3 pour convaincre", "price": 1200, "relic": 1, "slotCount": 1}', 'Chaussons-lapins de Zuggira'),
 (776, 'Charentaises de Swimaf', 59, '{"note": "Bonus épreuves +1 pour tous les prodiges de DLUL", "price": 1500, "relic": 1, "slotCount": 1}', 'Charentaises de Swimaf'),
 (777, 'Talisman Karmique de Dlul', 59, '{"note": "Récupération PA x2 pendant le sommeil", "price": 1600, "relic": 1, "slotCount": 1}', 'Talisman Karmique de Dlul'),
 (778, 'Oreiller à Sieste de Skeloss', 59, '{"note": "Bonus épreuves +1 pour tous les prodiges de DLUL", "price": 1800, "relic": 1}', 'Oreiller a Sieste de Skeloss'),
 (779, 'Bas de pyjama de Swimaf', 59, '{"note": "Bonus épreuves +1 pour tous les prodiges de DLUL", "price": 2000, "relic": 1, "slotCount": 1}', 'Bas de pyjama de Swimaf'),
 (780, 'Couette de Zuggira', 59, '{"note": "Bonus épreuves +1 pour tous les prodiges de DLUL; Cet artefact prend de la place", "price": 3000, "relic": 1}', 'Couette de Zuggira'),
 (781, 'Bannière du Baillement Ultime', 59, '{"note": "COU+2 pour le porteur et les alliés", "price": 4000, "relic": 1}', 'Banniere du Baillement Ultime'),
 (782, 'Polochon Mystique de Zuggira', 59, '{"note": "Bonus épreuves +2 pour tous les prodiges de DLUL", "price": 5000, "relic": 1}', 'Polochon Mystique de Zuggira'),
 (783, 'Coussin d''Arnhauk', 59, '{"note": "Bonus épreuves +2 pour tous les prodiges de DLUL", "price": 5000, "relic": 1}', 'Coussin d''Arnhauk'),
 (784, 'Polochon Infernal de Dlul', 59, '{"note": "Bonus épreuves +2 pour tous les prodiges de DLUL", "price": 5500, "relic": 1}', 'Polochon Infernal de Dlul'),
 (785, 'Bonnet de nuit of Death', 59, '{"note": "Ne protège pas des coups à la tête", "price": 6000, "relic": 1, "slotCount": 1}', 'Bonnet de nuit of Death'),
 (786, 'Matelas de l''Apocalypse', 59, '{"note": "EV +8 de façon permanente, récupération PV x2 Le matelas ne peut être transporté que sur une charrette", "price": 8000, "relic": 1}', 'Matelas de l''Apocalypse'),
 (787, 'Sommier de Transport Avachi', 59, '{"note": "EV +10 de façon permanente; Récupération PA-PV x2; Le sommier ne peut être transporté que sur une charrette", "price": 10000, "relic": 1}', 'Sommier de Transport Avachi'),
 (788, 'Lanière de fouet d''Astulug', 60, '{"note": "Aucun effet notoire", "price": 200, "relic": 1}', 'Laniere de fouet d''Astulug'),
 (789, 'Slip en cuir d''Evelydelia', 60, '{"note": "Aucun effet notoire - On peut porter quelque chose dessus", "price": 230, "relic": 1, "slotCount": 1}', 'Slip en cuir d''Evelydelia'),
 (790, 'Boîte à secrets de Pandora', 60, '{"note": "Aucun effet notoire", "price": 250, "relic": 1}', 'Boite a secrets de Pandora'),
 (791, 'Anneau de cheveux de Trituros', 60, '{"price": 300, "relic": 1, "slotCount": 1}', 'Anneau de cheveux de Trituros'),
 (792, 'Gadget Indécent de Nihilia', 60, '{"price": 300, "relic": 1}', 'Gadget Indecent de Nihilia'),
 (793, 'Plastron Léger des Illusions de Slanoush', 60, '{"price": 400, "relic": 1, "slotCount": 1}', 'Plastron Leger des Illusions de Slanoush'),
 (794, 'Nuisette de l''Indécence', 60, '{"note": "Se porte sous une autre protection sans affecter le PR maximum", "price": 800, "relic": 1, "slotCount": 1}', 'Nuisette de l''Indecence'),
 (795, 'Bracelets Sauvages de Slanoush', 60, '{"price": 1000, "relic": 1, "slotCount": 1}', 'Bracelets Sauvages de Slanoush'),
 (796, 'String des Midinettes', 60, '{"note": "On peut porter quelque chose dessus", "price": 1200, "relic": 1, "slotCount": 1}', 'String des Midinettes'),
 (797, 'Menottes à fourrure de Trituros', 60, '{"note": "Le porteur des menottes n''est pas forcé de s''attacher avec", "price": 1500, "relic": 1}', 'Menottes a fourrure de Trituros'),
 (798, 'Plumet d''attaque de Nihilia', 60, '{"note": "À fixer sur un casque", "price": 1500, "relic": 1, "slotCount": 1}', 'Plumet d''attaque de Nihilia'),
 (799, 'Talisman Mammaire de Slanoush', 60, '{"sex": "f", "price": 1500, "relic": 1, "slotCount": 1}', 'Talisman Mammaire de Slanoush'),
 (800, 'Tunique des Gardiens de Slanoush', 60, '{"price": 2000, "relic": 1, "slotCount": 1}', 'Tunique des Gardiens de Slanoush'),
 (801, 'Amulette de Trituros', 60, '{"note": "Bonus épreuves +1 pour tous les prodiges de SLANOUSH", "price": 2000, "relic": 1, "slotCount": 1}', 'Amulette de Trituros'),
 (802, 'Caleçon d''Astulug', 60, '{"price": 3000, "relic": 1, "slotCount": 1}', 'Calecon d''Astulug'),
 (803, 'Sceptre Libidineux de Slanoush', 60, '{"price": 3000, "relic": 1, "damageDice": 1, "bonusDamage": 4}', 'Sceptre Libidineux de Slanoush'),
 (804, 'Palmipède Vibrant de Nihilia', 60, '{"note": "il est jaune et résiste à l''eau", "price": 3500, "relic": 1, "bonusDamage": 0}', 'Palmipede Vibrant de Nihilia'),
 (805, 'Collier à clous de la Souffrance', 60, '{"note": "CHA-2 pour convaincre", "price": 4000, "relic": 1, "slotCount": 1, "damageDice": 1, "bonusDamage": 0}', 'Collier a clous de la Souffrance'),
 (806, 'Bottines des Avatars de Slanoush', 60, '{"note": "Bonus épreuves +2 pour tous les prodiges de SLANOUSH", "price": 4000, "relic": 1, "slotCount": 1, "bonusDamage": 0}', 'Bottines des Avatars de Slanoush'),
 (807, 'Toge Incongrue des Libertins', 60, '{"note": "Bonus épreuves +1 pour tous les prodiges de SLANOUSH", "price": 4000, "relic": 1, "slotCount": 1, "bonusDamage": 0}', 'Toge Incongrue des Libertins'),
 (808, 'Jupette Indécente de Nihilia', 60, '{"sex": "f", "price": 5000, "relic": 1, "slotCount": 1, "bonusDamage": 0}', 'Jupette Indecente de Nihilia'),
 (809, 'Bague des Orgies de Slanoush', 60, '{"note": "Bonus épreuves +2 pour tous les prodiges de SLANOUSH", "price": 5000, "relic": 1, "slotCount": 1, "bonusDamage": 0}', 'Bague des Orgies de Slanoush'),
 (810, 'Manique damassée', 61, '{"note": "Aucun effet notoire", "price": 200, "relic": 1, "slotCount": 1, "bonusDamage": 0}', 'Manique damassee'),
 (811, 'Foulard blanc du Baveux', 61, '{"note": "Aucun effet notoire", "price": 230, "relic": 1, "slotCount": 1, "bonusDamage": 0}', 'Foulard blanc du Baveux'),
 (812, 'Fiole de graisse sacrée', 61, '{"note": "Aucun effet notoire", "price": 250, "relic": 1, "bonusDamage": 0}', 'Fiole de graisse sacree'),
 (813, 'Tablier du Serment', 61, '{"note": "on peut porter une armure par-dessus", "price": 300, "relic": 1, "slotCount": 1, "bonusDamage": 0}', 'Tablier du Serment'),
 (814, 'Sandales d''Yor', 61, '{"sex": "f", "price": 400, "relic": 1, "slotCount": 1, "bonusDamage": 0}', 'Sandales d''Yor'),
 (815, 'Bracelet d''Erolaix', 61, '{"sex": "h", "price": 400, "relic": 1, "slotCount": 1, "bonusDamage": 0}', 'Bracelet d''Erolaix'),
 (816, 'Peigne d''éloquence', 61, '{"price": 600, "relic": 1, "bonusDamage": 0}', 'Peigne d''eloquence'),
 (817, 'Toque de Kisdacouk', 61, '{"price": 1000, "relic": 1, "slotCount": 1, "bonusDamage": 0}', 'Toque de Kisdacouk'),
 (818, 'Bague à Petits Pois', 61, '{"price": 1200, "relic": 1, "slotCount": 1, "bonusDamage": 0}', 'Bague a Petits Pois'),
 (819, 'Fourchette Inspiratrice', 61, '{"note": "Prodiges d''Adathie +1", "price": 1500, "relic": 1, "bonusDamage": 0}', 'Fourchette Inspiratrice'),
 (820, 'Bracelets du Juste Gnon', 61, '{"note": "protège des critiques aux bras (PR 1)", "price": 1500, "relic": 1, "slotCount": 1, "bonusDamage": 0}', 'Bracelets du Juste Gnon'),
 (821, 'Plastron des Tomettes', 61, '{"price": 1500, "relic": 1, "slotCount": 1, "protection": 2}', 'Plastron des Tomettes'),
 (822, 'Robe aérée de Mhau', 61, '{"note": "Bonus épreuve +1 prodiges d''ADATHIE", "price": 1800, "relic": 1, "slotCount": 1, "protection": 1}', 'Robe aeree de Mhau'),
 (823, 'Plat ovale des Présidents', 61, '{"note": "Bonus épreuve +1 prodiges d''ADATHIE", "price": 2000, "relic": 1}', 'Plat ovale des Presidents'),
 (824, 'Marteau du Rappel au Calme', 61, '{"note": "Bonus épreuve +1 prodiges d''ADATHIE", "price": 2500, "relic": 1, "slotCount": 1}', 'Marteau du Rappel au Calme'),
 (825, 'Médaillon de Mordious', 61, '{"price": 3000, "relic": 1, "slotCount": 1}', 'Medaillon de Mordious'),
 (826, 'Tablier du Médecafé', 61, '{"sex": "f", "price": 3000, "relic": 1, "slotCount": 1}', 'Tablier du Medecafe'),
 (827, 'Cape grise de Jakar-Kenès', 61, '{"sex": "h", "price": 3000, "relic": 1, "slotCount": 1}', 'Cape grise de Jakar-Kenes'),
 (828, 'Barbecue des Justes', 61, '{"note": "COU+2 pour propriétaire et alliés; Très encombrant mais peut servir à préparer les repas – nécessite un chariot", "price": 4000, "relic": 1}', 'Barbecue des Justes'),
 (829, 'Robe mystique de Thontôn', 61, '{"note": "Bonus épreuve +1 prodiges d''ADATHIE", "price": 4000, "relic": 1, "slotCount": 1}', 'Robe mystique de Thonton'),
 (830, 'Flûte à champagne de Mhau', 61, '{"note": "Bonus épreuve +2 prodiges d''ADATHIE", "price": 5000, "relic": 1}', 'Flute a champagne de Mhau'),
 (831, 'Talisman des trois Maîtres', 61, '{"note": "Bonus épreuve +2 prodiges d''ADATHIE", "price": 5500, "relic": 1, "slotCount": 1}', 'Talisman des trois Maitres'),
 (832, 'Boule à thé de Métréolash', 61, '{"note": "à porter en médaillon", "price": 5500, "relic": 1, "slotCount": 1}', 'Boule a the de Metreolash'),
 (833, 'Pendentif de Blancheur', 62, '{"note": "Aucun effet notoire", "price": 200, "relic": 1, "slotCount": 1}', 'Pendentif de Blancheur'),
 (834, 'Bague en os de prophète', 62, '{"note": "Aucun effet notoire", "price": 230, "relic": 1, "slotCount": 1}', 'Bague en os de prophete'),
 (835, 'Fiole de sang de prophète', 62, '{"note": "Aucun effet notoire", "price": 250, "relic": 1}', 'Fiole de sang de prophete'),
 (836, 'Mitre de Saint Guérisseur', 62, '{"note": "Remplace tout chapeau", "price": 300, "relic": 1, "slotCount": 1}', 'Mitre de Saint Guerisseur'),
 (837, 'Sandalettes de Navalu', 62, '{"sex": "f", "price": 400, "relic": 1, "slotCount": 1}', 'Sandalettes de Navalu'),
 (838, 'Broche de Sainteté', 62, '{"sex": "h", "price": 400, "relic": 1}', 'Broche de Saintete'),
 (839, 'Cape de Guérisseur', 62, '{"note": "+1 PV rendu, à tous les types de soins", "price": 600, "relic": 1, "slotCount": 1}', 'Cape de Guerisseur'),
 (1149, 'Couronne de Suprématie de Wismal', 82, '{"price": 15000, "slotCount": 1}', 'Couronne de Suprematie de Wismal'),
 (840, 'Bracelets Brillants de Youclidh', 62, '{"note": "remplace toute protection de poignet", "price": 1000, "relic": 1, "slotCount": 1}', 'Bracelets Brillants de Youclidh'),
 (841, 'Bague Bénie de Youclidh', 62, '{"price": 1200, "relic": 1, "slotCount": 1}', 'Bague Benie de Youclidh'),
 (842, 'Ceinturon de Bienfait', 62, '{"note": "Prodiges de Youclidh : bonus +1", "price": 1500, "relic": 1, "slotCount": 1}', 'Ceinturon de Bienfait'),
 (843, 'Bracelets de Déflection de Youclidh', 62, '{"note": "Protège des critiques aux bras", "price": 1500, "relic": 1, "slotCount": 1, "protection": 1}', 'Bracelets de Deflection de Youclidh'),
 (844, 'Cuirasse Brillante de Navalu', 62, '{"price": 1500, "relic": 1, "slotCount": 1, "protection": 2}', 'Cuirasse Brillante de Navalu'),
 (845, 'Cape du Beau Guérisseur', 62, '{"note": "+1 PV rendu, à tous les types de soins, CHA+1", "price": 1800, "relic": 1, "slotCount": 1}', 'Cape du Beau Guerisseur'),
 (846, 'Jambières de Navalu', 62, '{"note": "Bonus épreuve +1 prodiges de Youclidh", "price": 2000, "relic": 1, "slotCount": 1, "protection": 1}', 'Jambieres de Navalu'),
 (847, 'Marteau de Vengeance de Youclidh', 62, '{"note": "Bonus épreuve +1 prodiges de Youclidh", "price": 2500, "relic": 1, "slotCount": 1, "damageDice": 1, "damageType": "contondants", "bonusDamage": 5}', 'Marteau de Vengeance de Youclidh'),
 (848, 'Médaillon du Médecin de Guerre', 62, '{"price": 3000, "relic": 1, "slotCount": 1, "bonusDamage": 0}', 'Medaillon du Medecin de Guerre'),
 (849, 'Capeline de soie du Chirurgien', 62, '{"note": "Bonus épreuve +1 prodiges de Youclidh", "price": 3000, "relic": 1, "slotCount": 1, "bonusDamage": 0}', 'Capeline de soie du Chirurgien'),
 (850, 'Heaume brillant de Navalu', 62, '{"price": 3000, "relic": 1, "slotCount": 1, "bonusDamage": 0}', 'Heaume brillant de Navalu'),
 (851, 'Bannière Blanche de Youclidh', 62, '{"note": "COU+2 et RésMagie +2 pour propriétaire et alliés; Encombrante, sur pique de 2,50 m emplace arme ou bâton Le prêtre/paladin peut la planter si le sol est mou, sinon garder en main", "price": 4000, "relic": 1, "bonusDamage": 0}', 'Banniere Blanche de Youclidh'),
 (852, 'Tenue mystique de Sage de Youclidh (robe)', 62, '{"note": "Bonus épreuve +1 prodiges de Youclidh", "price": 4000, "relic": 1, "slotCount": 1, "protection": 2, "bonusDamage": 0}', 'Tenue mystique de Sage de Youclidh (robe)'),
 (853, 'Boîte de Cendres Divines', 62, '{"note": "Bonus épreuve +2 prodiges de Youclidh", "price": 5000, "relic": 1, "bonusDamage": 0}', 'Boite de Cendres Divines'),
 (854, 'Talisman Sublime de Youclidh', 62, '{"note": "Bonus épreuve +2 prodiges de Youclidh", "price": 5500, "relic": 1, "slotCount": 1, "bonusDamage": 0}', 'Talisman Sublime de Youclidh'),
 (855, 'Diadème Brillant de Navalu', 62, '{"note": "(remplace tout chapeau)", "price": 5500, "relic": 1, "slotCount": 1, "bonusDamage": 0}', 'Diademe Brillant de Navalu'),
 (856, 'Bracelet d''os de Belgandir', 63, '{"note": "Aucun effet notoire", "price": 200, "relic": 1, "slotCount": 1, "bonusDamage": 0}', 'Bracelet d''os de Belgandir'),
 (857, 'Sangle de sandale de Ralgor', 63, '{"note": "Aucun effet notoire", "price": 230, "relic": 1, "bonusDamage": 0}', 'Sangle de sandale de Ralgor'),
 (858, 'Mèche de cheveux de Belgandir', 63, '{"note": "Aucun effet notoire", "price": 250, "relic": 1, "bonusDamage": 0}', 'Meche de cheveux de Belgandir'),
 (859, 'Bandeau d''acier de Bravoure', 63, '{"note": "(remplace tout chapeau)", "price": 300, "relic": 1, "slotCount": 1, "bonusDamage": 0}', 'Bandeau d''acier de Bravoure'),
 (860, 'Cape blanche de Justice', 63, '{"price": 400, "relic": 1, "slotCount": 1, "bonusDamage": 0}', 'Cape blanche de Justice'),
 (861, 'Fibule de Bienfaiteur', 63, '{"price": 400, "relic": 1, "slotCount": 1, "bonusDamage": 0}', 'Fibule de Bienfaiteur'),
 (862, 'Bracelet doré de Guérisseur', 63, '{"note": "+1 PV rendu, à tous les types de soins", "price": 600, "relic": 1, "slotCount": 1, "bonusDamage": 0}', 'Bracelet dore de Guerisseur'),
 (863, 'Bracelets défensifs de Ralgor', 63, '{"note": "remplace toute protection de poignet", "price": 1000, "relic": 1, "slotCount": 1, "bonusDamage": 0}', 'Bracelets defensifs de Ralgor'),
 (864, 'Bracelets offensifs de Belgandir', 63, '{"note": "remplace toute protection de poignet", "price": 1200, "relic": 1, "slotCount": 1, "bonusDamage": 0}', 'Bracelets offensifs de Belgandir'),
 (865, 'Médaillon des Justes', 63, '{"note": "Prodiges de Braav'' : bonus +1", "price": 1500, "relic": 1, "slotCount": 1, "bonusDamage": 0}', 'Medaillon des Justes'),
 (866, 'Bague lumineuse de Braav''', 63, '{"note": "Portée +3 mètres à Flambeau de Braav'' et Chasses-ténèbres", "price": 1500, "relic": 1, "slotCount": 1, "bonusDamage": 0}', 'Bague lumineuse de Braav'''),
 (867, 'Cuirasse Prodigieuse de Ralgor', 63, '{"note": "cuir", "price": 1500, "relic": 1, "slotCount": 1, "protection": 3, "bonusDamage": 0, "magicProtection": 1}', 'Cuirasse Prodigieuse de Ralgor'),
 (868, 'Cape de Chasseur de Démons', 63, '{"note": "Dégâts +2 à tous les types de dégâts contre des démons", "price": 1800, "relic": 1, "slotCount": 1, "bonusDamage": 0}', 'Cape de Chasseur de Demons'),
 (869, 'Jambières de Belgandir', 63, '{"note": "Bonus épreuve +1 prodiges de Braav''", "price": 2000, "relic": 1, "slotCount": 1, "protection": 1, "bonusDamage": 0}', 'Jambieres de Belgandir'),
 (870, 'Glaive de Réprimande (1 main)', 63, '{"price": 2500, "relic": 1, "slotCount": 1, "damageDice": 1, "damageType": "tranchants/mystiques", "bonusDamage": 7}', 'Glaive de Reprimande (1 main)'),
 (871, 'Médaillon de Grande Bravoure', 63, '{"price": 3000, "relic": 1, "slotCount": 1}', 'Medaillon de Grande Bravoure'),
 (872, 'Collier de Résistance au Mal', 63, '{"price": 3000, "relic": 1, "slotCount": 1}', 'Collier de Resistance au Mal'),
 (873, 'Casque de transcendance de Braav''', 63, '{"price": 3000, "relic": 1, "slotCount": 1}', 'Casque de transcendance de Braav'''),
 (874, 'Cuirasse d''Autorité de Braav''', 63, '{"note": "Métal; COU+2 et RésMagie +2 pour le groupe", "price": 4000, "relic": 1, "slotCount": 1, "protection": 4, "magicProtection": 1}', 'Cuirasse d''Autorite de Braav'''),
 (875, 'Bouclier d''Abnégation', 63, '{"note": "Bonus épreuve +2 prodiges de Braav''", "price": 4000, "relic": 1, "slotCount": 1, "protection": 2}', 'Bouclier d''Abnegation'),
 (876, 'Hallebarde de rétribution (arme d''hast, 2 mains)', 63, '{"price": 5000, "relic": 1, "slotCount": 1, "damageDice": 2, "damageType": "tranchants/mystiques", "bonusDamage": 7}', 'Hallebarde de retribution (arme d''hast, 2 mains)'),
 (877, 'Bague ornée de Braav''', 63, '{"note": "Bonus épreuve +2 prodiges de Braav''", "price": 5500, "relic": 1, "slotCount": 1}', 'Bague ornee de Braav'''),
 (878, 'Cape Merveilleuse de Ralgor', 63, '{"price": 5500, "relic": 1, "slotCount": 1}', 'Cape Merveilleuse de Ralgor'),
 (879, 'Robe de prêtre de base', 64, '{"price": 15, "rupture": 5, "slotCount": 1, "protection": 1, "requireLevel": 1}', 'Robe de pretre de base'),
 (880, 'Robe de prêtre rembourrée de base', 64, '{"price": 30, "rupture": 5, "slotCount": 1, "protection": 2, "requireLevel": 1}', 'Robe de pretre rembourree de base'),
 (881, 'Robe de prêtre de qualité', 64, '{"price": 100, "rupture": 4, "slotCount": 1, "protection": 1, "requireLevel": 1}', 'Robe de pretre de qualite'),
 (882, 'Robe de prêtre rembourrée de qualité', 64, '{"price": 150, "rupture": 3, "slotCount": 1, "protection": 2, "requireLevel": 1}', 'Robe de pretre rembourree de qualite'),
 (883, 'Robe des Initiés', 64, '{"price": 200, "rupture": 3, "slotCount": 1, "protection": 2, "requireLevel": 2}', 'Robe des Inities'),
 (884, 'Robe de prêtre renforcée de Luxe', 64, '{"price": 400, "rupture": 2, "slotCount": 1, "protection": 4, "requireLevel": 2}', 'Robe de pretre renforcee de Luxe'),
 (885, 'Robe des Convaincus', 64, '{"price": 450, "rupture": 4, "slotCount": 1, "protection": 3, "requireLevel": 3}', 'Robe des Convaincus'),
 (886, 'Robe Sulfureuse de Slanoush', 64, '{"sex": "f", "price": 1000, "rupture": 3, "slotCount": 1, "protection": 2}', 'Robe Sulfureuse de Slanoush'),
 (887, 'Robe d''Apparat des Intendants', 64, '{"sex": "h", "price": 1000, "rupture": 4, "slotCount": 1, "protection": 2}', 'Robe d''Apparat des Intendants'),
 (888, 'Robe de Gala des Archiprêtres', 64, '{"price": 2000, "rupture": 2, "slotCount": 1, "protection": 3, "requireLevel": 5}', 'Robe de Gala des Archipretres'),
 (889, 'Robe du Prêtre Batailleur', 65, '{"price": 600, "rupture": 4, "slotCount": 1, "protection": 2, "requireLevel": 1, "magicProtection": 1}', 'Robe du Pretre Batailleur'),
 (890, 'Robe de prêtre de l''Escapade', 65, '{"price": 600, "rupture": 3, "slotCount": 1, "protection": 2, "requireLevel": 1, "magicProtection": 1}', 'Robe de pretre de l''Escapade'),
 (891, 'Robe de Youclidh', 65, '{"note": "Soin : +1 (implique un bonus à toutes les épreuves de soin et régénération)", "price": 600, "rupture": 3, "slotCount": 1, "protection": 2, "requireLevel": 1, "magicProtection": 1}', 'Robe de Youclidh'),
 (892, 'Robe de Protection', 65, '{"price": 1000, "rupture": 3, "slotCount": 1, "protection": 2, "requireLevel": 2, "magicProtection": 1, "protectionAgainstMagic": 8}', 'Robe de Protection'),
 (893, 'Robe de prêtre de dirigeant', 65, '{"price": 1000, "rupture": 4, "slotCount": 1, "protection": 2, "requireLevel": 2, "magicProtection": 2}', 'Robe de pretre de dirigeant'),
 (894, 'Robe de prêtre de combat standard', 65, '{"price": 1000, "rupture": 4, "slotCount": 1, "protection": 2, "requireLevel": 2, "magicProtection": 2}', 'Robe de pretre de combat standard'),
 (895, 'Robe de la Discrétion', 65, '{"price": 1100, "rupture": 3, "slotCount": 1, "protection": 2, "requireLevel": 2, "magicProtection": 2}', 'Robe de la Discretion'),
 (896, 'Robe de prêtre de combat de luxe', 65, '{"price": 1300, "rupture": 3, "slotCount": 1, "protection": 2, "requireLevel": 2, "magicProtection": 2}', 'Robe de pretre de combat de luxe'),
 (897, 'Robe Salutaire de Palador', 65, '{"price": 1300, "rupture": 3, "slotCount": 1, "protection": 2, "requireLevel": 2, "magicProtection": 2}', 'Robe Salutaire de Palador'),
 (898, 'Robe d''Improvisation de Slanoush', 65, '{"note": "Slanoush : INT+1 bonus applicable aux prodiges de Slanoush exclusivement", "price": 1300, "rupture": 3, "slotCount": 1, "protection": 2, "requireLevel": 3, "magicProtection": 2}', 'Robe d''Improvisation de Slanoush'),
 (899, 'Robe de Prêtre Immunisée', 65, '{"note": "Immunité à toutes les maladies", "price": 1500, "rupture": 3, "slotCount": 1, "protection": 2, "requireLevel": 3, "magicProtection": 2}', 'Robe de Pretre Immunisee'),
 (900, 'Robe d''Escarmouche de Prêtre', 65, '{"price": 1500, "rupture": 3, "slotCount": 1, "protection": 2, "requireLevel": 3, "magicProtection": 2}', 'Robe d''Escarmouche de Pretre'),
 (901, 'Robe de Bataille de Prêtre', 65, '{"price": 1800, "rupture": 3, "slotCount": 1, "protection": 2, "requireLevel": 3, "magicProtection": 3}', 'Robe de Bataille de Pretre'),
 (902, 'Robe Ignifugée du Prêtre', 65, '{"price": 2000, "rupture": 3, "slotCount": 1, "protection": 2, "requireLevel": 4, "magicProtection": 1, "protectionAgainstMagic": 10}', 'Robe Ignifugee du Pretre'),
 (903, 'Robe de Diffraction du Prêtre', 65, '{"price": 2500, "rupture": 3, "slotCount": 1, "protection": 2, "requireLevel": 4, "magicProtection": 2}', 'Robe de Diffraction du Pretre'),
 (904, 'Robe de Grande Bataille du Prêtre', 65, '{"price": 3000, "rupture": 2, "slotCount": 1, "protection": 2, "requireLevel": 4, "magicProtection": 4}', 'Robe de Grande Bataille du Pretre'),
 (905, 'Robe de Grâce', 65, '{"price": 4000, "rupture": 2, "slotCount": 1, "protection": 2, "requireLevel": 5, "magicProtection": 2, "protectionAgainstMagic": 10}', 'Robe de Grace'),
 (906, 'Robe de Répulsion', 65, '{"note": "Inflige \\\"Répulsion de Jakuel\\\" à vue", "price": 4200, "rupture": 3, "slotCount": 1, "protection": 2, "requireLevel": 5, "magicProtection": 2}', 'Robe de Repulsion'),
 (907, 'Robe d''Apocalypse du Prêtre', 65, '{"price": 5000, "rupture": 2, "slotCount": 1, "protection": 2, "requireLevel": 5, "magicProtection": 4}', 'Robe d''Apocalypse du Pretre'),
 (908, 'Robe de la Grande Immunité', 65, '{"note": "Immunité : coups critiques ennemis", "price": 5000, "rupture": 2, "slotCount": 1, "protection": 2, "requireLevel": 5, "magicProtection": 4}', 'Robe de la Grande Immunite'),
 (909, 'Robe de Solidité du Prêtre', 65, '{"price": 5000, "relic": 1, "slotCount": 1, "protection": 2, "requireLevel": 6, "magicProtection": 5}', 'Robe de Solidite du Pretre'),
 (910, 'Robe de Clairvoyant', 65, '{"price": 6000, "relic": 1, "slotCount": 1, "protection": 2, "requireLevel": 6, "magicProtection": 2, "protectionAgainstMagic": 12}', 'Robe de Clairvoyant'),
 (911, 'Robe Tentaculaire des prêtres de Gzor', 65, '{"price": 8000, "slotCount": 1, "protection": 2, "requireLevel": 7, "magicProtection": 6}', 'Robe Tentaculaire des pretres de Gzor'),
 (912, 'Robe de la Vengeance', 65, '{"note": "Revanche: la personne qui cause des dégâts physiques au prêtre subit 50% des dégâts causés en retour", "price": 9000, "slotCount": 1, "protection": 2, "requireLevel": 7, "magicProtection": 4}', 'Robe de la Vengeance'),
 (913, 'Robe de Vélocité du Batailleur', 65, '{"note": "2AT/assaut", "price": 10000, "slotCount": 1, "protection": 2, "requireLevel": 8, "magicProtection": 2}', 'Robe de Velocite du Batailleur'),
 (914, 'Robe du Prophète', 65, '{"price": 12000, "relic": 1, "slotCount": 1, "protection": 2, "requireLevel": 8, "magicProtection": 4}', 'Robe du Prophete'),
 (983, 'Robe des Initiés de Tzinntch', 72, '{"price": 200, "rupture": 3, "slotCount": 1, "protection": 2, "requireLevel": 2}', 'Robe des Inities de Tzinntch'),
 (915, 'Robe de Lévitation du Messie', 65, '{"note": "Lévitation en standard: permet au prêtre de léviter quand il le désire, sans dépense de PA (Lévitation Sublime de Kugio)", "price": 12000, "slotCount": 1, "protection": 2, "requireLevel": 9, "magicProtection": 3}', 'Robe de Levitation du Messie'),
 (916, 'Robe d''Invincibilité de l''Archiprêtre', 65, '{"price": 30000, "slotCount": 1, "protection": 2, "requireLevel": 12, "magicProtection": 16}', 'Robe d''Invincibilite de l''Archipretre'),
 (917, 'Bague de Puissance des Novices', 66, '{"price": 30, "charge": 3, "slotCount": 1, "requireLevel": 1}', 'Bague de Puissance des Novices'),
 (918, 'Bague de Puissance des Aspirants', 66, '{"price": 100, "charge": 5, "slotCount": 1, "requireLevel": 3}', 'Bague de Puissance des Aspirants'),
 (919, 'Bague de Puissance des Initiés', 66, '{"price": 200, "charge": 5, "slotCount": 1, "requireLevel": 5}', 'Bague de Puissance des Inities'),
 (920, 'Bague de Puissance du Grand Prêtre', 66, '{"price": 250, "charge": 5, "slotCount": 1, "requireLevel": 7}', 'Bague de Puissance du Grand Pretre'),
 (921, 'Bague de Puissance Ultime', 66, '{"price": 1500, "charge": 5, "slotCount": 1, "requireLevel": 9}', 'Bague de Puissance Ultime'),
 (922, 'Médaillon d''Économie des Novices', 68, '{"note": "Dépense PA-3", "price": 30, "charge": 3, "slotCount": 1, "requireLevel": 1}', 'Medaillon d''Economie des Novices'),
 (923, 'Médaillon d''Économie du Bon Novice', 68, '{"note": "Dépense PA-4", "price": 50, "charge": 5, "slotCount": 1, "requireLevel": 1}', 'Medaillon d''Economie du Bon Novice'),
 (924, 'Médaillon d''Économie de l''Aspirant', 68, '{"note": "Dépense PA-5", "price": 100, "charge": 5, "slotCount": 1, "requireLevel": 2}', 'Medaillon d''Economie de l''Aspirant'),
 (925, 'Médaillon d''Économie des Initiés', 68, '{"note": "Dépense PA-7", "price": 200, "charge": 5, "slotCount": 1, "requireLevel": 3}', 'Medaillon d''Economie des Inities'),
 (926, 'Médaillon d''Économie du Clairvoyant', 68, '{"note": "Dépense PA-8", "price": 250, "charge": 5, "slotCount": 1, "requireLevel": 6}', 'Medaillon d''Economie du Clairvoyant'),
 (927, 'Médaillon d''Économie des Intendants', 68, '{"note": "Dépense PA-10", "price": 1500, "charge": 5, "slotCount": 1, "requireLevel": 8}', 'Medaillon d''Economie des Intendants'),
 (928, 'Médaillon d''Économie d''Archiprêtre', 68, '{"note": "Dépense PA-15", "price": 4000, "charge": 5, "slotCount": 1, "requireLevel": 10}', 'Medaillon d''Economie d''Archipretre'),
 (929, 'Bague de Sûreté des Novices', 69, '{"note": "Prodige : épreuve+2", "price": 30, "charge": 3, "slotCount": 1, "requireLevel": 1}', 'Bague de Surete des Novices'),
 (930, 'Bague de Sûreté du Bon Novice', 69, '{"note": "Prodige : épreuve+2", "price": 50, "charge": 5, "slotCount": 1, "requireLevel": 1}', 'Bague de Surete du Bon Novice'),
 (931, 'Bague de Sûreté de l''Aspirant', 69, '{"note": "Prodige : épreuve+3", "price": 150, "charge": 5, "slotCount": 1, "requireLevel": 2}', 'Bague de Surete de l''Aspirant'),
 (932, 'Bague de Sûreté des Initiés', 69, '{"note": "Prodige : épreuve+4", "price": 200, "charge": 5, "slotCount": 1, "requireLevel": 4}', 'Bague de Surete des Inities'),
 (933, 'Bague de Sûreté de Grandeur', 69, '{"note": "Prodige : épreuve+4", "price": 250, "charge": 5, "slotCount": 1, "requireLevel": 6}', 'Bague de Surete de Grandeur'),
 (934, 'Bague de Sûreté de l''Infaillible', 69, '{"note": "Prodige : épreuve+5", "price": 1500, "charge": 5, "slotCount": 1, "requireLevel": 8}', 'Bague de Surete de l''Infaillible'),
 (935, 'Bâton du Pélerin', 70, '{"price": 70, "rupture": 4, "slotCount": 1, "damageDice": 1, "bonusDamage": 1, "requireLevel": 1}', 'Baton du Pelerin'),
 (936, 'Petit marteau de prêtre à long manche', 70, '{"price": 90, "charge": 5, "rupture": 3, "slotCount": 1, "damageDice": 1, "bonusDamage": 1, "requireLevel": 1}', 'Petit marteau de pretre a long manche'),
 (937, 'Férule de l''Apprenti Moine', 70, '{"price": 200, "charge": 5, "rupture": 3, "slotCount": 1, "damageDice": 1, "bonusDamage": 2, "requireLevel": 2}', 'Ferule de l''Apprenti Moine'),
 (938, 'Marteau de Frénésie', 70, '{"price": 350, "rupture": 3, "slotCount": 1, "damageDice": 1, "bonusDamage": 3, "requireLevel": 3}', 'Marteau de Frenesie'),
 (939, 'Masse du Prêtre Vengeur', 70, '{"price": 400, "rupture": 3, "slotCount": 1, "damageDice": 1, "bonusDamage": 3, "requireLevel": 3}', 'Masse du Pretre Vengeur'),
 (940, 'Bâton Magnifique du Prêtre', 70, '{"price": 400, "charge": 5, "rupture": 2, "slotCount": 1, "damageDice": 1, "bonusDamage": 3, "requireLevel": 3}', 'Baton Magnifique du Pretre'),
 (941, 'Masse de Pacification', 70, '{"price": 500, "charge": 5, "rupture": 2, "slotCount": 1, "damageDice": 1, "bonusDamage": 4, "requireLevel": 4}', 'Masse de Pacification'),
 (942, 'Marteau de Persuasion', 70, '{"price": 600, "charge": 5, "rupture": 2, "slotCount": 1, "damageDice": 1, "bonusDamage": 3, "requireLevel": 4}', 'Marteau de Persuasion'),
 (943, 'Flagellateur de Répurgation', 70, '{"price": 1500, "rupture": 2, "slotCount": 1, "damageDice": 1, "bonusDamage": 3, "requireLevel": 4}', 'Flagellateur de Repurgation'),
 (944, 'Grand Fouet de Pénitence', 70, '{"price": 2000, "slotCount": 1, "damageDice": 1, "bonusDamage": 4, "requireLevel": 5}', 'Grand Fouet de Penitence'),
 (945, 'Double Massue du Prosélyte', 70, '{"price": 2000, "relic": 1, "slotCount": 1, "damageDice": 1, "bonusDamage": 5, "requireLevel": 6}', 'Double Massue du Proselyte'),
 (946, 'Crosse de soin de Dlul', 71, '{"note": "Récupération PV : x2; Récupération : dans le cadre du sommeil uniquement – non cumulable avec d''autres bonus", "price": 250, "charge": 5, "rupture": 3, "slotCount": 1, "damageDice": 1, "bonusDamage": 2, "requireLevel": 1}', 'Crosse de soin de Dlul'),
 (947, 'Hache de Khornettoh', 71, '{"note": "Kho : dépense PA-1; Kho : bonus applicable aux prodiges de Khornettoh uniquement", "price": 300, "rupture": 3, "slotCount": 1, "damageDice": 1, "bonusDamage": 4, "requireLevel": 2}', 'Hache de Khornettoh'),
 (948, 'Bourdon de Protection du Prêtre', 71, '{"price": 350, "charge": 5, "rupture": 3, "slotCount": 1, "damageDice": 1, "bonusDamage": 2, "requireLevel": 3}', 'Bourdon de Protection du Pretre'),
 (949, 'Bâton des Convaincus', 71, '{"note": "Sorts : dégâts +3", "price": 400, "charge": 5, "rupture": 3, "slotCount": 1, "damageDice": 1, "bonusDamage": 3, "requireLevel": 3}', 'Baton des Convaincus'),
 (950, 'Crosse d''Économie', 71, '{"note": "Dépense PA-1", "price": 400, "charge": 5, "rupture": 3, "slotCount": 1, "damageDice": 1, "bonusDamage": 3, "requireLevel": 3}', 'Crosse d''Economie'),
 (951, 'Marteau de Charisme', 71, '{"price": 500, "rupture": 3, "slotCount": 1, "damageDice": 1, "bonusDamage": 3, "requireLevel": 2}', 'Marteau de Charisme'),
 (984, 'Robe des Convaincus de Tzinntch', 72, '{"price": 400, "rupture": 5, "slotCount": 1, "protection": 2, "requireLevel": 3}', 'Robe des Convaincus de Tzinntch'),
 (952, 'Marteau de Youclidh', 71, '{"note": "Soin : dépense PA-2 (bonus applicable dans le cadre d''un prodige de soin ou régénération)", "price": 400, "rupture": 3, "slotCount": 1, "damageDice": 1, "bonusDamage": 3, "requireLevel": 2}', 'Marteau de Youclidh'),
 (1042, 'Bague de Sûreté des Universitaires', 76, '{"note": "Sort : epreuve+2", "price": 30, "charge": 3, "slotCount": 1, "requireLevel": 1}', 'Bague de Surete des Universitaires'),
 (953, 'Bâton de Soigneur', 71, '{"note": "Soin : +2 PV (Soin : +2 PV dans le cadre d''un sort de soin ou régénération)", "price": 600, "rupture": 3, "slotCount": 1, "damageDice": 1, "bonusDamage": 3, "requireLevel": 3}', 'Baton de Soigneur'),
 (954, 'Marteau d''Immunité', 71, '{"price": 800, "charge": 5, "rupture": 2, "slotCount": 1, "damageDice": 1, "bonusDamage": 4, "requireLevel": 4}', 'Marteau d''Immunite'),
 (955, 'Marteau de Pénitence', 71, '{"price": 1600, "rupture": 2, "slotCount": 1, "damageDice": 1, "bonusDamage": 4, "requireLevel": 4}', 'Marteau de Penitence'),
 (956, 'Masse de Bataille d''Archiprêtre', 71, '{"price": 6000, "relic": 1, "slotCount": 1, "damageDice": 1, "bonusDamage": 6, "requireLevel": 4}', 'Masse de Bataille d''Archipretre'),
 (957, 'Talisman de paille', 79, '{"note": "Mystérieuse figurine composée de 13 brindilles de paille", "diceDrop": 1, "slotCount": 1, "quantifiable": 1}', 'Talisman de paille'),
 (958, 'Pierre philosophale', 79, '{"note": "Remplace n''importe quel ingrédient pour potion, sort ou rituel 5 charges (l''objet disparaît après utilisation totale)", "price": 40000, "diceDrop": 2, "quantifiable": 1}', 'Pierre philosophale'),
 (959, 'Brosse de "Monsieur Prohpr"', 79, '{"note": "Luit et éclaire d''une blanche lueur chatoyante Rend lumineux tout ce qu''elle frotte, du sol au plafond", "price": 40000, "diceDrop": 3, "quantifiable": 1}', 'Brosse de "Monsieur Prohpr"'),
 (960, 'Amulette de fécondité', 79, '{"note": "Antique amulette en bois gravée à partir d''un Altar of Fecundity Permet au personnage de changer de sexe – 1 charge/jour", "price": 45000, "diceDrop": 4, "quantifiable": 1}', 'Amulette de fecondite'),
 (961, 'Tonneau de téléportation', 79, '{"note": "Téléportation de groupe – 1 charge/semaine (uniquement vers des lieux déjà visités)", "price": 50000, "diceDrop": 5, "quantifiable": 1}', 'Tonneau de teleportation'),
 (962, 'Effigie de Gaïa', 79, '{"note": "Appelle un Ent gigantesque pacifique – 1 charge/semaine Peut servir de monture pour votre groupe. Ne combat jamais.", "price": 55000, "diceDrop": 6, "quantifiable": 1}', 'Effigie de Gaia'),
 (963, 'Pierre sainte', 79, '{"note": "Un morceau de roche qui fut bénit par le sang d''un vieux sage Protège son porteur des maladies – Immunité contre le poison", "price": 60000, "diceDrop": 7, "quantifiable": 1}', 'Pierre sainte'),
 (964, 'Gant spectral du Passombre', 79, '{"note": "Gant unique pouvant devenir inconsistant une fois équipé Octroie un bonus de +6 aux épreuves de chourave et crochetage", "price": 60000, "diceDrop": 8, "quantifiable": 1}', 'Gant spectral du Passombre'),
 (965, 'Masque d''obscurité', 79, '{"note": "Le masque facial du champion de la Guilde des assassins Triple les dégâts dus à la compétence frapper lâchement", "price": 60000, "diceDrop": 9, "quantifiable": 1}', 'Masque d''obscurite'),
 (966, 'Lunettes d''infravision', 79, '{"note": "Les pièges et passages dérobés n''ont plus de secret pour leur porteur Nyctalopie totale – Octroie un bonus de +4 aux épreuves de détection", "price": 60000, "diceDrop": 10, "quantifiable": 1}', 'Lunettes d''infravision'),
 (967, 'Badge de subsistance', 79, '{"note": "Badge autocollant partiellement orné de motifs et de runes inconnus Vos protections deviennent indestructibles", "price": 60000, "diceDrop": 11, "quantifiable": 1}', 'Badge de subsistance'),
 (968, 'Fragment d''enclume de Goltor l''Intrépide', 79, '{"note": "Permet d''éviter les coups critiques ennemis (uniquement sur une épreuve FO réussie)", "price": 70000, "diceDrop": 12, "quantifiable": 1}', 'Fragment d''enclume de Goltor l''Intrepide'),
 (969, 'Panier en osier du Hobbit joufflu', 79, '{"note": "Rend comestible n''importe quel matériau placé à l''intérieur (ne réduit ni le poids ni le volume de la matière)", "price": 75000, "diceDrop": 13, "quantifiable": 1}', 'Panier en osier du Hobbit joufflu'),
 (970, 'Tong du Nazgul', 79, '{"note": "Objet maudit – CHA-2 – ne peut être enlevée sans un exorcisme Vitesse MV+200% – 2 AT/assaut – Malus de -4 à l''esquive/PRD", "price": 75000, "diceDrop": 14, "quantifiable": 1}', 'Tong du Nazgul'),
 (971, 'Crystal of Eternal Element', 79, '{"note": "Sur les sorts d''une unique spécialité magique (hormis Généraliste) Dépense 50%PA – Dégâts x2 – Sort : épreuve -4", "price": 80000, "diceDrop": 15, "quantifiable": 1}', 'Crystal of Eternal Element'),
 (972, 'Barrette d''hypnotisme', 79, '{"note": "Contrôle temporairement les actions d''un PNJ – sauf résistance magie (sur une épreuve INT réussie – 1 jet toutes les 2 mn)", "price": 80000, "diceDrop": 16, "quantifiable": 1}', 'Barrette d''hypnotisme'),
 (973, 'Crazy Book of Madness Path', 79, '{"note": "Transforme tout le mobilier d''une salle – 1 charge/jour Voir détails dans le Tableau des Invocations : Monstro-mobilier", "price": 85000, "diceDrop": 17, "quantifiable": 1}', 'Crazy Book of Madness Path'),
 (974, 'Pendentif de l''Ordre et du Chaos', 79, '{"note": "Ancien artefact créé par un être céleste et un esprit maléfique Double les points Mankdebol et Débilibeuk reçus par le personnage", "price": 90000, "diceDrop": 18, "quantifiable": 1}', 'Pendentif de l''Ordre et du Chaos'),
 (975, 'Orbe du Tyran occis', 79, '{"note": "Étrange globe de verre extrait du trésor royal COU+2 INT+2 CHA+2 AD+2 FO+2 – Total EV -10%*", "price": 90000, "diceDrop": 19, "quantifiable": 1}', 'Orbe du Tyran occis'),
 (976, 'Pen of Chaos', 79, '{"note": "Pour réécrire l''histoire – même effet qu''un point de destin 3 charges (l''objet disparaît après utilisation totale)", "price": 100000, "diceDrop": 20, "quantifiable": 1}', 'Pen of Chaos'),
 (977, 'Robe de mage de base', 72, '{"price": 15, "rupture": 5, "slotCount": 1, "protection": 1}', 'Robe de mage de base'),
 (978, 'Robe de mage de qualité', 72, '{"price": 100, "rupture": 4, "slotCount": 1, "protection": 1}', 'Robe de mage de qualite'),
 (979, 'Robe de mage rembourrée de base', 72, '{"price": 30, "rupture": 4, "slotCount": 1, "protection": 2}', 'Robe de mage rembourree de base'),
 (980, 'Robe de mage rembourrée de qualité', 72, '{"price": 150, "rupture": 3, "slotCount": 1, "protection": 2}', 'Robe de mage rembourree de qualite'),
 (981, 'Robe de mage renforcée de Luxe', 72, '{"price": 400, "rupture": 2, "slotCount": 1, "protection": 2}', 'Robe de mage renforcee de Luxe'),
 (982, 'Robe des Aspirants de Tzinntch', 72, '{"price": 100, "rupture": 3, "slotCount": 1, "protection": 1, "requireLevel": 1}', 'Robe des Aspirants de Tzinntch'),
 (985, 'Robe de Sublimation de Tzinntch', 72, '{"price": 800, "rupture": 2, "slotCount": 1, "protection": 2, "requireLevel": 3}', 'Robe de Sublimation de Tzinntch'),
 (986, 'Robe Sulfureuse de Slanoush', 72, '{"sex": "f", "price": 1000, "rupture": 3, "slotCount": 1, "protection": 2}', 'Robe Sulfureuse de Slanoush'),
 (987, 'Robe d''Apparat des Intendants', 72, '{"sex": "h", "price": 1000, "rupture": 4, "slotCount": 1, "protection": 2}', 'Robe d''Apparat des Intendants'),
 (988, 'Robe de Gala des Archimages', 72, '{"price": 2000, "rupture": 3, "slotCount": 1, "protection": 2, "requireLevel": 4}', 'Robe de Gala des Archimages'),
 (989, 'Robe du Batailleur Novice', 73, '{"price": 600, "rupture": 4, "slotCount": 1, "protection": 2, "requireLevel": 1, "magicProtection": 1}', 'Robe du Batailleur Novice'),
 (990, 'Robe de fuite', 73, '{"price": 600, "rupture": 3, "slotCount": 1, "protection": 2, "requireLevel": 1, "magicProtection": 1}', 'Robe de fuite'),
 (991, 'Robe de l''invocateur', 73, '{"note": "Invocation : +1 nvocation : +1 implique un bonus à toutes les épreuves de type \\\"invocation\\\" – appel, contrôle et révocation", "price": 600, "rupture": 3, "slotCount": 1, "protection": 2, "requireLevel": 1, "magicProtection": 1}', 'Robe de l''invocateur'),
 (992, 'Robe du Blizzard de Thorp', 73, '{"price": 1000, "rupture": 3, "slotCount": 1, "protection": 2, "requireLevel": 2, "protectionAgainstType": "glace", "protectionAgainstMagic": 8}', 'Robe du Blizzard de Thorp'),
 (993, 'Robe de mage de dirigeant', 73, '{"price": 1000, "rupture": 4, "slotCount": 1, "protection": 2, "requireLevel": 2, "magicProtection": 2}', 'Robe de mage de dirigeant'),
 (994, 'Robe de mage de combat standard', 73, '{"price": 1000, "rupture": 4, "slotCount": 1, "protection": 2, "requireLevel": 2, "magicProtection": 2}', 'Robe de mage de combat standard'),
 (995, 'Robe de la Discrétion', 73, '{"price": 1100, "rupture": 3, "slotCount": 1, "protection": 2, "requireLevel": 2, "magicProtection": 2}', 'Robe de la Discretion'),
 (996, 'Robe de mage de combat de luxe', 73, '{"price": 1300, "rupture": 3, "slotCount": 1, "protection": 2, "requireLevel": 2, "magicProtection": 2}', 'Robe de mage de combat de luxe'),
 (997, 'Robe Salutaire de Palador', 73, '{"price": 1300, "rupture": 3, "slotCount": 1, "protection": 2, "requireLevel": 2, "magicProtection": 2}', 'Robe Salutaire de Palador'),
 (1009, 'Robe du Nécromant', 73, '{"note": "Nécromancie : INT+1; Nécromancie : bonus applicable aux sorts de nécromancie uniquement", "price": 1300, "rupture": 3, "slotCount": 1, "protection": 2, "requireLevel": 3, "magicProtection": 2}', 'Robe du Necromant'),
 (1010, 'Robe de l''Apothicaire', 73, '{"note": "Immunité à toutes les maladies", "price": 1500, "rupture": 3, "slotCount": 1, "protection": 2, "requireLevel": 3, "magicProtection": 2}', 'Robe de l''Apothicaire'),
 (1011, 'Robe d''Escarmouche de Tzinntch', 73, '{"price": 1500, "rupture": 3, "slotCount": 1, "protection": 2, "requireLevel": 3, "magicProtection": 2}', 'Robe d''Escarmouche de Tzinntch'),
 (1012, 'Robe des Frénétiques de Tzinntch', 73, '{"price": 1800, "rupture": 3, "slotCount": 1, "protection": 2, "requireLevel": 3, "magicProtection": 3}', 'Robe des Frenetiques de Tzinntch'),
 (1013, 'Robe Réfractaire de Cham', 73, '{"price": 2000, "rupture": 3, "slotCount": 1, "protection": 2, "requireLevel": 4, "protectionAgainstType": "feu", "protectionAgainstMagic": 8}', 'Robe Refractaire de Cham'),
 (1014, 'Robe de Diffraction de Morzak', 73, '{"price": 2500, "rupture": 3, "slotCount": 1, "protection": 2, "requireLevel": 4, "magicProtection": 2}', 'Robe de Diffraction de Morzak'),
 (1015, 'Robe de Bataille de Tzinntch', 73, '{"price": 3000, "rupture": 2, "slotCount": 1, "protection": 2, "requireLevel": 4, "magicProtection": 4}', 'Robe de Bataille de Tzinntch'),
 (1016, 'Robe Ignifugée de Cham', 73, '{"price": 4000, "rupture": 2, "slotCount": 1, "protection": 2, "requireLevel": 5, "magicProtection": 2, "protectionAgainstType": "feu", "protectionAgainstMagic": 16}', 'Robe Ignifugee de Cham'),
 (1017, 'Robe de Répulsion', 73, '{"note": "Inflige \\\"Répulsion de Jakuel\\\" à vue", "price": 4200, "rupture": 3, "slotCount": 1, "protection": 2, "requireLevel": 5, "magicProtection": 2}', 'Robe de Repulsion'),
 (1018, 'Robe d''Apocalypse de Tzinntch', 73, '{"price": 5000, "rupture": 2, "slotCount": 1, "protection": 2, "requireLevel": 5, "magicProtection": 4}', 'Robe d''Apocalypse de Tzinntch'),
 (1019, 'Robe de la Grande Immunité', 73, '{"note": "Immunité : coups critiques ennemis", "price": 5000, "rupture": 2, "slotCount": 1, "protection": 2, "requireLevel": 5, "magicProtection": 4}', 'Robe de la Grande Immunite'),
 (1020, 'Robe de Solidité de Gumola', 73, '{"price": 5000, "relic": 1, "slotCount": 1, "protection": 2, "requireLevel": 6, "magicProtection": 5}', 'Robe de Solidite de Gumola'),
 (1021, 'Robe de l''Archimage Tholsadûm', 73, '{"price": 6000, "relic": 1, "slotCount": 1, "protection": 2, "requireLevel": 6, "magicProtection": 2, "protectionAgainstType": "feu", "protectionAgainstMagic": 12}', 'Robe de l''Archimage Tholsadum'),
 (1022, 'Robe Tentaculaire des Mages de Gzor', 73, '{"price": 8000, "relic": 0, "slotCount": 1, "protection": 2, "requireLevel": 7, "magicProtection": 6}', 'Robe Tentaculaire des Mages de Gzor'),
 (1023, 'Robe de Malveillance de Prax', 73, '{"note": "Revanche Revanche : la personne qui cause des dégâts physiques au mage subit 50% des dégâts causés en retour", "price": 9000, "relic": 0, "slotCount": 1, "protection": 2, "requireLevel": 7, "magicProtection": 4}', 'Robe de Malveillance de Prax'),
 (1024, 'Robe de Vélocité de Tortelame', 73, '{"note": "2AT/assaut (bâton)", "price": 10000, "relic": 1, "slotCount": 1, "protection": 2, "requireLevel": 8, "magicProtection": 2}', 'Robe de Velocite de Tortelame'),
 (1025, 'Robe d''invisibilité de Tholsadûm', 73, '{"note": "Invisibilité en standard; Invisibilité : permet de se rendre invisible à volonté, hors combat", "price": 12000, "relic": 0, "slotCount": 1, "protection": 2, "requireLevel": 8, "magicProtection": 2}', 'Robe d''invisibilite de Tholsadum'),
 (1026, 'Robe de Lévitation des Talifurnes', 73, '{"note": "Lévitation en standard: permet au mage de léviter quand il le désire, sans dépense de PA (Lévitation Sublime de Kugio)", "price": 12000, "relic": 0, "slotCount": 1, "protection": 2, "requireLevel": 9, "magicProtection": 2}', 'Robe de Levitation des Talifurnes'),
 (1027, 'Robe d''Invincibilité de Tziintch', 73, '{"price": 30000, "relic": 0, "slotCount": 1, "protection": 2, "requireLevel": 12, "magicProtection": 18}', 'Robe d''Invincibilite de Tziintch'),
 (1028, 'Bague de Puissance des Universitaires', 74, '{"note": "Dégâts +4", "price": 30, "charge": 3, "slotCount": 1, "requireLevel": 1}', 'Bague de Puissance des Universitaires'),
 (1029, 'Bague de Puissance des Aspirants de Tzinntch', 74, '{"note": "Dégâts +4", "price": 50, "charge": 5, "slotCount": 1, "requireLevel": 1}', 'Bague de Puissance des Aspirants de Tzinntch'),
 (1030, 'Bague de Puissance d''Akutruss', 74, '{"note": "Dégâts +5", "price": 100, "charge": 5, "slotCount": 1, "requireLevel": 2}', 'Bague de Puissance d''Akutruss'),
 (1031, 'Bague de Puissance des Initiés de Tzinntch', 74, '{"note": "Dégâts +6", "price": 200, "charge": 5, "slotCount": 1, "requireLevel": 3}', 'Bague de Puissance des Inities de Tzinntch'),
 (1032, 'Bague de Puissance de Cham', 74, '{"note": "Dégâts +7", "price": 250, "charge": 5, "slotCount": 1, "requireLevel": 4}', 'Bague de Puissance de Cham'),
 (1033, 'Bague de Puissance des Maudits', 74, '{"note": "Dégâts +10", "price": 1500, "charge": 5, "slotCount": 1, "requireLevel": 5}', 'Bague de Puissance des Maudits'),
 (1034, 'Bague de Puissance des Cataclysmes', 74, '{"note": "Dégâts +5D", "price": 4000, "charge": 5, "slotCount": 1, "requireLevel": 8}', 'Bague de Puissance des Cataclysmes'),
 (1035, 'Bague d''Économie des Universitaires', 75, '{"note": "Dépense PA-3", "price": 30, "charge": 3, "slotCount": 1, "requireLevel": 1}', 'Bague d''Economie des Universitaires'),
 (1036, 'Bague d''Économie des Aspirants de Tzinntch', 75, '{"note": "Dépense PA-4", "price": 50, "charge": 5, "slotCount": 1, "requireLevel": 1}', 'Bague d''Economie des Aspirants de Tzinntch'),
 (1037, 'Bague d''Économie de Torchaveth', 75, '{"note": "Dépense PA-5", "price": 100, "charge": 5, "slotCount": 1, "requireLevel": 2}', 'Bague d''Economie de Torchaveth'),
 (1038, 'Bague d''Économie des Initiés de Tzinntch', 75, '{"note": "Dépense PA-7", "price": 200, "charge": 5, "slotCount": 1, "requireLevel": 3}', 'Bague d''Economie des Inities de Tzinntch'),
 (1039, 'Bague d''Économie de Thorp', 75, '{"note": "Dépense PA-8", "price": 250, "charge": 5, "slotCount": 1, "requireLevel": 4}', 'Bague d''Economie de Thorp'),
 (1040, 'Bague d''Économie des Intendants', 75, '{"note": "Dépense PA-10", "price": 1500, "charge": 5, "slotCount": 1, "requireLevel": 5}', 'Bague d''Economie des Intendants'),
 (1041, 'Bague d''Économie de Tortelame', 75, '{"note": "Dépense PA-15", "price": 4000, "charge": 5, "slotCount": 1, "requireLevel": 8}', 'Bague d''Economie de Tortelame'),
 (1043, 'Bague de Sûreté des Aspirants de Tzinntch', 76, '{"note": "Sort : epreuve+2", "price": 50, "charge": 5, "slotCount": 1, "requireLevel": 1}', 'Bague de Surete des Aspirants de Tzinntch'),
 (1044, 'Bague de Sûreté de Morzak', 76, '{"note": "Sort : epreuve+3", "price": 150, "charge": 5, "slotCount": 1, "requireLevel": 2}', 'Bague de Surete de Morzak'),
 (1045, 'Bague de Sûreté des Initiés de Tzinntch', 76, '{"note": "Sort : epreuve+4", "price": 200, "charge": 5, "slotCount": 1, "requireLevel": 3}', 'Bague de Surete des Inities de Tzinntch'),
 (1046, 'Bague de Sûreté de Nolor', 76, '{"note": "Sort : epreuve+4", "price": 250, "charge": 5, "slotCount": 1, "requireLevel": 4}', 'Bague de Surete de Nolor'),
 (1047, 'Bague de Sûreté de Namzar', 76, '{"note": "Sort : epreuve+5", "price": 1500, "charge": 5, "slotCount": 1, "requireLevel": 5}', 'Bague de Surete de Namzar'),
 (1048, 'Bâton de sorcier perrave', 77, '{"price": 40, "rupture": 3, "slotCount": 1, "damageDice": 1, "requireLevel": 1}', 'Baton de sorcier perrave'),
 (1049, 'Bâton de l''Aspirant de Tzinntch', 77, '{"price": 80, "rupture": 3, "slotCount": 1, "damageDice": 1, "bonusDamage": 1, "requireLevel": 1}', 'Baton de l''Aspirant de Tzinntch'),
 (1050, 'Bâton de sorcier de qualité moyenne', 77, '{"price": 80, "rupture": 3, "slotCount": 1, "damageDice": 1, "bonusDamage": 1, "requireLevel": 1}', 'Baton de sorcier de qualite moyenne'),
 (1051, 'Bâton de l''Initié de Tzinntch', 77, '{"price": 200, "rupture": 3, "slotCount": 1, "damageDice": 1, "bonusDamage": 2, "requireLevel": 2}', 'Baton de l''Initie de Tzinntch'),
 (1052, 'Bâton de Bourrinage des Apprentis', 77, '{"price": 200, "rupture": 3, "slotCount": 1, "damageDice": 1, "bonusDamage": 2, "requireLevel": 1}', 'Baton de Bourrinage des Apprentis'),
 (1053, 'Férule de Morzak', 77, '{"price": 300, "rupture": 3, "slotCount": 1, "damageDice": 1, "bonusDamage": 2, "requireLevel": 2}', 'Ferule de Morzak'),
 (1054, 'Bâton de Frénésie', 77, '{"price": 350, "rupture": 3, "slotCount": 1, "damageDice": 1, "bonusDamage": 3, "requireLevel": 2}', 'Baton de Frenesie'),
 (1055, 'Bourdon Sauvage de Thorp', 77, '{"price": 400, "rupture": 3, "slotCount": 1, "damageDice": 1, "bonusDamage": 3, "requireLevel": 3}', 'Bourdon Sauvage de Thorp'),
 (1056, 'Bâton de Solidité d''Arkoss', 77, '{"price": 400, "rupture": 2, "slotCount": 1, "damageDice": 1, "bonusDamage": 3, "requireLevel": 3}', 'Baton de Solidite d''Arkoss'),
 (1057, 'Bestialor 450', 77, '{"price": 450, "rupture": 2, "slotCount": 1, "damageDice": 1, "bonusDamage": 4, "requireLevel": 4}', 'Bestialor 450'),
 (1058, 'Canne d''Éventration de Tzinntch', 77, '{"price": 500, "rupture": 2, "slotCount": 1, "damageDice": 1, "bonusDamage": 4, "requireLevel": 4}', 'Canne d''Eventration de Tzinntch'),
 (1059, 'Staff de Ténébritude', 77, '{"price": 600, "rupture": 2, "slotCount": 1, "damageDice": 1, "bonusDamage": 3, "requireLevel": 4}', 'Staff de Tenebritude'),
 (1060, 'Bâton des Ravages', 77, '{"price": 1000, "rupture": 2, "slotCount": 1, "damageDice": 1, "bonusDamage": 5, "requireLevel": 5}', 'Baton des Ravages'),
 (1061, 'Bourdon d''Émancipation des Lâches', 77, '{"price": 1500, "rupture": 2, "slotCount": 1, "damageDice": 1, "bonusDamage": 2, "requireLevel": 4}', 'Bourdon d''Emancipation des Laches'),
 (1062, 'Sceptre du Massacre', 77, '{"note": "2AT/assaut", "price": 2000, "slotCount": 1, "damageDice": 1, "bonusDamage": 3, "requireLevel": 5}', 'Sceptre du Massacre'),
 (1063, 'Bâton de Torchaveth', 77, '{"price": 2000, "relic": 1, "slotCount": 1, "damageDice": 1, "bonusDamage": 5, "requireLevel": 6}', 'Baton de Torchaveth'),
 (1064, 'Sceptre de Bataille de Namzar', 77, '{"price": 6000, "relic": 1, "slotCount": 1, "damageDice": 1, "bonusDamage": 6, "requireLevel": 7}', 'Sceptre de Bataille de Namzar'),
 (1065, 'Romorfal 100', 78, '{"note": "Sorts : dégâts +1", "price": 100, "relic": 0, "rupture": 4, "slotCount": 1, "damageDice": 1, "bonusDamage": 1, "requireLevel": 1}', 'Romorfal 100'),
 (1066, 'Bâton Violent d''Akutruss', 78, '{"price": 100, "relic": 0, "rupture": 4, "slotCount": 1, "damageDice": 1, "bonusDamage": 2, "requireLevel": 1}', 'Baton Violent d''Akutruss'),
 (1067, 'Bâton de Défense de Tzinntch', 78, '{"price": 120, "relic": 0, "rupture": 4, "slotCount": 1, "damageDice": 1, "bonusDamage": 1, "requireLevel": 1}', 'Baton de Defense de Tzinntch'),
 (1068, 'Romorfal 200', 78, '{"note": "Sorts : Degâts +2", "price": 200, "relic": 0, "rupture": 4, "slotCount": 1, "damageDice": 1, "bonusDamage": 2, "requireLevel": 2}', 'Romorfal 200'),
 (1098, 'Staff of Blazing Apocalypse de Cham', 78, '{"note": "Feu : INT+5 dégâts +3D", "price": 8000, "relic": 0, "slotCount": 1, "damageDice": 1, "damageType": "feu", "bonusDamage": 5, "requireLevel": 6}', 'Staff of Blazing Apocalypse de Cham'),
 (1069, 'Crosse de soin de Youclidh', 78, '{"note": "Récupération PV : x2; Récupération : dans le cadre du sommeil uniquement – non cumulable avec d''autres bonus", "price": 250, "relic": 0, "rupture": 4, "slotCount": 1, "damageDice": 1, "bonusDamage": 2, "requireLevel": 1}', 'Crosse de soin de Youclidh'),
 (1070, 'Crosse de la Terre de Shmur', 78, '{"note": "Terre : dépense PA-1; Terre : bonus applicable aux sorts de Magie de la Terre uniquement", "price": 300, "relic": 0, "rupture": 4, "slotCount": 1, "damageDice": 1, "bonusDamage": 2, "requireLevel": 2}', 'Crosse de la Terre de Shmur'),
 (1071, 'Bourdon des Polarités Flakiennes', 78, '{"price": 350, "relic": 0, "rupture": 4, "slotCount": 1, "damageDice": 1, "bonusDamage": 2, "requireLevel": 3}', 'Bourdon des Polarites Flakiennes'),
 (1072, 'Bâton Crânien de Morgoth', 78, '{"note": "Nécromancie : INT+2; Nécromancie : bonus applicable aux sorts de Nécromancie uniquement", "price": 350, "relic": 0, "rupture": 4, "slotCount": 1, "damageDice": 1, "bonusDamage": 3, "requireLevel": 3}', 'Baton Cranien de Morgoth'),
 (1073, 'Bâton des Convaincus de Tzinntch', 78, '{"note": "Sorts : dégâts +3", "price": 400, "relic": 0, "rupture": 3, "slotCount": 1, "damageDice": 1, "bonusDamage": 3, "requireLevel": 3}', 'Baton des Convaincus de Tzinntch'),
 (1074, 'Crosse d''Économie de Tzinntch', 78, '{"note": "Dépense PA-1", "price": 400, "relic": 0, "rupture": 3, "slotCount": 1, "damageDice": 1, "bonusDamage": 3, "requireLevel": 3}', 'Crosse d''Economie de Tzinntch'),
 (1075, 'Bâton de Brutalité de Tzinntch', 78, '{"note": "Sorts : dégâts +1D", "price": 550, "relic": 0, "rupture": 3, "slotCount": 1, "damageDice": 1, "bonusDamage": 3, "requireLevel": 3}', 'Baton de Brutalite de Tzinntch'),
 (1076, 'Bourdon de Maccalan', 78, '{"note": "Dépense PA-1", "price": 550, "relic": 0, "rupture": 3, "slotCount": 1, "damageDice": 1, "bonusDamage": 3, "requireLevel": 3}', 'Bourdon de Maccalan'),
 (1077, 'Bâton des Chamanes', 78, '{"price": 550, "relic": 0, "rupture": 3, "slotCount": 1, "damageDice": 1, "bonusDamage": 3, "requireLevel": 3}', 'Baton des Chamanes'),
 (1078, 'Bâton de Coquetterie de Claramorwen', 78, '{"price": 500, "relic": 0, "rupture": 3, "slotCount": 1, "damageDice": 1, "bonusDamage": 3, "requireLevel": 2}', 'Baton de Coquetterie de Claramorwen'),
 (1079, 'Bâton du Feu Grondant', 78, '{"note": "Feu : dégâts +3: Feu : bonus applicable aux sorts de Magie du Feu uniquement – Au corps à corps, le bâton génère aussi des dégâts de feu", "price": 400, "relic": 0, "rupture": 3, "slotCount": 1, "damageDice": 1, "damageType": "feu", "bonusDamage": 2, "requireLevel": 3}', 'Baton du Feu Grondant'),
 (1080, 'Bâton de Blizzard Traumatique', 78, '{"note": "Glace-eau : dégâts +3; Glace-eau : bonus applicable aux sorts de Magie glace-eau uniquement – Au corps à corps, le bâton génère aussi des dégâts de glace", "price": 400, "relic": 0, "rupture": 3, "slotCount": 1, "damageDice": 1, "damageType": "glace", "bonusDamage": 2, "requireLevel": 2}', 'Baton de Blizzard Traumatique'),
 (1081, 'Bourdon Aérien de Nolor', 78, '{"note": "Air : dépense PA-2", "price": 400, "relic": 0, "rupture": 3, "slotCount": 1, "damageDice": 1, "bonusDamage": 3, "requireLevel": 2}', 'Bourdon Aerien de Nolor'),
 (1123, 'Tournevis de Gloire', 82, '{"price": 600}', 'Tournevis de Gloire'),
 (1082, 'Bâton des Ombrages de Tholsadûm', 78, '{"note": "Dépense PA-1", "price": 500, "relic": 0, "rupture": 3, "slotCount": 1, "damageDice": 1, "bonusDamage": 3, "requireLevel": 2}', 'Baton des Ombrages de Tholsadum'),
 (1083, 'Romorfal 500', 78, '{"note": "feu/foudre/glace +1D", "price": 500, "relic": 0, "rupture": 3, "slotCount": 1, "damageDice": 1, "bonusDamage": 3, "requireLevel": 3}', 'Romorfal 500'),
 (1084, 'Bourdon du Feu Ardent', 78, '{"note": "Feu : dépense PA-2; Feu : bonus applicable aux sorts de Magie du Feu uniquement – Au corps à corps, le bâton génère aussi des dégâts de feu", "price": 600, "relic": 0, "rupture": 3, "slotCount": 1, "damageDice": 1, "damageType": "feu", "bonusDamage": 3, "requireLevel": 3}', 'Bourdon du Feu Ardent'),
 (1085, 'Bâton de Préservation', 78, '{"note": "Récupération PA : x2; Récupération : dans le cadre du sommeil uniquement – non cumulable avec d''autres bonus", "price": 600, "relic": 0, "rupture": 3, "slotCount": 1, "damageDice": 1, "bonusDamage": 3, "requireLevel": 3}', 'Baton de Preservation'),
 (1086, 'Bourdon d''Atrocité de Tzinntch', 78, '{"note": "Sorts : dégâts +1D", "price": 800, "relic": 0, "rupture": 2, "slotCount": 1, "damageDice": 1, "bonusDamage": 4, "requireLevel": 4}', 'Bourdon d''Atrocite de Tzinntch'),
 (1087, 'Bâton des Duellistes de Tzinntch', 78, '{"note": "Sorts : INT+1", "price": 800, "relic": 0, "rupture": 2, "slotCount": 1, "damageDice": 1, "bonusDamage": 4, "requireLevel": 4}', 'Baton des Duellistes de Tzinntch'),
 (1088, 'Bâton d''Excellence de Tzinntch', 78, '{"note": "Sorts : INT+2", "price": 800, "relic": 0, "rupture": 2, "slotCount": 1, "damageDice": 1, "bonusDamage": 4, "requireLevel": 4}', 'Baton d''Excellence de Tzinntch'),
 (1089, 'Bâton d''Assaut des Mages de Gzor', 78, '{"note": "Sorts : dégâts +1D", "price": 800, "relic": 0, "rupture": 2, "slotCount": 1, "damageDice": 1, "bonusDamage": 4, "requireLevel": 4}', 'Baton d''Assaut des Mages de Gzor'),
 (1090, 'Bâton de Défense des Talifurnes', 78, '{"price": 1500, "relic": 0, "slotCount": 1, "damageDice": 1, "bonusDamage": 4, "requireLevel": 4}', 'Baton de Defense des Talifurnes'),
 (1091, 'Bâton Léthal de Précision', 78, '{"note": "Sorts : INT+1", "price": 1600, "relic": 0, "rupture": 2, "slotCount": 1, "damageDice": 1, "bonusDamage": 4, "requireLevel": 4}', 'Baton Lethal de Precision'),
 (1092, 'Sceptre Libidineux de Slanoush', 78, '{"sex": "f", "price": 3000, "relic": 1, "rupture": 2, "slotCount": 1, "damageDice": 1, "bonusDamage": 4, "requireLevel": 5}', 'Sceptre Libidineux de Slanoush'),
 (1093, 'Bâton d''Économie de Namzar', 78, '{"note": "Dépense PA-2", "price": 3500, "relic": 0, "rupture": 2, "slotCount": 1, "damageDice": 1, "bonusDamage": 4, "requireLevel": 5}', 'Baton d''Economie de Namzar'),
 (1094, 'Bourdon Ultime de Préservation', 78, '{"note": "Récupération PA : x3; Récupération : dans le cadre du sommeil uniquement – non cumulable avec d''autres bonus", "price": 4000, "relic": 0, "rupture": 2, "slotCount": 1, "damageDice": 1, "bonusDamage": 4, "requireLevel": 5}', 'Bourdon Ultime de Preservation'),
 (1095, 'Romorfal 5000', 78, '{"note": "Sorts : dégâts +2D", "price": 5000, "relic": 0, "rupture": 2, "slotCount": 1, "damageDice": 1, "bonusDamage": 4, "requireLevel": 5}', 'Romorfal 5000'),
 (1096, 'Bâton Sublime de Torchaveth', 78, '{"note": "Sorts : INT+2", "price": 5000, "relic": 1, "slotCount": 1, "damageDice": 1, "bonusDamage": 4, "requireLevel": 6}', 'Baton Sublime de Torchaveth'),
 (1097, 'Bâton Flambant de Mazrok', 78, '{"note": "Feu : INT+3 dégâts +3D", "price": 5000, "relic": 0, "slotCount": 1, "damageDice": 1, "damageType": "feu", "bonusDamage": 4, "requireLevel": 6}', 'Baton Flambant de Mazrok'),
 (1099, 'Bourdon Malveillant de Tzinntch', 78, '{"note": "Sorts : dégâts +3D", "price": 8000, "relic": 0, "slotCount": 1, "damageDice": 1, "bonusDamage": 5, "requireLevel": 6}', 'Bourdon Malveillant de Tzinntch'),
 (1100, 'Bâton Lésineur de Teclystère', 78, '{"note": "Dépense PA-4", "price": 7500, "relic": 0, "slotCount": 1, "damageDice": 1, "bonusDamage": 5, "requireLevel": 5}', 'Baton Lesineur de Teclystere'),
 (1101, 'Crosse des Ossuaires du Nécromancie', 78, '{"note": "Nécromancie : INT+4", "price": 6500, "relic": 0, "slotCount": 1, "damageDice": 1, "bonusDamage": 5, "requireLevel": 5}', 'Crosse des Ossuaires du Necromancie'),
 (1102, 'Romorfal 10000', 78, '{"note": "Sorts : dégâts +3D", "price": 10000, "relic": 0, "slotCount": 1, "damageDice": 1, "bonusDamage": 5, "requireLevel": 7}', 'Romorfal 10000'),
 (1103, 'Crosse du Grand Talifurne', 78, '{"sex": "h", "note": "Sorts : INT+3", "price": 10000, "relic": 1, "slotCount": 1, "damageDice": 1, "bonusDamage": 6, "requireLevel": 7}', 'Crosse du Grand Talifurne'),
 (1104, 'Crosse Maudite de Gzor', 78, '{"note": "Sorts : dégâts +1D", "price": 15000, "relic": 1, "slotCount": 1, "damageDice": 1, "bonusDamage": 8, "requireLevel": 8}', 'Crosse Maudite de Gzor'),
 (1105, 'Bâton des Cataclysmes de Tzinntch', 78, '{"note": "Sorts : dégâts +3D INT+4", "price": 30000, "relic": 0, "slotCount": 1, "damageDice": 2, "bonusDamage": 5, "requireLevel": 15}', 'Baton des Cataclysmes de Tzinntch'),
 (1108, 'Potion de soin effet léger', 80, '{"note": "Récup. 5PV", "price": 30, "quantifiable": 1}', 'Potion de soin effet leger'),
 (1109, 'Potion de réduction des plaies', 80, '{"note": "Récup. 2PV – stoppe hémorragie – réduit fractures", "price": 40, "quantifiable": 1}', 'Potion de reduction des plaies'),
 (1110, 'Potion de soin effet majeur', 80, '{"note": "Récup. 15PV – stoppe hémorragie – réduit fractures", "price": 100, "quantifiable": 1}', 'Potion de soin effet majeur'),
 (1111, 'Onguent magnifique de Niptuk', 80, '{"note": "Recoller un membre – nécessite premiers soins", "price": 150, "duration": "5 min", "quantifiable": 1}', 'Onguent magnifique de Niptuk'),
 (1112, 'Potion de mana des bitos', 80, '{"note": "Récup. 5PA", "price": 50, "quantifiable": 1}', 'Potion de mana des bitos'),
 (1113, 'Potion de mana rouge', 80, '{"note": "Récup. 10PA", "price": 150, "quantifiable": 1}', 'Potion de mana rouge'),
 (1114, 'Potion de mana noire', 80, '{"note": "Récup. 20PA", "price": 400, "quantifiable": 1}', 'Potion de mana noire'),
 (1115, 'Elixir Bénéfique du Docteur Zutt', 80, '{"note": "Guérit certaines maladies (voir tableau maladies)", "price": 15, "quantifiable": 1}', 'Elixir Benefique du Docteur Zutt'),
 (1116, 'Sirop de Boulorne', 80, '{"note": "Guérit certaines maladies (voir tableau maladies)", "price": 30, "quantifiable": 1}', 'Sirop de Boulorne'),
 (1117, 'Tetraplacebocélamine', 80, '{"note": "Guérit certaines maladies (voir tableau maladies)", "price": 40, "quantifiable": 1}', 'Tetraplacebocelamine'),
 (1118, 'Nectar de Varigilos', 80, '{"note": "Guérit certaines maladies (voir tableau maladies)", "price": 50, "quantifiable": 1}', 'Nectar de Varigilos'),
 (1119, 'Parchemin de résurrection', 80, '{"note": "Redonne la vie – Récup. 5PV: la résurrection fonctionne uniquement sur cadavre frais et non mutilé, ou sur un cadavre conservé magiquement (ou au froid)", "price": 3000, "quantifiable": 1}', 'Parchemin de resurrection'),
 (1120, 'Parchemin de résurrection des Maîtres', 80, '{"note": "Redonne la vie – Récup. jusqu''à 30PV*, guérit les plaies: la résurrection fonctionne uniquement sur cadavre frais et non mutilé, ou sur un cadavre conservé magiquement (ou au froid)", "price": 5000, "quantifiable": 1}', 'Parchemin de resurrection des Maitres'),
 (1121, 'Bottes Maudites de Danse', 82, '{"price": 500, "slotCount": 1}', 'Bottes Maudites de Danse'),
 (1122, 'Anneau d''Empathie', 82, '{"price": 500, "slotCount": 1}', 'Anneau d''Empathie'),
 (1127, 'Anneau nasal de précision', 82, '{"price": 1200}', 'Anneau nasal de precision'),
 (1128, 'Chaussettes Merveilleuses de Santé', 82, '{"note": "Protège des maladies sur une épreuve FO réussie", "price": 1200, "slotCount": 1}', 'Chaussettes Merveilleuses de Sante'),
 (1129, 'Bague d''intelligence +1', 82, '{"price": 1500, "slotCount": 1}', 'Bague d''intelligence +1'),
 (1130, 'Gantelets d''attaque de Yori-barbe-sale', 82, '{"price": 1500, "slotCount": 1}', 'Gantelets d''attaque de Yori-barbe-sale'),
 (1131, 'Brassard Rouge de l''Antidote', 82, '{"note": "Protège du poison sur une épreuve FO réussie", "price": 1500, "slotCount": 1}', 'Brassard Rouge de l''Antidote'),
 (1132, 'Sthéthoreille', 82, '{"note": "Permet d''écouter à distance à travers les murs", "price": 1500}', 'Sthethoreille'),
 (1133, 'Talisman de Radinerie', 82, '{"note": "20% de réduction sur les achats (non cumulable)", "price": 1500, "slotCount": 1}', 'Talisman de Radinerie'),
 (1134, 'Bracelets de Parade de Galdaz', 82, '{"price": 2000, "slotCount": 1}', 'Bracelets de Parade de Galdaz'),
 (1135, 'Amulette de courage des Ogres', 82, '{"price": 2000, "slotCount": 1}', 'Amulette de courage des Ogres'),
 (1136, 'Charentaises de légèreté', 82, '{"note": "Le héros devient très léger, échappe à la gravité", "price": 2000, "slotCount": 1}', 'Charentaises de legerete'),
 (1137, 'Bracelets de force des Dantragors', 82, '{"price": 3000, "slotCount": 1}', 'Bracelets de force des Dantragors'),
 (1138, 'Talisman stipulaire de Charisme', 82, '{"price": 3000, "slotCount": 1}', 'Talisman stipulaire de Charisme'),
 (1139, 'Slip de Pouvoir de Résistance', 82, '{"price": 3000, "slotCount": 1}', 'Slip de Pouvoir de Resistance'),
 (1140, 'Liquette Rayée de Récupération', 82, '{"note": "récupération sommeil doublée (PA-PV)", "price": 3000, "slotCount": 1}', 'Liquette Rayee de Recuperation'),
 (1141, 'Bague de charisme de Glimed', 82, '{"price": 3500, "slotCount": 1}', 'Bague de charisme de Glimed'),
 (1142, 'Bracelets de la Souffrance', 82, '{"note": "Dégats +1D avec une arme de contact", "price": 4000, "slotCount": 1}', 'Bracelets de la Souffrance'),
 (1143, 'Bottes de Thlieu', 82, '{"note": "Permet de courir très vite sans fatigue", "price": 4000, "slotCount": 1}', 'Bottes de Thlieu'),
 (1144, 'Bague d''intelligence +2', 82, '{"price": 4000, "slotCount": 1}', 'Bague d''intelligence +2'),
 (1145, 'Tongs de Puissance', 82, '{"price": 4000, "slotCount": 1}', 'Tongs de Puissance'),
 (1146, 'Collier démoniaque de Kjeukien-la-mule', 82, '{"price": 5000, "slotCount": 1}', 'Collier demoniaque de Kjeukien-la-mule'),
 (1147, 'Bague d''agilité +3', 82, '{"price": 5000, "slotCount": 1}', 'Bague d''agilite +3'),
 (1148, 'Sceptre de Pouvoir Sulfureux de Gzor', 82, '{"price": 10000, "slotCount": 1}', 'Sceptre de Pouvoir Sulfureux de Gzor'),
 (1150, 'Fiole vide avec bouchon', 84, '{"note": "Pour faire vos potions ou stocker des produits", "price": 1, "quantifiable": 1}', 'Fiole vide avec bouchon'),
 (1151, 'Chaudron de mage', 84, '{"note": "En cuivre spécial qui n''attache pas – poids : 2kg", "price": 15}', 'Chaudron de mage'),
 (1152, 'Cire à cacheter', 84, '{"note": "Permet de conserver éternellement 10 fioles", "price": 1}', 'Cire a cacheter'),
 (1153, 'Étui à fioles renforcé', 84, '{"note": "Pour stocker 15 fioles et les protéger", "price": 10, "container": 1}', 'Etui a fioles renforce'),
 (1154, 'Cornue d''alchimiste', 84, '{"note": "Fragile !", "price": 40}', 'Cornue d''alchimiste'),
 (1155, 'Alambic d''alchimiste', 84, '{"note": "Fragile ! Permet également de distiller de l''alcool", "price": 150}', 'Alambic d''alchimiste'),
 (1156, 'Pots à onguent vide avec couvercle', 84, '{"note": "Pour conserver vos préparations", "price": 1}', 'Pots a onguent vide avec couvercle'),
 (1157, 'Cuiller en bois précieux', 84, '{"note": "Pour touiller vos potions", "price": 2}', 'Cuiller en bois precieux'),
 (1158, 'Potion de courage d''Ulgur', 81, '{"price": 25, "charge": 1, "duration": "5 min"}', 'Potion de courage d''Ulgur'),
 (1159, 'Potion de protection des Lunelbar', 81, '{"price": 30, "charge": 1, "duration": "5 min"}', 'Potion de protection des Lunelbar'),
 (1160, 'Potion de vitesse', 81, '{"note": "Hâte : 2 AT/assaut", "price": 50, "charge": 1, "duration": "5 min"}', 'Potion de vitesse'),
 (1161, 'Potion de force des Barbares', 81, '{"price": 50, "charge": 1, "duration": "5 min"}', 'Potion de force des Barbares'),
 (1162, 'Potion de Charisme de Claramorwen', 81, '{"price": 80, "charge": 1, "duration": "15 min"}', 'Potion de Charisme de Claramorwen'),
 (1163, 'Potion d''adresse de Furlac', 81, '{"price": 80, "charge": 1, "duration": "5 min"}', 'Potion d''adresse de Furlac'),
 (1164, 'Potion d''intelligence d''Ulgur', 81, '{"price": 100, "charge": 1, "duration": "5 min"}', 'Potion d''intelligence d''Ulgur'),
 (1165, 'Potion de courage des Dragons', 81, '{"price": 100, "charge": 1, "duration": "5 min"}', 'Potion de courage des Dragons'),
 (1166, 'Potion d''invisibilité de Zubilii', 81, '{"note": "Donne : Transparence de Piaros (invisible hors combat)", "price": 120, "charge": 1, "duration": "5 min"}', 'Potion d''invisibilite de Zubilii'),
 (1167, 'Potion de Violence', 81, '{"price": 150, "charge": 1, "duration": "5 min"}', 'Potion de Violence'),
 (1168, 'Potion d''évitement des critiques', 81, '{"note": "Permet d''éviter les coups critiques ennemis", "price": 150, "charge": 1, "duration": "5 heures"}', 'Potion d''evitement des critiques'),
 (1169, 'Potion de force des Ogres', 81, '{"price": 150, "charge": 1, "duration": "5 min"}', 'Potion de force des Ogres'),
 (1170, 'Potion de Résistance Magique', 81, '{"price": 150, "charge": 1, "duration": "5 min"}', 'Potion de Resistance Magique'),
 (1171, 'Potion de Vélocité Ultime', 81, '{"note": "Hâte : 2 AT/assaut", "price": 200, "charge": 1, "duration": "5 min"}', 'Potion de Velocite Ultime'),
 (1172, 'Potion d''intelligence des Talifurnes', 81, '{"price": 250, "charge": 1, "duration": "5 min"}', 'Potion d''intelligence des Talifurnes'),
 (1173, 'Potion d''excellence de Furlac', 81, '{"price": 300, "charge": 1, "duration": "5 min"}', 'Potion d''excellence de Furlac'),
 (1174, 'Potion d''invincibilité de Gargalor', 81, '{"note": "Augmente résolument l''armure", "price": 800, "charge": 1, "duration": "5 min"}', 'Potion d''invincibilite de Gargalor'),
 (1175, 'Potion d''omniscience du Grand Trilobique', 81, '{"price": 1000, "charge": 1, "duration": "10 min"}', 'Potion d''omniscience du Grand Trilobique'),
 (1176, 'Bague de lumière bleue', 83, '{"price": 30, "charge": 5, "duration": "15 min", "slotCount": 1}', 'Bague de lumiere bleue'),
 (1177, 'Bague d''Absorption des Critiques', 83, '{"note": "Absorbe 1 coup critique à la place du héros", "price": 100, "charge": 1, "slotCount": 1}', 'Bague d''Absorption des Critiques'),
 (1178, 'Baguette de Zorlaki', 83, '{"note": "Déclencheur de Zorlaki, voir sortilège", "price": 200, "charge": 3}', 'Baguette de Zorlaki'),
 (1179, 'Sceau de la Grande Conviction', 83, '{"note": "Permet de lancer un sort de niveau supérieur Ajouter 1 au niveau du mage pour ce sort uniquement", "price": 200, "charge": 1, "slotCount": 1}', 'Sceau de la Grande Conviction'),
 (1180, 'Scroll of stupidity', 83, '{"note": "INT-4 si quelqu''un le lit", "price": 300, "duration": "1 semaine"}', 'Scroll of stupidity'),
 (1181, 'Parchemin de boule de feu majeure', 83, '{"note": "3D+2, voir sortilège : Magie de Combat", "price": 400, "charge": 3}', 'Parchemin de boule de feu majeure'),
 (1182, 'Rune staff of curse', 83, '{"note": "Transformation en chèvre si quelqu''un tente de l''utiliser", "price": 400, "duration": "1 semaine"}', 'Rune staff of curse'),
 (1183, 'Bague de protection des Glaciers', 83, '{"note": "Bouclier de Glace : +2 PR (magique)", "price": 500, "charge": 5, "duration": "1 combat", "slotCount": 1}', 'Bague de protection des Glaciers'),
 (1184, 'Fibule des Coups Puissants', 83, '{"note": "pour réussir un coup, qui devient critique Il reste à tirer le résultat dans la table des critiques", "price": 600, "charge": 2, "slotCount": 1}', 'Fibule des Coups Puissants'),
 (1185, 'Anneau de la Terreur', 83, '{"note": "Terreur, voir sortilège (niveau 3)", "price": 600, "charge": 5, "slotCount": 1}', 'Anneau de la Terreur'),
 (1186, 'Potion d''invisibilité des Roublards', 83, '{"note": "Invisibilité totale, hors combat, longue durée", "price": 800, "charge": 1, "duration": "1 jour"}', 'Potion d''invisibilite des Roublards'),
 (1187, 'Bracelet de Sbaffe de Gigaouatte', 83, '{"note": "Voir sortilège : Magie de Combat (niv. 6)", "price": 1000, "charge": 5, "slotCount": 1}', 'Bracelet de Sbaffe de Gigaouatte'),
 (1188, 'Anneau d''invisibilité de Saroulemale', 83, '{"note": "Transparence de Piaros, voir sortilège (niv. 3)", "price": 1000, "charge": 5, "duration": "5 min", "slotCount": 1}', 'Anneau d''invisibilite de Saroulemale'),
 (1189, 'Baguette de cône de glace', 83, '{"note": "Voir sortilège : Magie de Combat (niv. 1)", "price": 1000, "charge": 5}', 'Baguette de cone de glace'),
 (1190, 'Gourmette de Vampirisme', 83, '{"note": "Vole 1PV pour chaque blessure causée à un ennemi Ce point d''EV est ajouté au capital du héros", "price": 1000, "slotCount": 1}', 'Gourmette de Vampirisme'),
 (1191, 'Bâton d''éclair de foudre', 83, '{"note": "2D+2 (perce-armure), portée 10m", "price": 2000, "charge": 10}', 'Baton d''eclair de foudre'),
 (1192, 'Géolocalisateur à Perception Subharmonique', 83, '{"note": "Permet de s''orienter en Terre de Fangh", "price": 2000}', 'Geolocalisateur a Perception Subharmonique'),
 (1193, 'Couronne de Pronfyo', 83, '{"note": "Téléportation de groupe, fournie avec 8 barettes lapin Nécessite de brûler un objet magique par utilisation", "price": 6000, "slotCount": 1}', 'Couronne de Pronfyo'),
 (1194, 'Cape d''invisibilité de Krystalia', 83, '{"note": "Invisibilité totale et complète", "price": 8000, "slotCount": 1}', 'Cape d''invisibilite de Krystalia'),
 (1195, 'Poison Courette (naturel)', 85, '{"price": 5, "charge": 5, "effect": 76}', 'Poison Courette (naturel)'),
 (1196, 'Faidhodho (alchimie)', 85, '{"price": 8, "charge": 5, "effect": 77}', 'Faidhodho (alchimie)'),
 (1197, 'Venin Tarentula (naturel)', 85, '{"price": 8, "charge": 5, "effect": 78}', 'Venin Tarentula (naturel)'),
 (1198, 'Paranoïax (alchimie)', 85, '{"price": 12, "charge": 5}', 'Paranoiax (alchimie)'),
 (1199, 'Chatouillouze (naturel)', 85, '{"price": 16, "charge": 5, "effect": 80}', 'Chatouillouze (naturel)'),
 (1200, 'Herbe Allanguira (naturel)', 85, '{"price": 20, "charge": 5, "effect": 81}', 'Herbe Allanguira (naturel)'),
 (1201, 'Jus de Purulosia (naturel)', 85, '{"price": 20, "charge": 5, "effect": 82}', 'Jus de Purulosia (naturel)'),
 (1202, 'Poison Kirmu (naturel)', 85, '{"price": 20, "charge": 5, "effect": 83}', 'Poison Kirmu (naturel)'),
 (1203, 'Tyruk du Marais (naturel)', 85, '{"price": 30, "charge": 5, "effect": 84}', 'Tyruk du Marais (naturel)'),
 (1204, 'Dolorisya (alchimie)', 85, '{"price": 40, "charge": 5, "effect": 85}', 'Dolorisya (alchimie)'),
 (1205, 'Rage de Khornettoh (alchimie)', 85, '{"price": 40, "charge": 5}', 'Rage de Khornettoh (alchimie)'),
 (1206, 'Feuilles de Mourocco (naturel)', 85, '{"price": 50, "charge": 5, "effect": 87}', 'Feuilles de Mourocco (naturel)'),
 (1207, 'Brasix des baies rouges (naturel)', 85, '{"price": 60, "charge": 5, "effect": 88}', 'Brasix des baies rouges (naturel)'),
 (1208, 'Poudre Fantasmatron (alchimie)', 85, '{"price": 70, "charge": 5, "effect": 89}', 'Poudre Fantasmatron (alchimie)'),
 (1209, 'Scorpinio (alchimie)', 85, '{"price": 70, "charge": 5, "effect": 90}', 'Scorpinio (alchimie)'),
 (1210, 'Siestadonf (alchimie)', 85, '{"price": 80, "charge": 5, "effect": 91}', 'Siestadonf (alchimie)'),
 (1211, 'Acide Fluxurik (alchimie)', 85, '{"price": 100, "charge": 5, "effect": 92}', 'Acide Fluxurik (alchimie)'),
 (1212, 'Hémorribilis (alchimie)', 85, '{"price": 120, "charge": 5, "effect": 93}', 'Hemorribilis (alchimie)'),
 (1213, 'Venin du Taïpan (naturel)', 85, '{"price": 150, "charge": 5, "effect": 94}', 'Venin du Taipan (naturel)'),
 (1214, 'Fulguria de Gzor (alchimie)', 85, '{"price": 300, "charge": 5, "effect": 95}', 'Fulguria de Gzor (alchimie)'),
 (1215, 'Antidote alchimique universel', 86, '{"note": "Stoppe les effets des poisons alchimiques Effets secondaires : apparition de boutons (CHA -2) pendant 48H, diarrhée, fièvre légère", "price": 25, "quantifiable": 1}', 'Antidote alchimique universel'),
 (1216, 'Antidote naturel', 86, '{"note": "Stoppe les effets des poisons naturels - Effets secondaires : faiblesse (FO -3) pendant 48H", "price": 15, "quantifiable": 1}', 'Antidote naturel'),
 (1217, 'Antidote retardateur', 86, '{"note": "Pour tous les poisons : Épaissit le sang et divise les effets du poison par 2 Effets secondaires : AT/PRD/AD -1 pendant 24H", "price": 10, "quantifiable": 1}', 'Antidote retardateur'),
 (1218, 'Antidote pifométrique de Gluk', 86, '{"note": "Pour tous les poisons : fonctionne, ou pas. À tirer sur 1D6, il fonctionne sur 4, 5, 6 Effets secondaires à tirer également sur 1D6, pour une durée de 48H :1 : nausées / 2 : perte de l''audition / 3 : COU -2 / 4 : démangeaisons / 5 : FO-2 / 6 : INT -3", "price": 8, "quantifiable": 1}', 'Antidote pifometrique de Gluk'),
 (1219, 'Seringue', 86, '{"note": "Pour sauver un camarade en situation grave - permet d''inoculer l''antidote La seringue doit être préalablement remplie avec l''antidote en question, bien entendu... Pour l''utiliser, le personnage doit avoir la compétence \\\"premiers soins\\\" ou 12+ en intelligence", "price": 2, "quantifiable": 1}', 'Seringue'),
 (1221, 'Objet', 45, '{}', 'Objet'),
 (1261, 'Gourde 1L', 50, '{}', 'Gourde 1L'),
 (1262, 'Gants', 52, '{"slotCount": 1}', 'Gants'),
 (1263, 'Chemise', 52, '{"slotCount": 1}', 'Chemise'),
 (1264, 'Plastron', 52, '{"slotCount": 1}', 'Plastron'),
 (1265, 'Pantalon', 52, '{"slotCount": 1}', 'Pantalon'),
 (1266, 'Plastron avec manches', 52, '{"slotCount": 1}', 'Plastron avec manches'),
 (1267, 'Bracelet', 52, '{"slotCount": 1}', 'Bracelet'),
 (1268, 'Collier', 52, '{"slotCount": 1}', 'Collier'),
 (1269, 'Bague', 52, '{"slotCount": 1}', 'Bague'),
 (1270, 'Tunique', 52, '{"slotCount": 1}', 'Tunique'),
 (1271, 'Peigne en os', 53, '{}', 'Peigne en os'),
 (1272, 'Médaillon poney', 53, '{}', 'Medaillon poney'),
 (1273, 'Bottes', 52, '{"slotCount": 1}', 'Bottes'),
 (1274, 'sous-vêtements', 52, '{"slotCount": 1}', 'sous-vetements'),
 (1275, 'Chapeau', 52, '{"slotCount": 1}', 'Chapeau'),
 (1260, 'Gemme inconnu', 18, '{"useUG": true, "weight": 0.0082478, "diceDrop": 0}', 'Gemme inconnu'),
 (1241, 'Sardonyx brut', 18, '{"note": "Couleurs variées ou noir", "price": 2, "useUG": true, "weight": 0.0082478, "diceDrop": 20}', 'Sardonyx brut'),
 (1240, 'Serpentine brut', 18, '{"note": "Généralement verte/turquoise", "price": 3, "useUG": true, "weight": 0.0082478, "diceDrop": 19}', 'Serpentine brut'),
 (1259, 'Sardonyx taillé', 87, '{"note": "Couleurs variées ou noir", "price": 5, "useUG": true, "weight": 0.0082478, "diceDrop": 20}', 'Sardonyx taille'),
 (1258, 'Serpentine taillé', 87, '{"note": "Généralement verte/turquoise", "price": 5, "useUG": true, "weight": 0.0082478, "diceDrop": 19}', 'Serpentine taille'),
 (1257, 'Kunzite taillé', 87, '{"note": "Gris légèrement teinté", "price": 15, "useUG": true, "weight": 0.0082478, "diceDrop": 16}', 'Kunzite taille'),
 (1256, 'Cornaline taillé', 87, '{"note": "Rouge orangé sombre", "price": 20, "useUG": true, "weight": 0.0082478, "diceDrop": 15}', 'Cornaline taille'),
 (1255, 'Béryl rouge taillé', 87, '{"note": "Rouge", "price": 45, "useUG": true, "weight": 0.0082478, "diceDrop": 14}', 'Beryl rouge taille'),
 (1254, 'Grenat taillé', 87, '{"note": "Rouge-brun", "price": 50, "useUG": true, "weight": 0.0082478, "diceDrop": 13}', 'Grenat taille'),
 (1253, 'Jaspe taillé', 87, '{"note": "Attention, couleurs variées", "price": 55, "useUG": true, "weight": 0.0082478, "diceDrop": 12}', 'Jaspe taille'),
 (1252, 'Spinelle taillé', 87, '{"note": "Rouge", "price": 60, "useUG": true, "weight": 0.0082478, "diceDrop": 11}', 'Spinelle taille'),
 (1251, 'Opale noire taillé', 87, '{"note": "Noire, irisée", "price": 60, "useUG": true, "weight": 0.0082478, "diceDrop": 10}', 'Opale noire taille'),
 (1250, 'Ambre taillé', 87, '{"note": "Orangé/jaune translucide", "price": 65, "useUG": true, "weight": 0.0082478, "diceDrop": 9}', 'Ambre taille'),
 (1249, 'Émeraude taillé', 87, '{"note": "Vert profond", "price": 70, "useUG": true, "weight": 0.0082478, "diceDrop": 8}', 'Emeraude taille'),
 (1248, 'Zacorite taillé', 87, '{"note": "Mauve translucide, irisé", "price": 90, "useUG": true, "weight": 0.0082478, "diceDrop": 7}', 'Zacorite taille'),
 (1247, 'Rubis taillé', 87, '{"note": "Rouge/rose", "price": 95, "useUG": true, "weight": 0.0082478, "diceDrop": 6}', 'Rubis taille'),
 (1246, 'Saphir taillé', 87, '{"note": "Bleu assez profond", "price": 100, "useUG": true, "weight": 0.0082478, "diceDrop": 5}', 'Saphir taille');

INSERT INTO item_type (id, name, note, special) VALUES (1, 'Armement', '', 'CAN_HAVE_MIN_LEVEL,CAN_BE_THROWABLE,CAN_HAVE_RUPTURE,HAVE_DAMAGE,CAN_HAVE_MODIFIER'),
 (2, 'Protection', 'les armures ne peuvent PAS s''empiler sur une même localisation', 'CAN_HAVE_MIN_LEVEL,CAN_HAVE_RUPTURE,HAVE_PROTECTION,CAN_HAVE_MODIFIER'),
 (3, 'Livres', 'Important : Afin d''éviter d''abuser du système (je lis un livre, je le jette...) et pour préserver l''environnement, les aventuriers devront garder
avec eux les livres qui leur apportent des bonus, afin de pouvoir les consulter de temps en temps... Faute de quoi, même après lecture ils finiront
par perdre le bonus en question. Les livres prennent de la place dans les sacs à dos et représentent un certain poids (500 grammes/livre). Cela
ne signifie pas qu''ils devront les porter "en permanence", mais au moins qu''ils devront les garder à portée de main pour consultation (en les
laissant dans la chambre de l''auberge par exemple).
Pour ce qui est des mages/prêtres, ils doivent pouvoir consulter tous leurs livres chaque jour, et doivent s''organiser en fonction.', 'HAVE_NOTE'),
 (4, 'Objets', '', 'DICE_DROP,HAVE_NOTE'),
 (5, 'Materiel', '', 'CAN_HAVE_MODIFIER,HAVE_NOTE,HAVE_CHARGE'),
 (6, 'Poison', '', 'HAVE_CHARGE'),
 (7, 'Potion et Accessoire magique', '', 'CAN_HAVE_MODIFIER,HAVE_CHARGE'),
 (8, 'Reliques', 'Les reliques ne peuvent être détruites – leur prix est indicatif car elles sont rarement en vente – elles sont considérées comme magiques
L''adepte doit souvent accomplir un haut fait pour se voir confier une relique ou bien il peut en hériter d''un parent ou d''un autre cultiste
Elles n''ont aucun effet pour les non-cultistes ou les gens affiliés à un autre dieu – elles permettent de débloquer les pouvoirs des paladins', 'HAVE_DAMAGE,HAVE_PROTECTION,CAN_HAVE_MODIFIER,HAVE_NOTE'),
 (9, 'Armes à poudre', '', 'CAN_HAVE_MIN_LEVEL,CAN_HAVE_RUPTURE'),
 (10, 'Ingrédient magique', '', 'DICE_DROP'),
 (11, 'Instruments', 'Les malédictions et les détails d''utilisation des instruments sont laissés à la discrétion du MJ. Les instruments ne sont en théorie pas
conçus pour attaquer, mais si c''est pourtant le cas, ils entrent dans la catégorie des armes contondantes. En revanche, les dégâts ne pourront
jamais excéder 1D6, voire 1D4 pour les plus petits instuments. De par leur caractère fragile, tous ont un taux de rupture allant de 1 à 5.
L''utilisation en combat d''une mélodie instrumentale pour déclencher un effet latent nécessite une attente de 5 assauts avant sa résolution.', 'CAN_HAVE_MODIFIER'),
 (12, 'Chapeaux et couvre-chefs', '', 'CAN_HAVE_MIN_LEVEL,CAN_HAVE_RUPTURE,HAVE_PROTECTION,CAN_HAVE_MODIFIER'),
 (13, 'Protection prêtres', 'une robe de prêtre ne peut PAS être portée à un niveau inférieur, sans quoi le dieu est fâché', 'CAN_HAVE_MIN_LEVEL,CAN_HAVE_RUPTURE,HAVE_PROTECTION,CAN_HAVE_MODIFIER'),
 (14, 'Accessoires prêtres et paladins', 'un prêtre ne peut porter qu''une bague enchantée à chaque main (problèmes d''interférences) – on ne peut cumuler plusieurs effets sur 1 prodige', 'CAN_HAVE_MIN_LEVEL,CAN_HAVE_MODIFIER,HAVE_CHARGE'),
 (15, 'Armes prêtres et paladins', '', 'CAN_HAVE_MIN_LEVEL,CAN_HAVE_RUPTURE,HAVE_DAMAGE,CAN_HAVE_MODIFIER'),
 (16, 'Vêtements pour mages et sorciers', 'une robe peut être portée à un niveau inférieur, mais la colonne BONUS n''est pas appliquée – l''armure seule demeure utilisable', 'CAN_HAVE_MIN_LEVEL,CAN_HAVE_RUPTURE,HAVE_PROTECTION,CAN_HAVE_MODIFIER'),
 (17, 'Accessoires pour sorciers', 'un mage ne peut porter qu''une bague enchantée à chaque main (problèmes d''interférences) – on ne peut cumuler plusieurs effets sur 1 sort', 'CAN_HAVE_MIN_LEVEL,CAN_HAVE_MODIFIER,HAVE_CHARGE'),
 (18, 'Bâtons pour sorciers', '', 'CAN_HAVE_MIN_LEVEL,CAN_HAVE_RUPTURE,HAVE_DAMAGE,CAN_HAVE_MODIFIER'),
 (19, 'Gemmes et pierres précieuses', 'Méthode de calcul – l''Unité Goltor
La valeur d''une pierre précieuse varie en fonction de son poids et de sa rareté. Elle change aussi selon que la
pierre est brute ou taillée. Ce qui est très intéressant dans la pierre précieuse, c''est qu''un aventurier peut
transporter des sommes importantes sans s''encombrer (car 100 pièces d''or pèsent 1 KILO).
Pour déterminer le poids d''une gemme, on utilise une unité créée par les Nains : L''Unité Goltor. Cette échelle,
connue dans l''ancien temps comme Unité Gemme, fut renommée au nom de Goltor l''Intrépide à la date de son
décès. On peut donc donner le poids d''une gemme en U.G., quelle que soit la période historique en Terre de Fangh (à
partir de l''Ère sans dieux).
L''U.G. correspond environ à 8,2478 grammes, mais c''est en vérité un peu plus précis que cela. Pour peser une
gemme, il faut disposer d''un pèse-gemme, instrument de grande précision, fragile et fabriqué uniquement par les
Nains et vendu environ 500 P.O. Notez que la pierre peut aussi représenter seulement une fraction d''U.G.
En conséquence, la plupart des aventuriers ne peuvent faire qu''une estimation du poids des gemmes et ils ne
sauront leur véritable valeur qu''en allant voir un spécialiste (Nain, négociant, joailler ou banquier).
Pour ce qui concerne la rareté de la gemme (et donc, son prix par U.G.), elle est fonction de son matériau comme
vous pourrez le voir dans le tableau des gemmes. Certains héros n''ont aucune idée de la rareté d''une gemme, et
d''autres au contraire peuvent la déterminer au premier coup d''œil. La gemme peut être enchâssée dans une
monture ou sur un objet, ou bien être présentée seule au milieu d''autres trésors ou dans un écrin, sachet, boîte.


Usage du tableau : vous pouvez faire tirer une gemme au D20 (score petit = gemme de valeur) et prendre au
choix 1 U.G. ou bien faire tirer les U.G. sur un D4 / D6 / D10 (selon l''importance du trésor) afin d''avoir
immédiatement un tirage aléatoire mais précis. N''oubliez pas de préciser BRUT ou TAILLÉ.', 'DICE_DROP'),
 (20, 'Inutile', '', 'DICE_DROP');

INSERT INTO item_unskill (item, skill) VALUES (160, 2),
 (242, 9),
 (245, 9),
 (204, 9),
 (1124, 2),
 (1124, 4),
 (644, 44),
 (442, 2),
 (443, 5),
 (444, 6),
 (449, 48);

INSERT INTO job_bonus (id, jobid, description, token) VALUES (1, 14, 'En raison de sa polyvalence, au niveau 1 le Ranger peut choisir de soustraire 1 point d''une CARAC pour l''ajouter à une
autre (INT, CHA, COU, FO, AD)', 'MOVE_1_POINT_STAT'),
 (2, 2, 'Peut choisir au niveau 1 d''échanger 1 point d''ATTAQUE avec 1 point de PARADE, ou inversement', 'CHANGE_1_AT_PRD'),
 (3, 17, 'En raison de son érudition, au niveau 1 le marchand doit retirer 1 point à l''attaque ou à la parade, qu''il pourra ajouter au
choix à l''intelligence ou au charisme', 'REMOVE_1_AT_OR_PRD_TO_INT_OR_CHA'),
 (4, 17, 'Au niveau 1, le marchand possède une charrette, un cheval et une « maison en village paumé » (à situer sur la carte)', 'HORSE_AND_SMALL_HOME'),
 (5, 18, 'En raison de sa spécialisation technique, au niveau 1 l''ingénieur doit retirer 1 point à l''attaque ou à la parade, qu''il pourra
ajouter au choix à l''intelligence ou à l''adresse', 'REMOVE_1_AT_OR_PRD_TO_INT_OR_AD'),
 (6, 19, 'Au niveau 1, le noble peut tirer une deuxième fois sa fortune et ajouter les pièces d''or à son pécule de base. Il possède
également une « maison de ville moyenne » (à situer sur la carte dans une ville) ainsi qu''un cheval.', '2_ROLL_MONEY');

INSERT INTO job_origin_blacklist (id, job, origin) VALUES (1, 2, 1),
 (2, 2, 2),
 (3, 10, 1);

INSERT INTO job_origin_whitelist (id, job, origin) VALUES (1, 4, 1),
 (2, 4, 2),
 (3, 11, 1);

INSERT INTO job_requirement (id, jobid, stat, `minvalue`, `maxvalue`) VALUES (1, 2, 'FO', 12, null),
 (2, 2, 'COU', 12, null),
 (3, 6, 'AD', 13, null),
 (4, 8, 'AD', 12, null),
 (5, 9, 'CHA', 12, null),
 (6, 10, 'INT', 12, null),
 (7, 12, 'CHA', 11, null),
 (8, 12, 'COU', 12, null),
 (9, 12, 'FO', 9, null),
 (10, 12, 'INT', 10, null),
 (11, 14, 'AD', 10, null),
 (12, 14, 'CHA', 10, null),
 (13, 15, 'AD', 11, null),
 (14, 15, 'CHA', 12, null),
 (15, 16, 'AD', 11, null),
 (16, 16, 'COU', 11, null),
 (17, 17, 'INT', 12, null),
 (18, 17, 'CHA', 11, null),
 (19, 18, 'AD', 11, null),
 (20, 19, 'INT', 10, null),
 (21, 19, 'CHA', 11, null);

INSERT INTO job_restrict (id, jobid, text) VALUES (1, 2, 'n’utilise pas la magie, sauf sur arme ou protection enchantée'),
 (2, 6, 'n’utilise pas d’armure supérieure à PR3 (sauf magique)'),
 (3, 8, 'n’utilise pas d’armure supérieure à PR3 (sauf magique)'),
 (4, 9, 'doit utiliser les armes et protections autorisées par le dieu ou démon affilié'),
 (5, 9, 'doit se plier aux règles de vie relatives au dieu ou démon affilié'),
 (6, 10, 'ne peut utiliser autre chose que : bâton, poignard, dague, gourdin comme arme de combat rapproché'),
 (7, 10, 'n’utilise pas les arcs ou arbalètes'),
 (8, 10, 'n’utilise pas les boucliers'),
 (9, 10, 'transport de charge limitée à 10 kilos (ou moins selon race)'),
 (10, 10, 'n’utilise pas d’armure supérieure à PR2 (sauf magique)'),
 (11, 12, 'liées au dieu auquel le paladin a voué son âme (voir fiches descriptive pour chaque dieu)'),
 (12, 12, 'doit posséder une relique du dieu en question pour utiliser ses pouvoirs (sinon, il ne sera qu''un aspirant paladin)'),
 (13, 14, 'n’utilise pas d’armure supérieure à PR4 (sauf magique ou “spécial voleur/ranger”)'),
 (14, 15, 'n’utilise pas d’armure supérieure à PR2 (sauf magique)'),
 (15, 15, 'ne peut utiliser autre chose que : bâton, poignard, dague, gourdin comme arme de combat rapproché'),
 (16, 15, 'n''utilise pas de bouclier ni d''arbalète'),
 (17, 16, 'n’utilise pas d’armure supérieure à PR3 (sauf magique)'),
 (18, 16, 'un pirate reste un pirate : il ne peut changer de métier'),
 (19, 16, 'ne peut utiliser d''arme à 2 mains'),
 (20, 17, 'n’utilise pas d’armure supérieure à PR3 (sauf magique)'),
 (21, 17, 'ne peut utiliser d''arme à 2 mains'),
 (22, 18, 'n’utilise pas d’armure supérieure à PR3 (sauf magique)'),
 (23, 18, 'ne peut utiliser d''arme à 2 mains'),
 (24, 19, 'aucune restriction particulière, car le noble pense qu''il peut tout faire – ce qui est faux bien sûr'),
 (25, 19, 'non, le noble ne peut choisir aucun autre métier que noble, même à haut niveau !');

INSERT INTO job_skill (jobid, skillid, `default`) VALUES (2, 1, false),
 (2, 7, true),
 (2, 10, true),
 (2, 14, false),
 (2, 15, false),
 (2, 24, false),
 (2, 30, false),
 (2, 47, false),
 (2, 49, false),
 (6, 1, false),
 (6, 14, false),
 (6, 15, false),
 (6, 19, true),
 (6, 22, false),
 (6, 23, false),
 (6, 25, true),
 (6, 33, false),
 (6, 35, false),
 (6, 42, false),
 (6, 47, true),
 (8, 3, true),
 (8, 8, false),
 (8, 16, true),
 (8, 19, true),
 (8, 20, false),
 (8, 21, true),
 (8, 22, false),
 (8, 23, false),
 (8, 25, false),
 (8, 27, false),
 (8, 33, false),
 (8, 42, false),
 (8, 45, true),
 (9, 8, false),
 (9, 15, false),
 (9, 18, false),
 (9, 22, true),
 (9, 26, false),
 (9, 33, true),
 (9, 39, false),
 (9, 40, false),
 (9, 41, true),
 (9, 43, false),
 (10, 3, false),
 (10, 13, false),
 (10, 15, false),
 (10, 22, true),
 (10, 26, false),
 (10, 32, false),
 (10, 39, false),
 (10, 41, true),
 (10, 43, true),
 (12, 7, false),
 (12, 14, false),
 (12, 15, true),
 (12, 22, false),
 (12, 26, false),
 (12, 30, true),
 (12, 39, false),
 (12, 41, true),
 (14, 1, false),
 (14, 13, false),
 (14, 15, true),
 (14, 17, false),
 (14, 19, true),
 (14, 20, false),
 (14, 21, true),
 (14, 22, false),
 (14, 23, false),
 (14, 33, false),
 (14, 35, true),
 (14, 38, true),
 (14, 39, false),
 (14, 47, false),
 (15, 9, true),
 (15, 15, true),
 (15, 22, true),
 (15, 26, true),
 (15, 31, true),
 (15, 33, false),
 (15, 34, false),
 (15, 36, true),
 (15, 39, false),
 (15, 43, false),
 (15, 47, false),
 (16, 3, true),
 (16, 5, true),
 (16, 8, true),
 (16, 16, true),
 (16, 21, false),
 (16, 23, true),
 (16, 27, false),
 (16, 29, false),
 (16, 33, false),
 (16, 34, false),
 (16, 35, true),
 (16, 47, false),
 (17, 3, true),
 (17, 8, true),
 (17, 13, false),
 (17, 15, false),
 (17, 18, false),
 (17, 22, true),
 (17, 24, false),
 (17, 26, true),
 (17, 29, false),
 (17, 33, true),
 (17, 43, false),
 (18, 3, false),
 (18, 11, true),
 (18, 15, false),
 (18, 18, false),
 (18, 20, true),
 (18, 22, false),
 (18, 24, true),
 (18, 35, false),
 (18, 39, false),
 (18, 42, true),
 (18, 45, true),
 (19, 3, true),
 (19, 8, false),
 (19, 9, true),
 (19, 13, false),
 (19, 15, true),
 (19, 22, true),
 (19, 31, false),
 (19, 33, false),
 (19, 35, false),
 (19, 37, true),
 (19, 43, false);

INSERT INTO job (id, name, internalname, informations, maxload, maxarmorpr, ismagic, baseev, factorev, bonusev, baseea, diceealevelup, baseat, baseprd, parentjob, special) VALUES (2, 'Guerrier, Gladiateur', null, 'Apte à la baston dès le plus bas niveau !', null, null, false, null, null, 5, null, null, null, null, null, null),
 (4, null, 'Guerrier, Gladiateur (Humain, Barbare)', null, null, null, null, 35, null, 0, null, null, null, null, 2, null),
 (6, 'Ninja, Assassin', null, null, null, 3, false, null, null, null, null, null, 10, 8, null, null),
 (8, 'Voleur', null, null, null, 3, false, null, null, null, null, null, null, null, null, null),
 (9, 'Prêtre', null, 'Le prêtre reçoit les restrictions et avantages relatifs au dieu choisi.
Peut faire appel aux prodiges des dieux. Peut choisir une affiliation à un dieu ou démon. Peut faire une cure (payante) pour
gagner des points astraux.', null, null, true, null, null, null, 20, 6, null, null, null, null),
 (10, 'Mage, Sorcier', null, 'Aptitudes à la magie : peut lancer tous les sortilèges. Peut choisir une spécialité magique ou une affiliation à un dieu ou
démon. Peut faire une cure (payante) pour gagner des points astraux. Peut utiliser un bâton magique. Peut pratiquer des
invocations ou enchanter des objets.', 10, 2, true, null, 0.7, null, 30, 6, null, null, null, 'SELECT_SPECIALITY_LVL_5_10'),
 (11, null, 'Mage, Sorcier (Humain)', null, null, null, null, 20, 0, 0, null, null, null, null, 10, null),
 (12, 'Paladin', null, null, null, 4, true, null, null, 2, 10, 4, null, null, null, null),
 (14, 'Ranger', null, null, null, null, false, null, null, null, null, null, null, null, null, null),
 (15, 'Ménestrel', null, null, null, 2, false, null, null, null, null, null, null, null, null, null),
 (16, 'Pirate', null, null, null, 3, false, null, null, null, null, null, null, null, null, null),
 (17, 'Marchand', null, null, null, 3, false, null, null, null, null, null, null, null, null, null),
 (18, 'Ingénieur', null, null, null, 3, false, null, null, null, null, null, null, null, null, null),
 (19, 'Bourgeois, Noble', null, null, null, null, false, null, null, null, null, null, 7, 9, null, null);

INSERT INTO location_map (id, location, name, file, gm, data) VALUES (1, 2, 'Generale', 'fangh-marion-globale.jpg', false, 'null'),
 (2, 1, 'Generale', 'Carte-environsdefangh-MIDRES-RVB.jpg', false, 'null'),
 (3, 4, 'Plan de la ville', 'valtordu-plan-parchemin.jpg', false, 'null'),
 (4, 6, 'Rez de chaussé', 'valtordu-chateau-pegase_0.png', true, 'null'),
 (5, 6, '1er Etage', 'valtordu-chateau-pegase_1.png', true, 'null'),
 (6, 4, 'Environ de la ville', 'valtordu-environs.jpg', false, 'null'),
 (7, 4, 'Plan detaille', 'valtordu-plan-gm.png', true, 'null'),
 (8, 7, 'Plan generale', 'mliuej-plan-parchemin.jpg', false, 'null'),
 (9, 7, 'Description', 'mliuej-description-mj.jpg', true, 'null'),
 (10, 8, 'Plan generale', 'loubet-plan.jpg', false, 'null'),
 (11, 8, 'Description', 'loubet-description-mj.jpg', true, 'null'),
 (12, 2, 'Zoom centre nord-est', 'centre-nord-est-carte.jpg', false, 'null'),
 (13, 2, 'Zoom nord-ouest', 'fangh-montagnes-du-nord.jpg', false, 'null'),
 (14, 2, 'Zoom sud-ouest', 'fangh-sudouest.jpg', false, 'null'),
 (15, 9, 'General', 'chnafon-plan-parchemin.jpg', false, 'null'),
 (16, 10, 'General', 'fquiepou-plan.jpg', false, 'null'),
 (17, 10, 'Description', 'fquiepou-plan-MJ.jpg', false, 'null'),
 (18, 11, 'General', 'loubet-plan.jpg', false, 'null'),
 (19, 11, 'Description', 'loubet-description-mj.jpg', true, 'null'),
 (20, 12, 'General', 'terressauvages-carte.jpg', false, 'null'),
 (21, 13, 'General', 'glargh-plan-parchemin.jpg', false, 'null'),
 (22, 14, 'Generale', 'waldorg-plan-parchemin.jpg', false, 'null'),
 (23, 15, 'General', 'tulamor-plan.jpg', false, 'null'),
 (24, 16, 'General', 'kjaniouf-plan.jpg', false, 'null');

INSERT INTO location (id, name, parent, data) VALUES (1, 'Univers', null, null),
 (2, 'Terre de Fangh', 1, '{"description": ""}'),
 (3, 'Donjon de naheulbeuk', 4, null),
 (4, 'Valtordu', 2, '{"description": "Valtordu est un village moyen situé à l’extrême sud-ouest de la Terre de Fangh, près de la forêt d’Ouien qui délimite le monde connu dans cette direction. Il n’y a pas vraiment d’autre ville plus importante à plusieurs dizaines de kilomètres à la ronde car c’est une région assez déserte, propice à l’installation de nombreux hameaux mais sans communauté d’importance. Le village de Valtordu est connue pour son boudin au sang de mouton (qu’on exporte jusqu’à Glargh) et pour ses pulls très chauds à motifs affreux. En fait, presque tout le monde vit du mouton ou de l’agriculture dans le coin...\\n\\nLe centre ville est assez petit mais de nombreux hameaux et groupements de maisons autour de Valtordu s’approvisionnent dans ce village, sans compter les voyageurs qui se rendent à Loubet ou qui partent en direction de la côte ou vers la grande forêt du Sud. Depuis Valtordu, on peut rejoindre facilement un certain nombre de lieux propices à l’aventure (voir la carte « Environs de Valtordu ») tels que les ruines de Limis, le Donjon de Naheulbeuk, les ruines d’Asvaard, la grotte de Nyrlatep ainsi que la communauté des sylvains d’Ouien. En partant vers le sud, on rejoint les régions infestées par les Ogres, et vers l’est on arrive assez rapidement aux collines de l’Est, en passant par le bosquet de Tronchenbiais et les collines de Ronflouze. En suivant la rivière Glandebruine, on arrive à Loubet, village sans aucun intérêt qui a bercé la jeunesse de notre Ranger (dans l’aventure originale Naheulbeuk).\\n\\nC’est généralement une ville dans laquelle le MJ appréciera de lancer un groupe pour commencer une carrière d’aventurier : les magasins existent mais sont rares, il n’est pas possible de se perdre dans le village et on a vite fait le tour des PNJS. De fait, il y a pas mal de scénars pour débutants à Valtordu (et on peut aussi y démarrer une carrière des soldat, même si c’est une peu « rural »)."}'),
 (6, 'Chateau de Valtordu', 4, null),
 (7, 'Mliuej', 2, null),
 (8, 'Loubet', 2, null),
 (9, 'Chnafon', 2, '{"description": "Chnafon se situe sur la rive ouest du Lac de Zblouf. Cette ville n’offre rien de particulièrement intéressant, mais reste tout de même une assez grande bourgade sur la région, du moins si on le compare à la plupart des autres villages de cette plaine. Les gardes à l’entrée possèdent un sens civique développé et ils sont connus pour racketter les voyageurs. On trouve là quelques temples et même une petite école de magie (l''une des seules sur la partie ouest du territoire).\\n\\nSitué en bordure du Lac de Zblouf, la localisation était pourtant prometteuse. On pensait bien, au départ, qu’on pourrait vivre des produits issus du lac : moules d’eau douce, écrevisses juteuses et poissons divers. Hors, une facétie géologique née d’une secousse sismique dota le lac d’un fort courant ouest-est, repoussant la plupart des poissons à l’autre bout du plan d’eau. La présence de gros animaux inconnus à forte dentition et appétit développé découragea les pêcheurs quant à l’utilisation de barques. Pour pêcher, il faut donc effectuer une randonnée de plusieurs kilomètres, et quand on revient, le poisson a eu le temps de pourrir. Il faut donc éviter d''acheter du poisson à Chnafon, surtout en été. Heureusement, le terrain irrigué permet de faire pousser quelques légumes. Le manque d’enthousiasme des habitants n’a pour le moment donné lieu à aucune création digne d’intérêt, si ce n’est le concours de la plus grosse patate qui se tient tous les 5 ans.\\n\\nAprès bien des conseils d’administration, aucun dignitaire de la ville n’avait réussi à proposer un nom correct pour les habitants : Chnaffonais, Chnaffoniers, Chnaffonains, Chaffounnonais, etc. Afin d’éviter qu’on leur pose la question, il fut simplement décidé de ne pas mettre le nom de la ville sur la carte, et de la laisser sur une pancarte à l’entrée. À la suite de nombreuses réunion, il fut noté dans le cahier de compte-rendu une phrase du genre \\\"bah, on verra bien\\\". On voit surtout que depuis le temps, le nom du village passe toujours pour un éternuement.\\n\\nLes habitants sont donc chroniquement fâchés avec tout le monde, et même avec les promeneurs que la proximité de la forêt maudite de Schlipak n’aurait pas repoussé."}'),
 (10, 'Fquiepou', 2, '{"description": "Surnommée « Joyau de l''Est », Fquiepou est une des grandes villes de l''Est, bien plus petite que Waldorg mais tout de même importante. La spécialité la plus connue de la ville est le célèbre Savon de Fquiepou (utilisé comme ingrédient magique, mais qui sert aussi à laver n''importe quoi). Ils en gardent jalousement la recette depuis des générations. On y fabrique aussi un peu de bière, du vin, et on y pêche du poisson d''eau douce provenant du\\nfleuve Syé et de la rivière Zoc.\\n\\nFquiepou se situe au sud du Bois N''talamela, et fait commerce avec les Sylvains et plusieurs autres ethnies. On peut y croiser des Nains de l''Est (ceux qui sont blonds, et qui utilisent plutôt le marteau que la hache – venant par exemple de la mine de Martenbur, dont le maire est Barbidul Sang-Noir). Le quartier nord-ouest est habité par quelques Sylvains, un endroit bien sûr évité par les Nains. On peut également y croiser des semi-hommes puisque ceux-ci sont installés au sud des collines d''Altrouille. Il y a donc pas mal de possibilités d''interactions et d''aventures. \\n\\nLe plan ne concerne que le centre de la ville, mais celle-ci s''étend plus loin dans toutes les directions, car elle est cernée par de nombreuses fermes et de nombreux champs. La terre est bonne et bien arrosée par ici. Il n''y a pas de fortifications et pas de porte à franchir pour entrer en ville.\\n\\nL''endroit possède aussi sa halle aux poissons près des Pontons (2), où se négocient tous les jours les fruits de la pêche, à destination des commerces des alentours. On peut aussi emprunter un bac pour traverser le fleuve."}'),
 (11, 'Loubet', 2, '{"description": "Loubet ne brille pas par son histoire palpitante, dans les chroniques fanghiennes de tous les âges. Néanmoins, elle est un ville-étape importante sur la route du sud, et nous allons en parler un peu, pour la forme. Le long de la rivière Glandebruine, on trouve déjà Valtordu. Un peu plus haut sur le cours de cette même rivière se trouve Loubet, village plus modeste et ne bénéficiant pas de la renommée de son boudin pour attirer les\\ntouristes.\\n\\nLoubet, c’est un peu la bourgade sans intérêt dans laquelle tout le monde rêve de ne pas habiter. Son histoire n’est pas fournie en faits d’armes, car elle est depuis longtemps trop éloignée des festivités diverses, ayant habituellement lieu au centre du territoire.\\n\\nLes communautés ogres, lors de leur récente invasion du sud, ont préféré attaquer Alaykjdu que de monter s’ennuyer à Loubet. Leur escapade vers le nord s’est arrêtée vers Heukhrouk, dans les contreforts des grandes collines.\\n\\nBref, Loubet bénéficie d’une actualité quasi nulle depuis sa création. Une facture de rempaillage de chaises attire tout au plus les badauds à quelques kilomètres aux alentours, ayant fait parler d’elle depuis qu’un gamin de huit ans (oui, le Ranger lui-même) réussit l’exploit d’une réparation sur fauteuil à bascule. \\n\\nDe bonnes volontés tentèrent pourtant, dans le passé, de créer du nouveau. Luzik Le Mou, ayant trouvé l’endroit terriblement à son goût, tenta d’y installer un temple de Dlul mais sombra dans la morosité faute de fidèles, et se jeta dans la rivière avec son sommier à ressorts.\\n\\nYalif l’Enflure et sa bande de pillards prirent la ville d’assaut plusieurs fois, mais ne terminèrent jamais leur œuvre de destruction, découragés par l’air ennuyé des habitants. Ils partirent donc vers le Lac Aspousser, pour vivre du commerce de friture, avant d’avoir causé de réels dégâts.\\n\\nQuand à l’étrange tour maléfique au sud du village, elle aurait été le refuge de nombreuses personnalités malfaisantes ou étranges. Les ragots disent qu’elle fut la première maison d’un des cinq chamanes. On raconte aussi qu’une Liche y séjourna pendant des siècles, avant d’être défaite par des aventuriers plus organisés que la moyenne. Plus récemment, un certain Saroulemale y aurait élu domicile pendant quelques semaines, et aurait rendu les clés suite à la découverte d’une fuite dans le toit. \\n\\nDu coup, on en vient à se demander pourquoi Loubet figure sur cette carte."}'),
 (12, 'Terres Sauvages autour de Glargh', 2, '[]'),
 (13, 'Glargh', 12, '[]'),
 (14, 'Waldorg', 2, '[]'),
 (15, 'Tulamor', 2, '[]'),
 (16, 'Kjaniouf', 2, '[]'),
 (17, 'Caladie', 1, null),
 (18, 'Monts de l''Est', 1, null),
 (19, 'Rivages de la mer d''Embarth', 1, null),
 (20, 'Fernol', 1, null),
 (21, 'Galzanie', 1, null),
 (22, 'Plaine de Sakourvit', 1, null),
 (23, 'Plaine centrale', 1, null),
 (24, 'Cimes de Kuylinia', 1, null),
 (25, 'Pays de Nugh', 1, null),
 (26, 'Haute mer', 1, null),
 (27, 'Côte de Sk''ka', 1, null),
 (28, 'Péninsule du Birmilistan', 1, null),
 (29, 'Forêt maudite de l''Ouest', 1, null),
 (30, 'Uzgueg et Gnaal', 1, null),
 (31, 'Plaines de l''Ouest', 1, null),
 (32, 'Efaizh', 1, null),
 (33, 'Archipel Papoutouh', 1, null),
 (34, 'Montagnes du Nord', 1, null),
 (35, 'Arnn', 1, null),
 (36, 'Banquise', 1, null),
 (37, 'Plaines gelées du Nord', 1, null),
 (38, 'Marais gelés', 1, null),
 (39, 'Steppes du Srölnagud', 1, null),
 (40, 'Jungles de la péninsule', 28, null),
 (41, 'Vallée du Birmilistan', 28, null),
 (42, 'Pointe sud du Birmilistan', 28, null),
 (43, 'Rivages de la mer Sidralnée', 28, null),
 (44, 'Fanalzar', 1, null),
 (45, 'Forêt de Schlipak', 2, null),
 (46, 'Terres sauvages de Kwzprtt', 2, null),
 (47, 'Bois de Glandorn', 2, null),
 (48, 'Foret d''Ouien', 2, null),
 (49, 'Süludar', 2, null),
 (50, 'Marécage de l''éternelle agonie', 2, null),
 (51, 'Collines d''Altrouille', 2, null),
 (52, 'Desert des Plaintes', 2, null),
 (53, 'Crêtes du Plonzbul', 2, null),
 (54, 'Lac de Zblouf', 2, null),
 (55, 'Chênes d''Ulgargh', 2, null),
 (56, 'Groinsale', 2, null),
 (57, 'Lac Aspousser', 2, null),
 (58, 'Forêt du Sud', 2, null),
 (59, 'Crique des Pirates Mauves', 2, null),
 (60, 'Bois N''talamela', 2, null),
 (61, 'Forêt de Caladie', 2, null),
 (62, 'Sulkak', 2, null),
 (63, 'Marais de Bratoul', 2, null),
 (64, 'Passse de ropolk', 2, null),
 (65, 'Ilaral', 2, null),
 (66, 'Varig-le-Feuillu', 2, null),
 (67, 'Boladar', 2, null),
 (68, 'Tronville', 2, null),
 (69, 'Noghall', 2, null),
 (70, 'Uzudil', 2, null),
 (71, 'Birtek', 2, null),
 (72, 'Jambfer', 2, null),
 (73, 'Yakk', 2, null),
 (74, 'Hyjup', 2, null),
 (75, 'Ahokd', 2, null),
 (76, 'Doduville', 2, null),
 (77, 'Bardol', 2, null),
 (78, 'Trozaarb', 2, null),
 (79, 'Tourneport', 2, null),
 (80, 'Gavurville', 2, null),
 (81, 'Balkaf', 2, null),
 (82, 'Juienal', 2, null),
 (83, 'Mlaüke', 2, null),
 (84, 'Gzor', 2, null),
 (85, 'Mir-Nodd', 2, null),
 (86, 'Ranuf', 2, null),
 (87, 'Zoyek', 2, null),
 (88, 'Polorodou', 2, null),
 (89, 'Tussu', 2, null),
 (90, 'Nalir', 59, null),
 (91, 'Radd', 59, null),
 (92, 'Lamenoire', 59, null),
 (93, 'Iles Canuto', 59, null),
 (94, 'Brourg-de-Baie', 59, null),
 (95, 'Tepaleh', 59, null),
 (96, 'Zombouc', 59, null),
 (97, 'Kitnya', 59, null),
 (98, 'Baie d Kraken', 59, null),
 (99, 'Baie d''Haraulak', 59, null),
 (100, 'Chateau de Chnafon', 9, null);

INSERT INTO monster_location (monsterid, locationid) VALUES (266, 9),
 (267, 9),
 (280, 9),
 (281, 9),
 (282, 9),
 (285, 100),
 (286, 100),
 (287, 100),
 (288, 100),
 (289, 100),
 (290, 100),
 (291, 100),
 (292, 100),
 (293, 100),
 (294, 100),
 (295, 100),
 (296, 100);

INSERT INTO monster_template (id, name, type, data) VALUES (5, 'Orque boiteux', 1, '{"at": 7, "ev": 12, "pr": 2, "xp": 7, "cou": 7, "dmg": "1 D+3", "prd": 7, "note": "Capacité de mouvement divisée par deux"}'),
 (6, 'Orque standard', 1, '{"at": 9, "ev": 15, "pr": 2, "xp": 8, "cou": 8, "dmg": "1D+4", "prd": 7, "note": ""}'),
 (7, 'Orque offensif', 1, '{"at": 10, "ev": 18, "pr": 3, "xp": 10, "cou": 10, "dmg": "1 D+4", "prd": 7, "note": "Aussi possible en version archer : arc 1 D+3, AD 11"}'),
 (8, 'Orque défensif', 1, '{"at": 9, "ev": 22, "pr": 4, "xp": 11, "cou": 8, "dmg": "1D+3", "prd": 9, "note": ""}'),
 (9, 'Orque chef', 1, '{"at": 10, "ev": 25, "pr": 3, "xp": 13, "cou": 10, "dmg": "1D+5", "prd": 8, "note": "Bourrin : FO 14"}'),
 (10, 'Orque gros chef', 1, '{"at": 12, "ev": 35, "pr": 4, "xp": 25, "cou": 12, "dmg": "1D+6", "prd": 9, "note": "Bourrin : FO 15"}'),
 (11, 'Trogylork', 1, '{"at": 10, "ev": 18, "pr": 2, "xp": 9, "cou": 8, "dmg": "1D+5", "prd": 7, "note": "Pour plus d''infos : voir bestiaire Succint"}'),
 (13, 'Chapichapos maléfiques', 2, '{"at": 12, "ev": 12, "pr": 2, "xp": 15, "cou": 20, "dmg": "1D+4", "prd": 6, "note": "2AT/assaut - AD : 13 (esquive) - Très rapides MV+50% Ils sont armés de hachoirs de torture très effilés"}'),
 (14, 'Homme-Lézard', 2, '{"at": 10, "ev": 25, "pr": 3, "xp": 16, "cou": 16, "dmg": "1 D+3", "prd": 12, "note": "Armé d''une lance et d''un bouclier"}'),
 (15, 'Homme-Lézard chef', 2, '{"at": 12, "ev": 30, "pr": 5, "xp": 20, "cou": 16, "dmg": "1D+5", "prd": 12, "note": "Armé d''un gros sabre et d''un bouclier"}'),
 (16, 'Homme-Lézard mutant', 2, '{"at": 13, "ev": 35, "pr": 4, "xp": 25, "cou": 16, "dmg": "1 D+4", "prd": 10, "note": "Ambidextre, deux sabres - 2AT/assaut"}'),
 (17, 'Kobold de base', 2, '{"at": 16, "ev": 15, "pr": 1, "xp": 20, "cou": 8, "dmg": "1D+2", "prd": 8, "note": "Combat spécial : voir bestiaire avancé, P. 25"}'),
 (18, 'Ogre débile', 3, '{"at": 8, "ev": 40, "pr": 3, "xp": 25, "cou": 20, "dmg": "2D+3", "prd": 5, "note": "FO 16, AD 6, utilise une massue"}'),
 (19, 'Ogre mutant débile', 3, '{"at": 8, "ev": 45, "pr": 4, "xp": 28, "cou": 20, "dmg": "3D", "prd": 4, "note": "II combat à mains nues"}'),
 (20, 'Ogre vindicatif', 3, '{"at": 10, "ev": 40, "pr": 3, "xp": 30, "cou": 20, "dmg": "2D+5", "prd": 6, "note": "FO 16, AD 6, utilise une grosse massue"}'),
 (21, 'Ogre impressionnant', 3, '{"at": 11, "ev": 55, "pr": 4, "xp": 40, "cou": 20, "dmg": "2D+6", "prd": 8, "note": "FO 18, AD 6, utilise une grosse massue"}'),
 (22, 'Troll de base', 3, '{"at": 8, "ev": 45, "pr": 2, "xp": 22, "cou": 20, "dmg": "2D+2", "prd": 6, "note": "FO 16, il attaque avec ses mains comme un gros naze"}'),
 (23, 'Troll berserk débile', 3, '{"at": 8, "ev": 45, "pr": 3, "xp": 28, "cou": 20, "dmg": "2D+4", "prd": 6, "note": "FO 17, armé d''une double mortensen"}'),
 (24, 'Troll berserk affamé', 3, '{"at": 11, "ev": 45, "pr": 3, "xp": 40, "cou": 20, "dmg": "2D+5", "prd": 7, "note": "FO 18, armé d''une double mortensen"}'),
 (25, 'Troll géant maladroit', 3, '{"at": 7, "ev": 50, "pr": 3, "xp": 35, "cou": 20, "dmg": "3D+2", "prd": 5, "note": "Combat spécial : voir bestiaire avancé, P. 26"}'),
 (26, 'Troll géant menaçant', 3, '{"at": 10, "ev": 60, "pr": 4, "xp": 50, "cou": 20, "dmg": "3D+4", "prd": 6, "note": "Combat spécial : voir bestiaire avancé, P. 26"}'),
 (27, 'Coyote', 4, '{"at": 10, "ev": 8, "pr": 1, "xp": 4, "cou": 6, "dmg": "1D", "prd": 4, "note": "Son haleine déchire"}'),
 (28, 'Globzoule', 4, '{"at": 8, "ev": 10, "pr": 1, "xp": 8, "cou": 6, "dmg": "1D*", "prd": 4, "note": "*si blessure, infection 80% Pour plus d''infos : voir bestiaire Succint"}'),
 (31, 'Castor mutant', 4, '{"at": 8, "ev": 20, "pr": 1, "xp": 8, "cou": 15, "dmg": "1D+2", "prd": 4, "note": "Crache de l''acide par les yeux : si dégâts, endommage l''amure PR-1"}'),
 (32, 'Castor ninja', 4, '{"at": 12, "ev": 8, "pr": 1, "xp": 8, "cou": 10, "dmg": "1D+4", "prd": 12, "note": "Cette vermine est armée d''un sabre !"}'),
 (33, 'Sanglier noir', 4, '{"at": 10, "ev": 25, "pr": 2, "xp": 16, "cou": 20, "dmg": "1D+4", "prd": 6, "note": "Parade impossible : esquive AD"}'),
 (34, 'Sanglier gagrouk', 4, '{"at": 12, "ev": 40, "pr": 3, "xp": 35, "cou": 20, "dmg": "1 D+6", "prd": 8, "note": "Combat spécial : gros animal, voir bestiaire avancé P. 26"}'),
 (35, 'Cochon mutant', 4, '{"at": 10, "ev": 30, "pr": 2, "xp": 18, "cou": 20, "dmg": "1 D+4", "prd": 6, "note": "Combat spécial : gros animal, voir bestiaire avancé P. 26"}'),
 (36, 'Licorne', 4, '{"at": 10, "ev": 25, "pr": 1, "xp": 18, "cou": 40, "dmg": "1 D+4", "prd": 6, "note": "Insensible à la magie — les sorts s''évanouissent avant de la toucher"}'),
 (37, 'Panthère', 4, '{"at": 14, "ev": 17, "pr": 1, "xp": 20, "cou": 13, "dmg": "1D+2", "prd": 4, "note": "MV : 2 fois plus rapide qu''un humain"}'),
 (38, 'Aurochs', 4, '{"at": 11, "ev": 40, "pr": 2, "xp": 20, "cou": 20, "dmg": "1 D+6", "prd": 7, "note": "Combat spécial : gros animal, voir bestiaire avancé P. 26"}'),
 (39, 'Crocodile adulte', 4, '{"at": 8, "ev": 24, "pr": 4, "xp": 25, "cou": 16, "dmg": "2D+2", "prd": 5, "note": "Frappe aussi avec sa queue : 1 D+2"}'),
 (40, 'Brebiphant', 4, '{"at": 8, "ev": 45, "pr": 3, "xp": 30, "cou": 14, "dmg": "2D+2", "prd": 6, "note": "Combat spécial : Voir supplément montures, P. 7"}'),
 (41, 'Dantragor musqué', 4, '{"at": 5, "ev": 70, "pr": 3, "xp": 35, "cou": 14, "dmg": "2D", "prd": 6, "note": "Combat spécial : gros animal, voir bestiaire avancé P. 26"}'),
 (42, 'Morshleg à poil long', 4, '{"at": 6, "ev": 72, "pr": 3, "xp": 38, "cou": 14, "dmg": "2D+2", "prd": 5, "note": "Combat spécial : gros animal, voir bestiaire avancé P. 26"}'),
 (4, 'Chef gobelin dément', 1, '{"at":13,"ev":18,"pr":3,"xp":12,"cou":10,"dmg":"1D+4","prd":null,"note":"AD 14, 2 fois plus rapide qu''un humain","traits":[{"traitId":10,"level":1},{"traitId":7,"level":1}]}'),
 (12, 'Chef Trogylork', 1, '{"at":12,"ev":25,"pr":4,"xp":15,"cou":12,"dmg":"1D+5","prd":null,"note":"Pour plus d''infos : voir bestiaire Succint"}'),
 (2, 'Gobelin costaud', 1, '{"at":10,"ev":15,"pr":3,"xp":8,"cou":7,"dmg":"1D+3","prd":8,"note":"","esq":null}'),
 (29, 'Rat pesteux', 4, '{"at":8,"ev":4,"pr":0,"xp":4,"cou":3,"dmg":"1D","prd":4,"note":"S''il parvient à mordre, chances d''infection 50%","esq":null}'),
 (30, 'Rat géant', 4, '{"at":9,"ev":10,"pr":1,"xp":8,"cou":8,"dmg":"1 D+1","prd":5,"note":"S''il parvient à mordre, chances d''infection 60%","esq":null}'),
 (43, 'Poulet nerveux', 5, '{"at": 10, "ev": 4, "pr": 0, "xp": 1, "cou": 3, "dmg": "1", "prd": 4, "note": "Frappe avec son bec, ses ailes et ses pattes, sur mains et visage"}'),
 (44, 'Chat', 5, '{"at": 14, "ev": 5, "pr": 0, "xp": 5, "cou": 15, "dmg": "1", "prd": 8, "note": "S''attaque aux parties découvertes, l''amure ne compte pas"}'),
 (45, 'Bouc en colère', 5, '{"at": 12, "ev": 10, "pr": 1, "xp": 3, "cou": 15, "dmg": "1D", "prd": 2, "note": "Parade impossible : esquive AD"}'),
 (46, 'Chapon fanghien mâle', 5, '{"at": 10, "ev": 30, "pr": 2, "xp": 10, "cou": 8, "dmg": "1 D+2", "prd": 6, "note": "Combat spécial : voir bestiaire avancé P. 27"}'),
 (47, 'Vache frustrée', 5, '{"at": 8, "ev": 25, "pr": 1, "xp": 8, "cou": 10, "dmg": "1 D+2", "prd": 3, "note": "Combat spécial : gros animal, voir bestiaire avancé P. 26"}'),
 (48, 'Araignée tranchante de base', 6, '{"at": 9, "ev": 18, "pr": 1, "xp": 10, "cou": 17, "dmg": "1D+2", "prd": 5, "note": "Pour plus d''infos : voir bestiaire succint"}'),
 (49, 'Tarentule des cavernes', 6, '{"at": 8, "ev": 30, "pr": 1, "xp": 15, "cou": 17, "dmg": "1 D+4*", "prd": 5, "note": "*Poison paralysant : chaque blessure AT/PRD/AD -1"}'),
 (50, 'Scorpion commun', 6, '{"at": 12, "ev": 2, "pr": 0, "xp": 5, "cou": 7, "dmg": "1D-1*", "prd": 0, "note": "*Poison : si blessure (armure percée) +1D6"}'),
 (51, 'Coccinelle berserk', 6, '{"at": 15, "pr": 0, "xp": 2, "cou": 1000, "dmg": "1", "prd": 0, "note": "On doit réussir une épreuve d''adresse pour l''écraser S''attaque aux parties découvertes, l''amure ne compte pas", "special": 1}'),
 (52, 'Blatte géante du Chaos', 6, '{"at": 11, "ev": 30, "pr": 3, "xp": 13, "cou": 15, "dmg": "1 D+2", "prd": 5, "note": "Pour plus d''infos : voir bestiaire succint"}'),
 (53, 'Cellule géante de base', 6, '{"at": 6, "ev": 40, "pr": 0, "xp": 15, "cou": 1000, "dmg": "1 D+3", "prd": 0, "note": "Combat spécial : voir bestiaire avancé P. 27"}'),
 (54, 'Dragon des cimes', 7, '{"at": 12, "ev": 35, "pr": 5, "xp": 30, "cou": 18, "dmg": "1D+6", "prd": 9, "note": "Combat spécial : voir bestiaire avancé P. 17"}'),
 (55, 'Jeune dragon de banlieue', 7, '{"at": 10, "ev": 50, "pr": 4, "xp": 35, "cou": 16, "dmg": "2D+4", "prd": 5, "note": "Combat spécial : voir bestiaire avancé P. 17"}'),
 (56, 'Jeune vouivre', 7, '{"at": 10, "ev": 80, "pr": 4, "xp": 100, "cou": 20, "dmg": "2D", "prd": 5, "note": "Combat spécial : voir bestiaire avancé P. 18"}'),
 (57, 'Jeune dragon des cavernes', 7, '{"at": 12, "ev": 100, "pr": 6, "xp": 150, "cou": 30, "dmg": "2D+4", "prd": 10, "note": "Combat spécial : voir bestiaire avancé P. 19"}'),
 (58, 'Hydre à 3 têtes', 7, '{"at": 16, "ev": 120, "pr": 6, "xp": 200, "cou": 30, "dmg": "2D+5", "prd": 10, "note": "Combat spécial : voir bestiaire avancé P. 28"}'),
 (59, 'Plante carnivore forestière', 8, '{"at": 10, "pr": 2, "dmg": "1D+2", "prd": 0, "note": "Combat spécial : voir bestiaire avancé P. 29", "special": 1}'),
 (60, 'Arbre cogneur de base', 8, '{"at": 8, "pr": 3, "dmg": "1 D+1", "prd": 5, "note": "Combat spécial : voir bestiaire avancé P. 29", "special": 1}'),
 (61, 'Coyote infernal', 9, '{"at": 11, "ev": 10, "pr": 1, "xp": 6, "cou": 6, "dmg": "1D+2", "prd": 5, "note": "Pour plus d''infos : voir Grimoire de l''Invocateur, P. 6"}'),
 (62, 'Sanglier infernal', 9, '{"at": 10, "ev": 25, "pr": 2, "xp": 16, "cou": 20, "dmg": "1D+4", "prd": 6, "note": "Pour plus d''infos : voir Grimoire de l''Invocateur, P. 15"}'),
 (63, 'Truiccube', 9, '{"at": 10, "ev": 30, "pr": 2, "xp": 20, "cou": 15, "dmg": "2D", "prd": 10, "note": "Pour plus d''infos : voir Grimoire de l''Invocateur, P. 23"}'),
 (64, 'Démone Lubrique', 9, '{"at": 12, "ev": 30, "pr": 1, "xp": 24, "cou": 11, "dmg": "2D", "prd": 10, "note": "Combat spécial : voir bestiaire avancé P. 30"}'),
 (65, 'Squelette de base', 10, '{"at": 8, "ev": 16, "pr": 0, "xp": 6, "cou": 1000, "dmg": "1D+1", "prd": 6, "note": "Armes tranchantes : -2 Armes contondantes : +2"}'),
 (66, 'Squelette de base en armure', 10, '{"at": 8, "ev": 16, "pr": 4, "xp": 9, "cou": 1000, "dmg": "1D+2", "prd": 7, "note": "Armes tranchantes : -2 Armes contondantes : +2"}'),
 (67, 'Zombie de base', 10, '{"at": 8, "ev": 20, "pr": 1, "xp": 6, "cou": 1000, "dmg": "1D+2", "prd": 0, "note": "Lent : il frappe un assaut sur deux"}'),
 (69, 'Mort-viv''orc de base', 10, '{"at": 9, "ev": 22, "pr": 2, "xp": 10, "cou": 1000, "dmg": "1 D+2", "prd": 0, "note": "Orque mort-vivant. Lent : il frappe un assaut sur deux"}'),
 (70, 'Goule de base', 10, '{"at": 8, "ev": 30, "pr": 1, "xp": 20, "cou": 1000, "dmg": "1D+4*", "prd": 4, "note": "*Poison de la goule : Vomissements, 1D/heure jusqu''à guérison"}'),
 (71, 'Liche en babouches', 10, '{"at": 9, "ev": 30, "pr": 2, "xp": 40, "cou": 20, "dmg": "1 D+4", "prd": 6, "note": "Combat spécial : voir bestiaire avancé P. 30"}'),
 (72, 'Liche de base', 10, '{"at": 10, "ev": 35, "pr": 3, "xp": 50, "cou": 20, "dmg": "1 D+5", "prd": 8, "note": "Combat spécial : voir bestiaire avancé P. 30"}'),
 (73, 'Golem de fer', 11, '{"at": 12, "ev": 60, "pr": 10, "xp": 100, "cou": 1000, "dmg": "2D+6", "prd": 8, "note": "Combat spécial : voir bestiaire avancé P. 16"}'),
 (74, 'Harpie de base', 11, '{"at": 10, "ev": 25, "pr": 3, "xp": 13, "cou": 10, "dmg": "1 D+5", "prd": 8, "note": "Frappe avec ses serres puissantes et vole. Bouge rapidement."}'),
 (75, 'Harpie des îles', 11, '{"at": 12, "ev": 30, "pr": 2, "xp": 25, "cou": 9, "dmg": "1 D+4", "prd": 12, "note": "Voir supplément Crique des pirates mauves"}'),
 (76, 'Harpie des îles, armée', 11, '{"at": 11, "ev": 30, "pr": 2, "xp": 25, "cou": 9, "dmg": "1 D+5", "prd": 11, "note": "Voir supplément Crique des pirates mauves"}'),
 (77, 'Nuée de mouches venimeuses', 11, '{"cou": 100, "dmg": "*", "note": "Combat spécial : voir bestiaire avancé P. 11", "special": 1}'),
 (78, 'Aigle de Rumilak', 11, '{"at": 10, "ev": 35, "pr": 2, "xp": 20, "cou": 15, "dmg": "1 D+4", "prd": 8, "note": "Plus d''infos : voir Grimoire de l''Invocateur, P. 18"}'),
 (79, 'Émentaire Rarhukhul', 11, '{"at": 10, "ev": 20, "pr": 3, "xp": 16, "cou": 20, "dmg": "1D+3", "prd": 9, "note": "Plus d''infos : voir Grimoire de l''Invocateur, P. 20"}'),
 (80, 'Gobelin flibustier', 12, '{"at": 8, "ev": 12, "pr": 2, "xp": 9, "cou": 6, "dmg": "1D+2", "prd": 6, "note": "Il commence le combat en tirant avec une arme à poudre"}'),
 (81, 'Gobelin flibustier costaud', 12, '{"at": 10, "ev": 18, "pr": 3, "xp": 12, "cou": 7, "dmg": "1D+3", "prd": 8, "note": "Il commence le combat en tirant avec une arme à poudre"}'),
 (82, 'Gobelin flibustier boss', 12, '{"at": 12, "ev": 22, "pr": 3, "xp": 18, "cou": 10, "dmg": "1D+5", "prd": 10, "note": "Il commence le combat en tirant avec une arme à poudre"}'),
 (83, 'Gobelin artificier', 12, '{"at": 8, "ev": 12, "pr": 3, "xp": 12, "cou": 6, "dmg": "1D+2", "prd": 6, "note": "Combat spécial : voir bestiaire avancé P. 3"}'),
 (84, 'Orque troupier d''assaut', 12, '{"at": 13, "ev": 35, "pr": 4, "xp": 40, "cou": 15, "dmg": "1 D+6", "prd": 8, "note": "Armé d''un fendoir d''assaut"}'),
 (85, 'Orque troupier défensif', 12, '{"at": 10, "ev": 40, "pr": 6, "xp": 40, "cou": 12, "dmg": "1 D+5", "prd": 12, "note": "Armé d''une hache et d''un bouclier"}'),
 (86, 'Orque d''élite 1', 12, '{"at": 12, "ev": 40, "pr": 4, "xp": 40, "cou": 14, "dmg": "1 D+5", "prd": 12, "note": "Armé d''un fendoir d''assaut et d''un bouclier"}'),
 (87, 'Orque d''élite 2', 12, '{"at": 14, "ev": 50, "pr": 5, "xp": 50, "cou": 13, "dmg": "1D+6", "prd": 12, "note": "Armé d''une épée à deux mains"}'),
 (88, 'Orque d''élite sur sanglier', 12, '{"at": 12, "ev": 40, "pr": 5, "xp": 40, "cou": 18, "dmg": "1 D+6", "prd": 6, "note": "Combat spécial : voir bestiaire avancé P. 12"}'),
 (89, 'Trogylork massif', 12, '{"at": 12, "ev": 40, "pr": 4, "xp": 50, "cou": 18, "dmg": "1D+7", "prd": 7, "note": "Pour plus d''infos : voir bestiaire Succint"}'),
 (90, 'Trogylork patriarche', 12, '{"at": 13, "ev": 50, "pr": 5, "xp": 55, "cou": 20, "dmg": "1D+7", "prd": 9, "note": "Pour plus d''infos : voir bestiaire Succint"}'),
 (91, 'Homme-Lézard brutal', 13, '{"at": 12, "ev": 40, "pr": 4, "xp": 40, "cou": 14, "dmg": "1 D+5", "prd": 12, "note": "Armé d''un fendoir d''assaut et d''un bouclier"}'),
 (92, 'Homme-Lézard cruel', 13, '{"at": 13, "ev": 35, "pr": 4, "xp": 40, "cou": 15, "dmg": "1 D+6", "prd": 8, "note": "Armé d''une épée barbelée"}'),
 (93, 'Homme-Lézard empoisonneur', 13, '{"at": 13, "ev": 35, "pr": 4, "xp": 45, "cou": 15, "dmg": "1 D+6", "prd": 8, "note": "Armé d''une lance empoisonnée (Tyruk du Marais)"}'),
 (94, 'Kobold aguerri', 13, '{"at": 16, "ev": 20, "pr": 2, "xp": 30, "cou": 10, "dmg": "1D+3", "prd": 10, "note": "Combat spécial : voir bestiaire avancé, P. 25"}'),
 (95, 'Kobold doyen', 13, '{"at": 16, "ev": 25, "pr": 4, "xp": 40, "cou": 12, "dmg": "1D+4", "prd": 14, "note": "Combat spécial : voir bestiaire avancé, P. 25"}'),
 (96, 'Troll de Kwzprtt de base', 14, '{"at": 9, "ev": 50, "pr": 4, "xp": 35, "cou": 18, "dmg": "2D+2", "prd": 6, "note": "Combat spécial : voir bestiaire avancé P. 4"}'),
 (97, 'Ogre mutant aguerri', 14, '{"at": 11, "ev": 65, "pr": 3, "xp": 60, "cou": 20, "dmg": "3D+2", "prd": 8, "note": "Combat spécial : voir bestiaire avancé P. 15"}'),
 (98, 'Vieux troll de Kwzprtt', 14, '{"at": 11, "ev": 70, "pr": 5, "xp": 60, "cou": 18, "dmg": "2D+5", "prd": 8, "note": "Combat spécial : voir bestiaire avancé P. 4"}'),
 (99, 'Troll berserk vétéran', 14, '{"at": 11, "ev": 65, "pr": 4, "xp": 70, "cou": 30, "dmg": "3D+6", "prd": 8, "note": "Combat spécial : voir bestiaire avancé P. 14"}'),
 (100, 'Troll géant aguerri', 14, '{"at": 12, "ev": 75, "pr": 6, "xp": 80, "cou": 20, "dmg": "3D+6", "prd": 6, "note": "Combat spécial : voir bestiaire avancé, P. 26"}'),
 (101, 'Jeune géant d''Altrouille', 14, '{"at": 7, "ev": 150, "pr": 4, "xp": 200, "cou": 30, "dmg": "5D", "prd": 4, "note": "Combat spécial : voir bestiaire avancé P. 14"}'),
 (102, 'Géant d''Altrouille aguerri', 14, '{"at": 10, "ev": 160, "pr": 4, "xp": 220, "cou": 40, "dmg": "6D", "prd": 5, "note": "Combat spécial : voir bestiaire avancé P. 14"}'),
 (103, 'Rat de Lamenoire', 15, '{"at": 9, "ev": 12, "pr": 1, "xp": 10, "cou": 10, "dmg": "1D+2", "prd": 5, "note": "S''il parvient à mordre, chances d''infection 50%"}'),
 (104, 'Crabe géant', 15, '{"at": 12, "ev": 15, "pr": 8, "xp": 20, "cou": 18, "dmg": "1 D+5", "prd": 7, "note": "Combat spécial : Voir supplément Crique des pirates mauves"}'),
 (105, 'Seigneur des crabes géants', 15, '{"at": 13, "ev": 50, "pr": 10, "xp": 60, "cou": 20, "dmg": "1 D+8", "prd": 8, "note": "Combat spécial : voir bestiaire avancé P. 3"}'),
 (106, 'Crocodile marin monstrueux', 15, '{"at": 14, "ev": 40, "pr": 4, "xp": 40, "cou": 16, "dmg": "2D+6", "prd": 8, "note": "Combat spécial : voir bestiaire avancé P. 6"}'),
 (107, 'Fourmis dévorag', 15, '{"cou": 100, "dmg": "*", "note": "Combat spécial : voir bestiaire avancé P. 2", "special": 1}'),
 (108, 'Globzoule argenté', 15, '{"at": 12, "ev": 22, "pr": 2, "xp": 20, "cou": 12, "dmg": "1 D+5", "prd": 10, "note": "Combat spécial : Voir supplément Crique des pirates mauves"}'),
 (109, 'Patriarche globzoule argenté', 15, '{"at": 14, "ev": 60, "pr": 4, "xp": 70, "cou": 12, "dmg": "2D+6", "prd": 12, "note": "Combat spécial : voir bestiaire avancé P. 16"}'),
 (110, 'Hippopogriffe', 15, '{"at": 8, "ev": 70, "pr": 5, "xp": 40, "cou": 25, "dmg": "2D+4", "prd": 4, "note": "PR: couche de graisse — charge parade impossible, il faut esquiver"}'),
 (111, 'Ouklaf géant', 15, '{"at": 12, "ev": 100, "pr": 4, "xp": 120, "cou": 16, "dmg": "3D+4", "prd": 5, "note": "Combat spécial : voir bestiaire avancé P. 4"}'),
 (112, 'Ptéranomoran', 15, '{"at": 12, "ev": 30, "pr": 3, "xp": 35, "cou": 15, "dmg": "1 D+6", "prd": 8, "note": "Voir supplément Crique des pirates mauves"}'),
 (113, 'Python mordeur des îles', 15, '{"at": 12, "ev": 20, "pr": 3, "xp": 25, "cou": 12, "dmg": "1 D+4", "prd": 8, "note": "Combat spécial : Voir supplément Crique des pirates mauves"}'),
 (114, 'Python mordeur dominant', 15, '{"at": 13, "ev": 35, "pr": 4, "xp": 40, "cou": 18, "dmg": "1 D+8", "prd": 10, "note": "Combat spécial : voir bestiaire avancé P. 6"}'),
 (115, 'Salamandre du volcan', 15, '{"at": 12, "ev": 30, "pr": 2, "xp": 30, "cou": 9, "dmg": "1D+4", "prd": 7, "note": "Combat spécial : voir bestiaire avancé P. 2"}'),
 (116, 'Scarabée-goliath tueur', 15, '{"at": 10, "ev": 20, "pr": 3, "xp": 18, "cou": 18, "dmg": "1 D+5", "prd": 0, "note": "Voir supplément Crique des pirates mauves"}'),
 (117, 'Scorpion géant', 15, '{"at": 12, "ev": 30, "pr": 5, "xp": 40, "cou": 17, "dmg": "1D+6", "prd": 8, "note": "Combat spécial : voir bestiaire avancé P. 9"}'),
 (118, 'Taïpan sauteur', 15, '{"at": 15, "ev": 5, "pr": 1, "xp": 20, "cou": 12, "dmg": "1 D+1", "prd": 12, "note": "Combat spécial : Voir supplément Crique des pirates mauves"}'),
 (119, 'Tigre d''Ammouka', 15, '{"at": 14, "ev": 35, "pr": 3, "xp": 40, "cou": 15, "dmg": "2D+2", "prd": 10, "note": "Voir supplément Crique des pirates mauves"}'),
 (120, 'Tigre d''Ammouka dominant', 15, '{"at": 15, "ev": 60, "pr": 4, "xp": 70, "cou": 18, "dmg": "2D+4", "prd": 12, "note": "Combat spécial : voir bestiaire avancé P. 13"}'),
 (121, 'Chapon fanghien femelle', 16, '{"at": 12, "ev": 35, "pr": 2, "xp": 25, "cou": 10, "dmg": "1D+4", "prd": 8, "note": "Combat spécial : voir bestiaire avancé P. 27"}'),
 (122, 'Chapon femelle aguerrie', 16, '{"at": 14, "ev": 45, "pr": 3, "xp": 35, "cou": 12, "dmg": "1D+6", "prd": 10, "note": "Combat spécial : voir bestiaire avancé P. 27"}'),
 (123, 'Hyppogriffe', 16, '{"at": 12, "ev": 50, "pr": 3, "xp": 50, "cou": 15, "dmg": "1 D+5", "prd": 10, "note": "Combat spécial : Voir supplément montures, P. 8"}'),
 (124, 'Griffon', 16, '{"at": 12, "ev": 85, "pr": 4, "xp": 90, "cou": 17, "dmg": "1 D+8", "prd": 10, "note": "Combat spécial : Voir supplément montures, P. 8"}'),
 (125, 'Manticore', 16, '{"at": 14, "ev": 100, "pr": 4, "xp": 130, "cou": 20, "dmg": "3D+4", "prd": 12, "note": "Combat spécial : Voir supplément montures, P. 8"}'),
 (126, 'Grosse tarentule des cavernes', 17, '{"at": 12, "ev": 30, "pr": 1, "xp": 45, "cou": 20, "dmg": "1D+6", "prd": 12, "note": "Combat spécial : voir bestiaire avancé P. 15"}'),
 (127, 'Araignée tranchante de jungle', 17, '{"at": 10, "ev": 25, "pr": 2, "xp": 15, "cou": 18, "dmg": "1 D+3", "prd": 7, "note": "Voir supplément Crique des pirates mauves"}'),
 (128, 'Mère des araignées tranchantes', 17, '{"at": 13, "ev": 60, "pr": 4, "xp": 70, "cou": 30, "dmg": "2D+4", "prd": 8, "note": "Combat spécial : voir bestiaire avancé P. 13"}'),
 (129, 'Cellule géante monstrueuse', 17, '{"at": 10, "ev": 60, "pr": 0, "xp": 35, "cou": 1000, "dmg": "1 D+8", "prd": 0, "note": "Combat spécial : voir bestiaire avancé P. 27"}'),
 (130, 'Millepattes monstrueux', 17, '{"at": 12, "ev": 40, "pr": 6, "xp": 50, "cou": 20, "dmg": "1 D+6", "prd": 8, "note": "Carapace épaisse, combat avec ses mandibules puissantes"}'),
 (131, 'Dragonne des cimes', 18, '{"at": 14, "ev": 50, "pr": 6, "xp": 60, "cou": 20, "dmg": "2D+3", "prd": 10, "note": "Combat spécial : voir bestiaire avancé P. 17"}'),
 (132, 'Dragon de banlieue adulte', 18, '{"at": 13, "ev": 65, "pr": 6, "xp": 60, "cou": 20, "dmg": "2D+8", "prd": 8, "note": "Combat spécial : voir bestiaire avancé P. 17"}'),
 (133, 'Dragon des grottes maritimes', 18, '{"at": 14, "ev": 80, "pr": 6, "xp": 70, "cou": 30, "dmg": "1D+6", "prd": 8, "note": "Combat spécial : voir bestiaire avancé P. 2"}'),
 (134, 'Vouivre adulte', 18, '{"at": 12, "ev": 120, "pr": 6, "xp": 140, "cou": 40, "dmg": "2D+4", "prd": 6, "note": "Combat spécial : voir bestiaire avancé P. 18"}'),
 (135, 'Dragon des cavernes adulte', 18, '{"at": 13, "ev": 140, "pr": 8, "xp": 200, "cou": 40, "dmg": "2D+6", "prd": 11, "note": "Combat spécial : voir bestiaire avancé P. 19"}'),
 (136, 'Jeune dragon noir', 18, '{"at": 12, "ev": 85, "pr": 7, "xp": 150, "cou": 20, "dmg": "3D+2", "prd": 8, "note": "Combat spécial : voir bestiaire avancé P. 20"}'),
 (137, 'Dragon rouge adulte', 18, '{"at": 12, "ev": 130, "pr": 5, "xp": 140, "cou": 20, "dmg": "2D+5", "prd": 8, "note": "Combat spécial : voir bestiaire avancé P. 21"}'),
 (138, 'Petit de dragon rouge', 18, '{"at": 10, "ev": 40, "pr": 5, "xp": 60, "cou": 15, "dmg": "1D+6", "prd": 10, "note": "Combat spécial : voir bestiaire avancé P. 21"}'),
 (139, 'Dragon mort-vivant', 18, '{"at": 11, "ev": 160, "pr": 10, "xp": 180, "cou": 100, "dmg": "3D+5", "prd": 6, "note": "Combat spécial : voir bestiaire avancé P. 23"}'),
 (140, 'Hydre à 5 têtes', 18, '{"at": 12, "ev": 200, "pr": 6, "xp": 300, "cou": 50, "dmg": "2D+6", "prd": 7, "note": "Combat spécial : voir bestiaire avancé P. 28"}'),
 (141, 'Orchidée-pieuvre', 19, '{"at": 10, "ev": 20, "pr": 3, "xp": 18, "cou": 18, "dmg": "1 D+5", "prd": 0, "note": "Combat spécial : voir bestiaire avancé P. 5"}'),
 (142, 'Plante carnivore de jungle', 19, '{"at": 12, "pr": 2, "dmg": "1D+6", "prd": 0, "note": "Combat spécial : voir bestiaire avancé P. 29", "special": 1}'),
 (143, 'Plante carnivore ancienne', 19, '{"at": 14, "pr": 2, "dmg": "2D+4", "prd": 0, "note": "Combat spécial : voir bestiaire avancé P. 29", "special": 1}'),
 (144, 'Arbre cogneur féroce', 19, '{"at": 12, "pr": 3, "dmg": "1D+3", "prd": 8, "note": "Combat spécial : voir bestiaire avancé P. 29", "special": 1}'),
 (145, 'Harpinette', 20, '{"at": 10, "ev": 19, "pr": 3, "xp": 12, "cou": 11, "dmg": "1D+3", "prd": 10, "note": "Plus d''infos : voir Grimoire de l''Invocateur, P. 14"}'),
 (146, 'Sommierax le Mécontent', 20, '{"at": 12, "ev": 30, "pr": 2, "xp": 20, "cou": 15, "dmg": "1D+5", "prd": 8, "note": "Plus d''infos : voir Grimoire de l''Invocateur, P. 24"}'),
 (147, 'Shalibukk', 20, '{"at": 12, "ev": 30, "pr": 2, "xp": 28, "cou": 16, "dmg": "1 D+5", "prd": 11, "note": "2 AT/assaut - Plus d''infos : voir Grimoire de l''Invocateur, P. 30"}'),
 (148, 'Dalmorg', 20, '{"at": 11, "ev": 40, "pr": 2, "xp": 40, "cou": 20, "dmg": "2D+2", "prd": 13, "note": "Ne craint par les armes classiques : voir bestiaire Succint"}'),
 (149, 'Moissonneuse des limbes', 20, '{"at": 12, "ev": 50, "pr": 4, "xp": 40, "cou": 30, "dmg": "2D+2", "prd": 0, "note": "Combat spécial : voir Grimoire de l''Invocateur, P. 32"}'),
 (150, 'Ghukkutuh', 20, '{"at": 11, "ev": 40, "pr": 2, "xp": 40, "cou": 20, "dmg": "2D+2", "prd": 13, "note": "Combat spécial : voir Grimoire de l''Invocateur, P. 33"}'),
 (151, 'Gorgauth', 20, '{"at": 13, "ev": 50, "pr": 2, "xp": 50, "cou": 20, "dmg": "2D+3", "prd": 15, "note": "Combat spécial : voir Grimoire de l''Invocateur, P. 38"}'),
 (152, 'Destrier démoniaque', 20, '{"at": 10, "ev": 60, "pr": 4, "xp": 65, "cou": 20, "dmg": "2D+4", "prd": 0, "note": "Combat spécial : Voir supplément montures, P. 4"}'),
 (153, 'Golbargh', 20, '{"at": 14, "ev": 90, "pr": 4, "xp": 120, "cou": 40, "dmg": "2D+4", "prd": 12, "note": "Combat spécial : voir Grimoire de l''Invocateur, P. 40"}'),
 (154, 'Démon Pazuzu', 20, '{"at": 12, "ev": 100, "pr": 4, "xp": 120, "cou": 20, "dmg": "1D+8", "prd": 12, "note": "Combat spécial : voir bestiaire avancé P. 9"}'),
 (155, 'Nécrophage frénétique', 21, '{"at": 12, "ev": 40, "pr": 2, "xp": 35, "cou": 1000, "dmg": "1 D+6", "prd": 6, "note": "Rapide et furieux, il frappe avec ses griffes puissantes"}'),
 (156, 'Zombie gris', 21, '{"at": 10, "ev": 25, "pr": 3, "xp": 20, "cou": 1000, "dmg": "1 D+5", "prd": 0, "note": "Combat spécial : voir bestiaire avancé P. 10"}'),
 (157, 'Zombie costaud', 21, '{"at": 10, "ev": 30, "pr": 2, "xp": 25, "cou": 1000, "dmg": "1D+4", "prd": 0, "note": "Lent : il frappe un assaut sur deux"}'),
 (158, 'Ogre zombie', 21, '{"at": 12, "ev": 45, "pr": 2, "xp": 40, "cou": 1000, "dmg": "1D+8", "prd": 0, "note": "Lent : il frappe un assaut sur deux"}'),
 (199, 'Ogre garde du corps', 26, '{"at": 8, "ev": 40, "pr": 3, "xp": 28, "cou": 22, "dmg": "2D+4", "prd": 5, "note": "FO 18, AD 8, marteau géant", "resm": 10}'),
 (159, 'Gros squelette en armure', 21, '{"at": 13, "ev": 25, "pr": 4, "xp": 30, "cou": 1000, "dmg": "1 D+5", "prd": 6, "note": "Armée d''une épée et d''un bouclier, rapide mais stupide"}'),
 (160, 'Troll zombie', 21, '{"at": 11, "ev": 50, "pr": 5, "xp": 35, "cou": 20, "dmg": "3D+2", "prd": 0, "note": "Lent : il frappe un assaut sur deux"}'),
 (161, 'Horreur de chair', 21, '{"at": 12, "ev": 70, "pr": 4, "xp": 80, "cou": 20, "dmg": "2D+5", "prd": 9, "note": "Combat spécial : voir bestiaire avancé P. 6"}'),
 (162, 'Liche impressionnante', 21, '{"at": 12, "ev": 40, "pr": 4, "xp": 55, "cou": 20, "dmg": "1D+6", "prd": 10, "note": "Combat spécial : voir bestiaire avancé P. 30"}'),
 (163, 'Liche célèbre et cruelle', 21, '{"at": 12, "ev": 50, "pr": 5, "xp": 80, "cou": 20, "dmg": "1D+7", "prd": 10, "note": "Combat spécial : voir bestiaire avancé P. 30"}'),
 (164, 'Liche grise des caveaux', 21, '{"at": 10, "ev": 70, "pr": 4, "xp": 90, "cou": 20, "dmg": "1 D+4", "prd": 8, "note": "Combat spécial : voir bestiaire avancé P. 10"}'),
 (165, 'Loup-garou', 23, '{"at": 12, "ev": 40, "pr": 2, "xp": 40, "cou": 20, "dmg": "2D+2", "prd": 8, "note": "Insensible aux armes classiques — magique ou argent uniquement"}'),
 (166, 'Serpent de feu', 23, '{"at": 12, "ev": 15, "pr": 1, "xp": 18, "cou": 25, "dmg": "1D+2", "prd": 8, "note": "Plus d''infos : voir Grimoire de l''Invocateur, P. 21"}'),
 (167, 'Taupe-Garou géante', 23, '{"at": 10, "ev": 40, "pr": 2, "xp": 35, "cou": 20, "dmg": "2D+3", "prd": 4, "note": "Ce monstre n''est pas beau, et ça l''énerve"}'),
 (168, 'Nuée de criquets du Chaos', 23, '{"pr": 2, "xp": 20, "dmg": "*", "note": "Combat spécial : voir Grimoire de l''Invocateur, P. 36", "special": 1}'),
 (169, 'Créature des glaces', 23, '{"at": 11, "ev": 40, "pr": 2, "xp": 22, "cou": 15, "dmg": "1 D+4", "prd": 7, "note": "Plus d''infos : voir Grimoire de l''Invocateur, P. 19"}'),
 (170, 'Phoenix', 23, '{"at": 12, "pr": 1, "xp": 30, "cou": 15, "dmg": "1D+2", "prd": 10, "note": "Plus d''infos : voir Grimoire de l''Invocateur, P. 22", "special": 1}'),
 (171, 'Golem de terre étrange', 23, '{"at": 12, "ev": 70, "pr": 5, "xp": 80, "cou": 20, "dmg": "3D+5", "prd": 10, "note": "Combat spécial : voir bestiaire avancé P. 9"}'),
 (172, 'Golem de pierre puissant', 23, '{"at": 12, "ev": 70, "pr": 10, "xp": 100, "cou": 20, "dmg": "3D+5", "prd": 10, "note": "Combat spécial : voir bestiaire avancé P. 24"}'),
 (173, 'Géant d''Altrouille puissant', 24, '{"at": 12, "ev": 180, "pr": 5, "xp": 250, "cou": 50, "dmg": "6D+4", "prd": 6, "note": "Combat spécial : voir bestiaire avancé P. 14"}'),
 (174, 'Dragon noir adulte', 25, '{"at": 14, "ev": 120, "pr": 9, "xp": 170, "cou": 40, "dmg": "3D+4", "prd": 10, "note": "Combat spécial : voir bestiaire avancé P. 20"}'),
 (175, 'Vouivre ancienne', 25, '{"at": 14, "ev": 160, "pr": 8, "xp": 200, "cou": 60, "dmg": "3D+4", "prd": 8, "note": "Combat spécial : voir bestiaire avancé P. 18"}'),
 (176, 'Dragon doré adulte', 25, '{"at": 12, "ev": 180, "pr": 12, "xp": 230, "cou": 60, "dmg": "4D+5", "prd": 12, "note": "Combat spécial : voir bestiaire avancé P. 22"}'),
 (177, 'Dragon des cavernes ancien', 25, '{"at": 15, "ev": 200, "pr": 10, "xp": 250, "cou": 60, "dmg": "3D+6", "prd": 12, "note": "Combat spécial : voir bestiaire avancé P. 19"}'),
 (178, 'Dragon noir ancien', 25, '{"at": 16, "ev": 170, "pr": 12, "xp": 250, "cou": 60, "dmg": "3D+8", "prd": 10, "note": "Combat spécial : voir bestiaire avancé P. 20"}'),
 (179, 'Dragon doré ancien', 25, '{"at": 15, "ev": 220, "pr": 15, "xp": 300, "cou": 100, "dmg": "4D+5", "prd": 13, "note": "Combat spécial : voir bestiaire avancé P. 22"}'),
 (180, 'Hydre à 7 têtes', 25, '{"at": 13, "ev": 280, "pr": 7, "xp": 400, "cou": 80, "dmg": "3D+4", "prd": 8, "note": "Combat spécial : voir bestiaire avancé P. 28"}'),
 (181, 'Mendiant 1', 26, '{"at": 5, "ev": 15, "pr": 1, "xp": 5, "cou": 5, "dmg": "2", "prd": 5, "note": "Combat à mains nues", "resm": 8}'),
 (182, 'Mendiant 2', 26, '{"at": 6, "ev": 13, "pr": 1, "xp": 5, "cou": 4, "dmg": "1D+1", "prd": 3, "note": "Armé d''une canne", "resm": 8}'),
 (186, 'Ivrogne 4', 26, '{"at": 7, "ev": 12, "pr": 1, "xp": 6, "cou": 7, "dmg": "1D+1", "prd": 6, "note": "Armé d''une poèle décorative", "resm": 8}'),
 (190, 'Garde 2 village', 26, '{"at": 11, "ev": 17, "pr": 3, "xp": 10, "cou": 13, "dmg": "1 D+2", "prd": 9, "note": "Armé d''une épée/bouclier", "resm": 8}'),
 (191, 'Brigand de base 2', 26, '{"at": 8, "ev": 18, "pr": 2, "xp": 10, "cou": 8, "dmg": "1 D+3", "prd": 6, "note": "Armé d''un arc et d''une dague - AD 11", "resm": 8}'),
 (194, 'Chef garde village', 26, '{"at": 11, "ev": 20, "pr": 3, "xp": 13, "cou": 12, "dmg": "1 D+4", "prd": 10, "note": "Armé d''une hallebarde 2 mains - FO 13", "resm": 8}'),
 (195, 'Chef des brigands 2', 26, '{"at": 10, "ev": 25, "pr": 4, "xp": 18, "cou": 14, "dmg": "1D+4", "prd": 13, "note": "Équipé d''un bouclier", "resm": 8}'),
 (196, 'Chef des brigands 1', 26, '{"at": 10, "ev": 25, "pr": 3, "xp": 20, "cou": 14, "dmg": "1D+3", "prd": 13, "note": "Deux épées courtes - 2AT/assaut - AD 14", "resm": 8}'),
 (197, 'Ogre gardien', 26, '{"at": 8, "ev": 45, "pr": 4, "xp": 25, "cou": 25, "dmg": "2D", "prd": 4, "note": "Cobat à mains nues (poings, pieds)", "resm": 8}'),
 (184, 'Ivrogne 2', 26, '{"at":7,"ev":14,"pr":1,"xp":6,"cou":8,"dmg":"1D+2","prd":5,"note":"","resm":8,"esq":null}'),
 (183, 'Ivrogne 1', 26, '{"at":6,"ev":13,"pr":1,"xp":6,"cou":8,"dmg":"1D+1","prd":5,"note":"","resm":8,"esq":null}'),
 (187, 'Patron d''auberge', 26, '{"at":9,"ev":14,"pr":1,"xp":7,"cou":10,"dmg":"1D+2","prd":7,"note":"Armé d''un gourdin à clous","resm":8,"esq":null}'),
 (188, 'Brigand de base 1', 26, '{"at":9,"ev":18,"pr":2,"xp":8,"cou":8,"dmg":"1D+2","prd":9,"note":"Armé d''une épée","resm":8,"esq":null}'),
 (189, 'Garde 1 village', 26, '{"at":10,"ev":20,"pr":3,"xp":10,"cou":12,"dmg":"1D+3","prd":8,"note":"Armé d''une lance/bouclier","resm":8,"esq":null}'),
 (192, 'Garde 3 village', 26, '{"at":10,"ev":19,"pr":3,"xp":11,"cou":11,"dmg":"1D+2","prd":10,"note":"Armé d''une épée rouillée","resm":8,"esq":null}'),
 (193, 'Garde 4 village', 26, '{"at":8,"ev":20,"pr":3,"xp":12,"cou":12,"dmg":"2D+2","prd":10,"note":"Armé d''une hallebarde 2 mains","resm":8,"esq":null}'),
 (198, 'Grand gladiateur stupide', 26, '{"at":10,"ev":45,"pr":3,"xp":30,"cou":20,"dmg":"2D+3","prd":6,"note":"Armé d''une grosse hache","resm":8,"esq":null}'),
 (200, 'Garde zélé', 26, '{"at": 11, "ev": 30, "pr": 4, "xp": 30, "cou": 14, "dmg": "1D+4", "prd": 13, "note": "Armé d''une épée courte", "resm": 10}'),
 (201, 'Mercenaire errant 1', 26, '{"at": 12, "ev": 35, "pr": 5, "xp": 38, "cou": 16, "dmg": "1D+5", "prd": 11, "note": "Armé d''une épée de qualité et bouclier", "resm": 10}'),
 (202, 'Mercenaire errant 2', 26, '{"at": 13, "ev": 40, "pr": 4, "xp": 38, "cou": 16, "dmg": "1 D+5", "prd": 10, "note": "Armé d''un sabre bien aiguisé", "resm": 10}'),
 (203, 'Mercenaire errant 3', 26, '{"at": 12, "ev": 45, "pr": 5, "xp": 42, "cou": 16, "dmg": "1D+6", "prd": 12, "note": "Armé d''une masse enchantée", "resm": 10}'),
 (204, 'Guerrier maudit 1', 26, '{"at": 12, "ev": 40, "pr": 5, "xp": 40, "cou": 18, "dmg": "2D+2", "prd": 12, "note": "Arme à deux mains et bonne armure", "resm": 10}'),
 (205, 'Guerrier maudit 2', 26, '{"at": 12, "ev": 40, "pr": 6, "xp": 40, "cou": 18, "dmg": "1D+6", "prd": 12, "note": "Armé d''une épée et d''un bouclier", "resm": 10}'),
 (206, 'Sargent des gardes', 26, '{"at": 14, "ev": 45, "pr": 4, "xp": 45, "cou": 18, "dmg": "2D+2", "prd": 12, "note": "Arme à deux mains, résistance magie : 13", "resm": 10}'),
 (207, 'Cultiste gardien', 26, '{"at": 12, "ev": 50, "pr": 5, "xp": 50, "cou": 18, "dmg": "2D+2", "prd": 14, "note": "Équipé d''une hallebarde et d''une bonne armure", "resm": 10}'),
 (208, 'Clipitaine des gardes', 26, '{"at": 14, "ev": 50, "pr": 5, "xp": 50, "cou": 18, "dmg": "1 D+6", "prd": 14, "note": "Armé d''une très bonne épée et d''un bouclier, bonne armure", "resm": 10}'),
 (209, 'Ninja carriériste', 26, '{"at": 15, "ev": 45, "pr": 3, "xp": 60, "cou": 14, "dmg": "1D+5*", "prd": 12, "note": "Armé de deux sabres, le ninja peut attaquer et parer 2 fois par assaut. A distance : équipez votre ninja de sarbacane + poison au choix, de shurik n 1 D+5 — AD : 16", "resm": 10}'),
 (210, 'Kobold d''égoût aguerri', 26, '{"at": 16, "ev": 20, "pr": 2, "xp": 30, "cou": 10, "dmg": "1 D+3", "prd": 10, "note": "Combat spécial : voir bestiaire avancé, P. 25", "resm": 12}'),
 (211, 'Kobold d''égoût doyen', 26, '{"at": 16, "ev": 25, "pr": 4, "xp": 40, "cou": 12, "dmg": "1 D+4", "prd": 14, "note": "Combat spécial : voir bestiaire avancé, P. 25", "resm": 12}'),
 (212, 'Loup-garou citadin', 26, '{"at": 10, "ev": 40, "pr": 2, "xp": 40, "cou": 20, "dmg": "2D+3", "prd": 4, "note": "Insensible aux armes classiques — magique ou argent uniquement", "resm": 12}'),
 (213, 'Prêtre de Niourgl', 26, '{"at": 12, "ev": 30, "pr": 3, "xp": 35, "cou": 14, "dmg": "1D+4", "prd": 11, "note": "Inflige des maladies de façon instantanée quand il blesse", "resm": 12}'),
 (214, 'Paladin de Khornettoh', 26, '{"at": 14, "ev": 40, "pr": 5, "xp": 50, "cou": 18, "dmg": "1D+6", "prd": 10, "note": "Lance des prodiges jusqu''au niveau 5 (voir Manuel du Paladin de Khornettoh)", "resm": 12}'),
 (215, 'Guerrier purul de Niourgl', 26, '{"at": 13, "ev": 35, "pr": 4, "xp": 40, "cou": 14, "dmg": "1D+5", "prd": 11, "note": "Toutes ses blessures ont 100% de chances de s''infecter", "resm": 12}'),
 (216, 'Mage teigneux', 26, '{"at": 12, "ea": 35, "ev": 40, "pr": 3, "xp": 50, "cou": 16, "dmg": "1D+5", "prd": 10, "note": "Lance des sorts de combat de niveau 1 à 5 (PA : 35) — INT : 14", "resm": 12}'),
 (217, 'Guerrier cultiste', 26, '{"at": 10, "ea": 40, "ev": 40, "pr": 3, "xp": 35, "cou": 12, "dmg": "1 D+5", "prd": 10, "note": "Peut lancer des prodiges de niveau 1 à 4 (PA : 40) — CHA : 13", "resm": 12}'),
 (218, 'Grand Prêtre cultiste', 26, '{"at": 12, "ea": 40, "ev": 55, "pr": 5, "xp": 65, "cou": 16, "dmg": "1 D+5", "prd": 11, "note": "Peut lancer des prodiges de niveau 1 à 7 (PA : 40) — CHA : 15", "resm": 12}'),
 (219, 'Mercenaire offensif', 26, '{"at": 15, "ev": 65, "pr": 6, "xp": 80, "cou": 18, "dmg": "2D+6", "prd": 10, "note": "Combat spécial : voir bestiaire avancé P. 24", "resm": 13}'),
 (220, 'Mercenaire défensif', 26, '{"at": 12, "ev": 80, "pr": 10, "xp": 80, "cou": 20, "dmg": "2D+3", "prd": 14, "note": "Combat spécial : voir bestiaire avancé P. 24", "resm": 13}'),
 (221, 'Mercenaire assassin', 26, '{"at": 16, "ev": 45, "pr": 4, "xp": 60, "cou": 20, "dmg": "2D+6", "prd": 12, "note": "Combat spécial : voir bestiaire avancé P. 24", "resm": 13}'),
 (222, 'Chef guilde des voleurs', 26, '{"at": 14, "ev": 55, "pr": 6, "xp": 80, "cou": 18, "dmg": "1 D+8*", "prd": 14, "note": "*Dague magique, Couardise absolue : il peut se rendre invisible à volonté à l''aide d''une cape spéciale", "resm": 13}'),
 (223, 'Ogre mutant d''élite', 26, '{"at": 14, "ev": 90, "pr": 4, "xp": 80, "cou": 40, "dmg": "3D+4", "prd": 12, "note": "énorme hache — amulette de protection contre la magie (dégâts -4)", "resm": 13}'),
 (224, 'Gladiateur, garde vétéran', 26, '{"at": 15, "ev": 60, "pr": 4, "xp": 80, "cou": 18, "dmg": "3D+4", "prd": 13, "note": "Il a déjà survécu à de nombreux combats, bien équipé. A distance : en cours de combat, il peut tirer des lames de jet de petits étuis cachés : AD 14, 1 D+5", "resm": 13}'),
 (225, 'Archer d''élite du palais', 26, '{"at": 16, "ev": 75, "pr": 5, "xp": 80, "cou": 18, "dmg": "1 D+8", "prd": 11, "note": "Combat spécial : voir bestiaire avancé P. 31", "resm": 13}'),
 (226, 'Garde d''élite du palais', 26, '{"at": 15, "ev": 90, "pr": 7, "xp": 100, "cou": 18, "dmg": "1D+10", "prd": 13, "note": "Combat spécial : voir bestiaire avancé P. 31", "resm": 13}'),
 (227, 'Commandant de la garde', 26, '{"at": 16, "ev": 90, "pr": 12, "xp": 150, "cou": 20, "dmg": "2D+8", "prd": 16, "note": "Combat spécial : voir bestiaire avancé P. 31", "resm": 13}'),
 (228, 'Responsable du culte', 27, '{"at": 14, "ev": 70, "pr": 8, "xp": 100, "cou": 20, "dmg": "2D+5", "prd": 12, "note": "Peut lancer tous les prodiges d''un manuel de prêtrise, s''entoure de guerriers", "resm": 15}'),
 (230, 'Mage du feu irascible', 27, '{"at": 14, "ev": 70, "pr": 6, "xp": 120, "cou": 18, "dmg": "2D+2", "prd": 13, "note": "Combat spécial : voir bestiaire avancé P. 32", "resm": 15}'),
 (231, 'Mage métamorphe volant', 27, '{"at": 12, "ev": 70, "pr": 6, "xp": 80, "cou": 15, "dmg": "1 D+5", "prd": 11, "note": "Combat spécial : voir bestiaire avancé P. 32", "resm": 15}'),
 (232, 'Nécromancien redoutable', 27, '{"at": 12, "ev": 80, "pr": 8, "xp": 120, "cou": 12, "dmg": "1 D+6", "prd": 12, "note": "Combat spécial : voir bestiaire avancé P. 32", "resm": 15}'),
 (233, 'Invocatrice renommée', 27, '{"at": 12, "ev": 65, "pr": 6, "xp": 90, "cou": 12, "dmg": "1D+6", "prd": 14, "note": "Combat spécial : voir bestiaire avancé P. 32", "resm": 15}'),
 (234, 'Gourga le Haut', 28, '{"at": 15, "ev": 95, "pr": 4, "xp": 140, "cou": 20, "dmg": "1D+8", "prd": 14, "note": "Combat spécial : voir bestiaire avancé P. 7", "resm": 13}'),
 (235, 'Throd le Massif', 28, '{"at": 15, "ev": 80, "pr": 3, "xp": 120, "cou": 20, "dmg": "2D+5", "prd": 12, "note": "Combat spécial : voir bestiaire avancé P. 7", "resm": 13}'),
 (236, 'Yor le Bourrin', 28, '{"at": 13, "ev": 80, "pr": 4, "xp": 120, "cou": 20, "dmg": "2D+5", "prd": 11, "note": "Combat spécial : voir bestiaire avancé P. 7", "resm": 13}'),
 (237, 'Kyrn le Véloce', 28, '{"at": 15, "ev": 65, "pr": 3, "xp": 90, "cou": 18, "dmg": "1 D+6", "prd": 14, "note": "Combat spécial : voir bestiaire avancé P. 7", "resm": 13}'),
 (238, 'Zrag le Berserk', 28, '{"at": 16, "ev": 85, "pr": 4, "xp": 110, "cou": 50, "dmg": "1 D+8", "prd": 8, "note": "Combat spécial : voir bestiaire avancé P. 8", "resm": 13}'),
 (239, 'Lili la Guerrière', 28, '{"at": 13, "ev": 50, "pr": 5, "xp": 60, "cou": 16, "dmg": "1 D+6", "prd": 12, "note": "Combat spécial : voir bestiaire avancé P. 8", "resm": 13}'),
 (240, 'Gruh Cyclope', 28, '{"at": 15, "ev": 95, "pr": 4, "xp": 150, "cou": 50, "dmg": "2D+8", "prd": 12, "note": "Combat spécial : voir bestiaire avancé P. 8", "resm": 13}'),
 (241, 'Nounouk', 28, '{"at": 13, "ev": 80, "pr": 4, "xp": 100, "cou": 20, "dmg": "2D+3", "prd": 11, "note": "Combat spécial : voir bestiaire avancé P. 8", "resm": 13}'),
 (242, 'Gros guerrier chaotique', 29, '{"at": 14, "ev": 80, "pr": 8, "xp": 100, "cou": 20, "dmg": "2D+5", "prd": 12, "note": "Combat spécial : voir bestiaire avancé P. 9", "resm": 10}'),
 (243, 'Cavalier maudit', 29, '{"at": 12, "ev": 50, "pr": 6, "xp": 115, "cou": 18, "dmg": "1 D+7", "prd": 6, "note": "Combat spécial : voir bestiaire avancé P. 10", "resm": 10}'),
 (244, 'Guerrier maudit corrompu', 29, '{"at": 13, "ev": 55, "pr": 6, "xp": 60, "cou": 18, "dmg": "2D+4", "prd": 12, "note": "Arme à deux mains et bonne armure", "resm": 10}'),
 (245, 'Guerrier soufflemort', 29, '{"at": 14, "ev": 40, "pr": 3, "xp": 60, "cou": 18, "dmg": "2D+6", "prd": 10, "note": "Assassin du chaos : dégâts X2 en attaque « frapper lâchement »", "resm": 10}'),
 (246, 'Champion de Khornettoh', 29, '{"at": 15, "ev": 90, "pr": 10, "xp": 130, "cou": 30, "dmg": "2D+8", "prd": 14, "note": "+3 coups spéciaux au choix et 3 pouvoirs de Khornettoh", "resm": 13}'),
 (247, 'Garde d''élite de Gzor', 30, '{"at": 13, "ev": 60, "pr": 8, "xp": 60, "cou": 30, "dmg": "1D+8", "prd": 12, "note": "Possède une armure et une arme enchantées corrompues", "resm": 13}'),
 (248, 'Nogrok troupier de Gzor', 30, '{"at": 12, "ev": 70, "pr": 7, "xp": 65, "cou": 40, "dmg": "2D+4", "prd": 12, "note": "Armé d''une masse gigantesque, grosse armure", "resm": 13}'),
 (249, 'Nogrok d''assaut de Gzor', 30, '{"at": 14, "ev": 90, "pr": 6, "xp": 90, "cou": 40, "dmg": "3D+4", "prd": 12, "note": "Armé d''une énorme hache, grosse armure", "resm": 13}'),
 (250, 'Homme-bête de Gzor', 30, '{"at": 13, "ev": 40, "pr": 4, "xp": 38, "cou": 16, "dmg": "1D+5", "prd": 10, "note": "Armé d''un sabre bien aiguisé", "resm": 13}'),
 (251, 'Homme-bête d''assaut', 30, '{"at": 15, "ev": 65, "pr": 6, "xp": 80, "cou": 18, "dmg": "2D+6", "prd": 10, "note": "+2 coups spéciaux au choix", "resm": 13}'),
 (252, 'Pirate ivrogne 1', 31, '{"at": 7, "ev": 15, "pr": 1, "xp": 6, "cou": 8, "dmg": "1D+2", "prd": 5, "note": "Armé d''un tesson de bouteille", "resm": 8}'),
 (253, 'Pirate ivrogne 2', 31, '{"at": 7, "ev": 12, "pr": 1, "xp": 6, "cou": 7, "dmg": "1D+1", "prd": 6, "note": "Armé d''un gourdin", "resm": 8}'),
 (254, 'Pirate novice 1', 31, '{"at": 10, "ev": 20, "pr": 2, "xp": 12, "cou": 12, "dmg": "1D+3", "prd": 8, "note": "Armé d''un sabre", "resm": 8}'),
 (255, 'Pirate novice 2', 31, '{"at": 9, "ev": 22, "pr": 2, "xp": 13, "cou": 12, "dmg": "1D+4", "prd": 7, "note": "Armé d''un harpon aiguisé", "resm": 8}'),
 (256, 'Pirate novice 3 archer', 31, '{"at": 11, "ev": 20, "pr": 2, "xp": 13, "cou": 12, "dmg": "1 D+2", "prd": 8, "note": "Armé d''une dague / Arc : 1 D+3, AD : 9", "resm": 8}'),
 (257, 'Pirate combatif 1', 32, '{"at": 11, "ev": 30, "pr": 4, "xp": 32, "cou": 13, "dmg": "1 D+5", "prd": 13, "note": "Armé d''un sabre bien aiguisé", "resm": 10}'),
 (258, 'Pirate combatif 2 archer', 32, '{"at": 13, "ev": 30, "pr": 3, "xp": 32, "cou": 12, "dmg": "1D+4", "prd": 10, "note": "Armé d''une dague / Arc : 1D+4, AD : 12", "resm": 10}'),
 (259, 'Pirate combatif chef', 32, '{"at": 14, "ev": 45, "pr": 4, "xp": 45, "cou": 15, "dmg": "2D+2", "prd": 12, "note": "Armé d''un sabre enchanté", "resm": 10}'),
 (260, 'Pirate vétéran 1', 33, '{"at": 14, "ev": 55, "pr": 6, "xp": 80, "cou": 16, "dmg": "1D+6", "prd": 14, "note": "Armé d''un sabre enchanté +1 arme à poudre / armure inclut 2 PR magique", "resm": 13}'),
 (261, 'Pirate vétéran 2', 33, '{"at": 15, "ev": 60, "pr": 5, "xp": 90, "cou": 16, "dmg": "2D+4", "prd": 12, "note": "Armé d''une hache 2 mains +1 arme à poudre / armure inclut 2 PR magique", "resm": 13}'),
 (262, 'Pirate vétéran 3', 33, '{"at": 15, "ev": 90, "pr": 6, "xp": 100, "cou": 18, "dmg": "1 D+8", "prd": 13, "note": "Armé d''un sabre enchanté +1 arme à poudre / armure inclut 2 PR magique", "resm": 13}'),
 (1, 'Gobelin', 1, '{"at":8,"ev":12,"pr":2,"xp":5,"cou":5,"dmg":"1D+2","prd":null,"note":"","traits":[],"esq":null}'),
 (3, 'Gobelin ninja', 1, '{"at":12,"ev":14,"pr":1,"xp":10,"cou":7,"dmg":"1D+3","prd":null,"note":"AD 14, 2 fois plus rapide qu''un humain","traits":[{"traitId":10,"level":1},{"traitId":7,"level":1}]}'),
 (264, 'Guerrier gobelin', 1, '{"esq":null,"prd":12,"at":14,"ev":22,"pr":"3","cou":"12","resm":10,"dmg":"1D+5 (Lance)","xp":18}'),
 (263, 'Picmaje', 15, '{"at":11,"ev":4,"pr":0,"xp":5,"cou":18,"dmg":"1D(bec)","prd":0,"note":"","esq":null,"resm":4}'),
 (229, 'Mage célèbre et cruel', 27, '{"at":12,"ev":50,"pr":4,"xp":80,"cou":17,"dmg":"2D+2","prd":null,"note":"Combat spécial : voir bestiaire avancé P. 32","resm":15}'),
 (266, 'Passant énervé 1', 26, '{"esq":null,"at":7,"ev":14,"pr":"1","cou":"7","resm":8,"dmg":"1D+1","xp":7,"note":"Armé d''un pied de chaise"}'),
 (267, 'Passant énervé 2', 26, '{"esq":null,"at":7,"ev":12,"pr":"1","cou":"7","resm":8,"dmg":"1D+1","xp":6,"note":"Armé d''une poèle décorative","prd":6}'),
 (269, 'Ivrogne de taverne 2', 26, '{"esq":null,"prd":5,"at":7,"ev":14,"pr":"1","cou":"9","resm":7,"dmg":"1D+2","xp":7,"note":"Arme d''un tesson de bouteille"}'),
 (270, 'Ivrogne de taverne 3', 26, '{"esq":null,"prd":7,"at":8,"ev":14,"pr":"1","cou":"8","resm":7,"dmg":"1D+1","xp":7,"note":"Armée d''un pied de chaise"}'),
 (268, 'Ivrogne de taverne 1', 26, '{"esq":null,"prd":null,"at":6,"ev":15,"pr":"1","cou":"8","resm":7,"dmg":"1D+1","xp":6,"note":"Armé d''un Tabouret"}'),
 (271, 'Gros patron d''auberge', 26, '{"esq":null,"prd":7,"at":9,"ev":25,"pr":"2","cou":"12","resm":9,"dmg":"1D+3","xp":13,"note":"Arme: Battoir"}'),
 (272, 'Client d''auberge costaud', 26, '{"esq":null,"prd":8,"at":8,"ev":28,"pr":"1","cou":"10","resm":8,"dmg":"1+D2","note":"Arme: Dague","xp":12}'),
 (273, 'Paysan énervé', 26, '{"esq":null,"prd":6,"at":8,"ev":20,"pr":"1","cou":"9","resm":8,"dmg":"1D+3","xp":12,"note":"Arme: Faucille"}'),
 (274, 'Vigile de boutique novice', 26, '{"esq":null,"prd":8,"at":10,"ev":25,"pr":"33","cou":"10","resm":10,"dmg":"1D+4","xp":16,"note":"Arme: Épée"}'),
 (275, 'Commercant fâché', 26, '{"esq":null,"prd":7,"at":8,"ev":22,"pr":"1","cou":"8","resm":8,"dmg":"1D+3","xp":12,"note":"Arme: Rapière"}'),
 (276, 'Vigile de boutique', 26, '{"esq":null,"prd":12,"at":12,"ev":30,"pr":"3","cou":"12","resm":12,"dmg":"1D+5","xp":20,"note":"Arme: Hache"}'),
 (277, 'Milicien rural 1', 26, '{"esq":null,"prd":8,"at":10,"ev":20,"pr":"3","cou":"12","resm":8,"dmg":"1D+3","xp":12,"note":"Lance et bouclier"}'),
 (278, 'Milicien rural 2', 26, '{"esq":null,"prd":9,"at":11,"ev":17,"pr":"3","cou":"13","resm":8,"dmg":"1D+2","xp":10,"note":"Épée et bouclier"}'),
 (282, 'Inigo Montoya, chef voleur', 26, '{"esq":null,"prd":11,"at":12,"ev":25,"pr":"3","cou":"14","resm":8,"dmg":"1D+2","xp":15,"note":"Deux dagues - 2AT/assaut - AD 14"}'),
 (281, 'Xavier de Niva, Chef guilde des voleurs', 26, '{"esq":null,"at":13,"ev":30,"pr":"2","dmg":"1D+3","cou":"13","resm":10,"xp":15,"note":"Armé d''une épée d''artisan renommé","prd":12}'),
 (280, 'Ruflak Santaza, resp. sécu', 26, '{"esq":null,"prd":10,"at":11,"ev":32,"pr":"2","cou":"13","resm":10,"dmg":"1D+3","xp":15,"note":"Armé d''une rapière de bonne qualité"}'),
 (279, 'Voleur de base', 26, '{"esq":null,"prd":null,"at":10,"ev":14,"pr":"1","cou":"8","resm":8,"dmg":"1D+2","xp":10,"note":"Armé d''une dague"}'),
 (285, 'Cuisinier', 26, '{"prd":7,"esq":null,"at":7,"ev":14,"pr":"1","cou":"7","dmg":"1D+1","xp":6,"resm":8,"note":"Armé d''un couteau"}'),
 (286, 'Geolier 1', 26, '{"prd":8,"at":10,"esq":null,"ev":18,"pr":"3","cou":"12","xp":10,"dmg":"1D+3","resm":9,"note":"Armé d''un marteau/bouclier"}'),
 (287, 'Geolier 2', 26, '{"prd":9,"esq":null,"at":11,"ev":17,"pr":"3","cou":"13","resm":9,"dmg":"1D+2","xp":10,"note":"Armé d''une épée/bouclier"}'),
 (288, 'Garde du château 1', 26, '{"prd":8,"esq":null,"at":10,"ev":18,"pr":"3","cou":"12","resm":9,"dmg":"1D+3","xp":10,"note":"Armé d''une lance/bouclier"}'),
 (283, 'Domestique 1', 26, '{"esq":null,"prd":5,"at":6,"ev":13,"pr":"1","cou":"8","resm":8,"dmg":"1D+1","xp":6,"note":"Armé d''un tabouret"}'),
 (284, 'Domestique 2', 26, '{"esq":null,"at":6,"ev":13,"pr":"1","cou":"8","resm":8,"xp":5,"dmg":"1D","note":"Mains nues","prd":5}'),
 (289, 'Garde du château 2', 26, '{"prd":null,"at":11,"esq":9,"ev":17,"pr":"3","cou":"13","resm":9,"dmg":"1D+2","xp":10,"note":"Armé d''une épée/bouclier"}'),
 (290, 'Garde du château 3', 26, '{"prd":10,"esq":null,"at":10,"ev":19,"pr":"3","cou":"11","resm":10,"dmg":"1D+2","xp":11,"note":"Armé d''une épée rouillée"}'),
 (292, 'Chef cuisinier', 26, '{"prd":13,"esq":null,"at":10,"ev":25,"pr":"3","cou":"14","xp":15,"dmg":"1D+2","resm":9,"note":"Deux hachoirs - 2AT/assaut - AD 14"}'),
 (291, 'Garde du château 4 – extérieur', 26, '{"prd":10,"esq":null,"at":8,"ev":19,"pr":"3","dmg":"2D+2","xp":11,"cou":"11","resm":10,"note":"Armé d''une hallebarde 2 mains"}'),
 (295, 'Hubertin de Grandvent', 26, '{"prd":11,"esq":null,"at":12,"ev":35,"pr":"2","cou":"13","xp":25,"dmg":"1D+5","resm":10,"note":"Armé d''une belle épée"}'),
 (296, 'Philibert le faux jardinier', 26, '{"prd":13,"esq":null,"at":10,"ev":25,"pr":"3","dmg":"1D+1","xp":14,"cou":"14","resm":10,"note":"Deux dagues -  2AT/assaut - AD 14"}'),
 (297, 'Chef gobelin', 1, '{"prd":12,"at":14,"esq":null,"ev":22,"pr":"3","cou":"12","resm":10,"dmg":"1D+5","xp":18}'),
 (294, 'Géraldine de Grandvent', 26, '{"prd":6,"esq":null,"at":10,"ev":14,"pr":"1","cou":"8","resm":9,"xp":10,"dmg":"1D+2","note":""}'),
 (293, 'Sofok de Grandvent', 26, '{"prd":5,"at":7,"esq":null,"ev":20,"pr":"1","dmg":"1D+2","xp":8,"cou":"8","resm":8,"note":"","chercheNoise":false}'),
 (185, 'Ivrogne 3', 26, '{"at":7,"ev":14,"pr":1,"xp":6,"cou":7,"dmg":"1D+1","prd":7,"note":"","resm":8,"esq":null}'),
 (68, 'Rat zombie', 10, '{"at":9,"ev":10,"pr":1,"xp":8,"cou":1000,"dmg":"1 D+1","prd":5,"note":"S''il parvient à mordre, chances d''infection 60%","esq":null}');

INSERT INTO monster_trait (id, name, description, levels) VALUES (4, 'Mâchoire', 'Le monstre, généralement un animal, peut garder captif un héros après avoir réussi une attaque de mâchoire. La prise est si forte que le héros ne peut s’en libérer, du moins sans faire un effort particulier. Tant qu’il est considéré comme captif, le héros ne peut se déplacer et il subira également à chaque assaut des dégâts imparables de la mâchoire, sans que le monstre n’ait à réussir son attaque. Pour se sortir de là, le héros peut tenter de se libérer une fois par assaut, en remplaçant ses attaques par des épreuves de force. Pendant ce temps, bien sûr, le monstre ne peut pas décider de mordre un autre héros ! Il est possible par contre qu’il puisse attaquer avec une autre partie de son corps, les pattes ou la queue par exemple.', '["Héros captif si le monstre réussit un critique de mâchoire. Dégâts par assaut : normaux.",
"Héros captif si le monstre réussit une simple attaque de mâchoire. Dégâts par assaut : normaux.",
"Héros captif si le monstre réussit une attaque de mâchoire. Dégâts par assaut : critiques (comptez les dégâts de la mâchoire en ignorant le score de PR nat.)."]
'),
 (3, 'Critique', 'Les attaques « réussite critique » du monstre peuvent être assez fréquentes et/ou avoir des effets dévastateurs', '["Chances de critique augmentées.",
"Chances de critique augmentées et/ou effets très dangereux.",
"Chances de critique bien augmentées, un critique provoque généralement la mort."]
'),
 (7, 'Rapide', 'La rapidité du monstre lui permet de se déplacer plus vite que la moyenne des aventuriers.', '["Vitesse de déplacement égale à un aventurier très rapide (hors sortilège ou enchantement, bien sûr).",
"Vitesse de déplacement égale à celle d’un bon cheval de course.",
"Vitesse de déplacement supérieure à celle d’une bonne monture de course (généralement, c’est le cas pour tous les monstres volants)."]
'),
 (9, 'Violent', 'Le monstre n’est pas en solde ! Il est à déconseiller aux héros de bas niveau, aux groupes trop faibles.', '["Pour des héros de niveau supérieur à 3.",
"Pour des héros de niveau supérieur à 6.",
"Pour des héros de niveau supérieur à 10."]
'),
 (1, 'Bizarre', 'La créature est tellement bizarre que les héros peuvent être déstabilisés, ne pas forcément comprendre comment l’attaquer ou lui causer des dégâts de manière efficace. Il peut être nécessaire de faire passer des épreuves d’intelligence à certains héros pour leur permettre d’attaquer. Peut être important pour le roleplay.', '[
"Une bestiole un peu étrange, inhabituelle, mais sans plus",
"Une bestiole très particulière, qui ne ressemble à rien de connu",
"Une bestiole au corps si incroyablement étrange qu’on ne sait de quel côté l’attaquer"
]'),
 (5, 'Mise à terre', 'Grâce à la force de ses coups ou à l’aide de techniques sournoises, l’opposant a de grandes chances de déstabiliser l’adversaire touché et de le faire chuter. Sur une attaque réussie, et sous réserve qu’elle ne soit pas esquivée ou parée, il obtient ainsi divers effets, selon sa taille et sa force.', '["Possibilité de résister avec une épreuve de force. Le héros, une fois mis à terre, encaissera +1 PI s’il est frappé à nouveau par l’opposant, tant qu’il est au sol, et il lui faut trois assauts pour se relever.",
"Possibilité de résister avec une épreuve de FO-4. Le héros vole à 1D4 mètres et peut éviter de se retrouver au sol en réussissant une bonne épreuve d’adresse. Une fois mis à terre, il encaissera +2 PI s’il est frappé à nouveau par l’opposant, tant qu’il est au sol, et il lui faut trois assauts pour se relever.",
"Impossible de résister. Le héros vole à 1D6 mètres et se retrouve au sol. Une fois mis à terre, il encaissera +3 PI s’il est frappé à nouveau par l’opposant tant qu’il est au sol, et peut se relever en trois assauts."]
'),
 (8, 'Terrifiant', 'De par sa taille, sa forme, son aura, ses pouvoirs ou son aspect, la créature peut causer la peur et bloquer les capacités de certains héros, ou les maintenir à distance. Il faudra donc tester le courage des combattants, particulièrement ceux qui se retrouvent au contact.', '["La créature en impose. Pour les héros qui ont moins de 12 en COU, une épreuve de courage est nécessaire pour se retrouver au contact. En cas d’échec, le héros recule et pourra tester son courage à chaque assaut.",
"La créature est vraiment impressionnante. Épreuve de courage nécessaire pour tout héros qui devrait se retrouver au contact. En cas d’échec, il faudra parfois attendre plusieurs assauts pour retrouver son sang-froid.",
"La créature est un cauchemar vivant ! On demande une épreuve de courage pour tous les membres du groupe, avec un éventuel malus pour ceux qui se retrouveraient au contact."]'),
 (10, 'Agile', 'Le monstre est si agile qu’il est difficile de l’arrêter, de le coincer, et il peut se retrouver n’importe où dans le combat en sacrifiant un seul assaut. Il se faufile entre les jambes des guerriers, saute par-dessus les héros ou simplement vole au-dessus de leurs têtes. En conséquence, il peut choisir de s’attaquer à n’importe qui et on ne pourra pas, à moins d’être très rusé, l’encercler ou le bloquer.', null),
 (6, 'Puissant', 'La créature porte des coups si violents qu’il est très difficile, voire impossible, de les parer avec une arme. C’est souvent le cas pour les créatures de grande taille, à forte musculature, aussi bien que pour les animaux ou montures qui chargent. Ces créatures peuvent également causer la détérioration du matériel des aventuriers dans le cas où ceux-ci transportent des objets fragiles (fioles, bouteilles, etc.). Les monstres « puissants » ne peuvent pas être mis à terre par des moyens physiques, comme les coups spéciaux ou les épreuves de force.', '["Parade difficile pour contrer cet opposant : comptez un malus de -5 au score de PRD du héros.",
"Coup dévié uniquement si le héros réussit sa parade ET une épreuve de force. En cas de réussite le héros doit aussi tester la résistance de son arme, et, si le test échoue, l’arme est détruite. Si l’une des trois épreuves échoue, il encaissera de toute façon les dégâts (et donc, mieux vaut tenter l’esquive…).",
"Impossible de parer le coup, il faut absolument esquiver."]
'),
 (2, 'Bulldozer', 'Le monstre est trop massif et trop déterminé pour être stoppé. S’il a décidé d’attaquer un membre du groupe, un autre membre du groupe ne pourra pas s’interposer pour l’en empêcher : celui-ci sera simplement balayé. Un héros ainsi bousculé pourra se retrouver au sol pour trois assauts, sauf s’il réussit une épreuve (FO ou AD).', '["Un ogre ou un héros de très grande taille peut éventuellement s’interposer.",
"Seuls une grande invocation ou un héros sur une monture puissante peuvent espérer s’interposer.",
"Il est impossible de s’interposer."]
'),
 (11, 'Bulldozer volant', 'Le propre des grands draconidés et des montures épiques volantes. La créature se déplace rapidement à l’aide de ses ailes et on ne peut bien sûr pas lui barrer le chemin. Si elle change de position, tous les héros dans une zone de dix mètres (en moyenne) autour d’elle risquent d’être renversés par le mouvement brutal des ailes (s’ils obtiennent 1 ou 2 au D6). S’ils sont mis à terre, ils perdront trois assauts. Cela dit, en se déplaçant pour s’envoler, la créature perdra elle-même toujours entre deux et trois assauts, du fait de sa corpulence et de son inertie.', null),
 (12, 'Immunité', 'Le monstre possède une ou plusieurs immunités majeures. Dans certains cas, les armes doivent être enchantées pour lui causer des dégâts, dans d’autres, les héros doivent utiliser des prodiges ou des sortilèges adaptés. C’est souvent le cas des créatures transnaturelles, de démons, d’esprits ou d’élémentaires.', null),
 (13, 'Légende', 'La créature ou le personnage est une légende, un ennemi hors du commun qui a déjà fait parler de lui. Le MJ devra donc considérer des talents spéciaux, des coups imprévus, une force peu commune ou des traits originaux pour celle-ci. Dans tous les cas, le fait d’avoir tué une légende doit figurer dans la feuille de personnage.', null),
 (14, 'Malin', 'Cet opposant n’est pas stupide ! Il ne se laissera pas prendre à des techniques de combat éculées, à des ruses destinées aux orques ou aux coyotes. En outre, il est assez intelligent pour savoir qui lui fait du mal et se dirigera donc en général vers le héros qui lui cause le plus de dégâts, quitte à changer plusieurs fois de cible au cours du combat, sans prévenir. Un ennemi malin peut décider de changer de tactique en constatant que ses attaques ne portent pas et il peut se ménager un trajet de fuite, s’échapper quand son énergie vitale décline. On retrouvera ici TOUS les peuples « humains », mais aussi les elfes, elfes noirs, nains, semi-hommes et certains humanoïdes dotés d’un vrai cerveau ainsi que les draconidés, quelques rares animaux et bien sûr des êtres surnaturels.', null),
 (15, 'Mort', 'Le monstre est un mort réanimé. Il est immunisé contre la peur, sous toutes ses formes, et son courage est infini. En revanche, il n’aura pas forcément l’initiative au combat, car ceci dépendra généralement de sa rapidité et de son habileté. La plupart du temps, une créature morte peut être contrôlée par un nécromancien (et généralement, celui qui les contrôle n’est pas très loin de ses sbires). L ’aspect dégoûtant, l’odeur, le style général des créatures mortes les rendent difficiles à combattre pour les elfes.', null),
 (16, 'Nuée', 'Il n’y a pas un monstre à combattre, mais une multitude d’entre eux, agissant comme une seule entité. Ils ne peuvent pas être attaqués individuellement, et probablement pas tués à moins de disposer d’un sort de zone efficace contre ce type de nuisance. Les héros doivent trouver un moyen de s’en débarrasser ou de s’en protéger, ce qui requiert en général plus d’intelligence et d’adresse que de talent au combat.', null),
 (17, 'Paisible', 'D’une manière générale, cet animal n’attaquera pas les voyageurs, sauf s’il est dérangé, agacé ou menacé. Une fois que le combat a commencé toutefois, il peut se révéler redoutable et impossible à apaiser. L’animal peut être domestiqué assez facilement par les gens qui possèdent la compétence « Comprendre les animaux » et il peut être potentiellement utilisé comme monture, de manière définitive ou temporaire (selon le caractère de la créature et les talents du héros). Les possibilités de monte de chaque animal dépendent aussi du gabarit et de l’origine du cavalier, qui pourra ainsi être accepté ou rejeté.', null),
 (18, 'Surnaturel', 'Le monstre est d’essence surnaturelle. Il peut s’agir d’un démon, d’un esprit, d’un élémentaire ou d’une créature magiquement modifiée. Cette bestiole peut potentiellement être révoquée ou contrôlée par un invocateur. En dehors de cela, le héros devra donc vérifier que les sortilèges ou prodiges qui seront lancés contre cette créature sont effectivement fonctionnels, en vérifiant soigneusement ses grimoires. Les immunités sont généralement mentionnées en tout début de fiche, dans les grimoires et les manuels.', null),
 (19, 'Volant', 'La créature peut voler. Bien que ça soit évident, nous rappelons ici qu’elle se déplacera généralement plus vite que n’importe quel personnage à pied ou monté, et comme elle peut s’élever verticalement, elle ne pourra être encerclée ou acculée. Il est assez fréquent de voir des monstres volants patauds et statiques parce qu’on ne les joue pas correctement. En contrepartie, une telle bestiole peut être handicapée dans un endroit confiné, bas de plafond, étroit ou d’accès restreint (dans lequel, éventuellement, les héros peuvent l’attirer). Un animal volant perd généralement un ou deux assauts à chaque fois qu’il prend son envol, le temps de se lancer.', null);

INSERT INTO monster_type (id, name, difficulty) VALUES (1, 'Peaux-vertes et assimilés', 'low'),
 (2, 'Monstres humanoïdes (parfois ridicules)', 'low'),
 (3, 'Grands monstres humanoïdes (qui font bobo)', 'low'),
 (4, 'Animaux sauvages des prairies et des bois', 'low'),
 (5, 'Animaux domestiques des villages et villes', 'low'),
 (6, 'Insectes et invertébrés géants', 'low'),
 (7, 'Monstres écailleux plutôt dangereux', 'low'),
 (8, 'Végétaux quelque peu agressifs', 'low'),
 (9, 'Démons de bas étage', 'low'),
 (10, 'Morts-vivants menaçants', 'low'),
 (11, 'Diverses créatures bizarres', 'low'),
 (12, 'Peaux-vertes et assimilés', 'medium'),
 (13, 'Monstres humanoïdes dont il faut se méfier', 'medium'),
 (14, 'Grands monstres humanoïdes et bourrins', 'medium'),
 (15, 'Animaux sauvages des prairies et des bois', 'medium'),
 (16, 'Montures épiques capables de combattre seules', 'medium'),
 (17, 'Insectes et invertébrés géants', 'medium'),
 (18, 'Monstres écailleux dangereux', 'medium'),
 (19, 'Végétaux vindicatifs', 'medium'),
 (20, 'Démons intermédiaires et supérieurs', 'medium'),
 (21, 'Morts-vivants puissants', 'medium'),
 (23, 'Divers créatures bizarres', 'medium'),
 (24, 'Grands monstres humanoïdes et bourrins', 'high'),
 (25, 'Monstres écailleux légendaires', 'high'),
 (26, 'Humain', 'low'),
 (27, 'Mages', 'high'),
 (28, 'Héros barbares', 'high'),
 (29, 'Chaos', 'medium'),
 (30, 'Chaos', 'high'),
 (31, 'Pirates Mauves', 'low'),
 (32, 'Pirates Mauves', 'medium'),
 (33, 'Pirates Mauves', 'high');

INSERT INTO origin_bonus (id, originid, description, token) VALUES (1, 4, '+1 point au CHARISME au passage des niveaux 2 et 3', 'CHA_+1_LVL2_LVL3'),
 (2, 6, '+1 point au CHARISME au passage des niveaux 2 et 3', 'CHA_+1_LVL2_LVL3'),
 (3, 11, 'SUPER-BOURRIN : L''Ogre a le droit de retrancher jusqu''à 3 points à son score de base en ATTAQUE et/ou en PARADE
pour en faire un bonus de dégâts (au corps à corps, toutes armes confondues). Ainsi il peut avoir +3 en dégâts en plus de ses
autres bonus de FORCE, mais son côté bourrin le rend maladroit. Le bonus est à choisir en début de carrière et ne pourra
être modifié par la suite.', 'SUPER_BOURRIN'),
 (4, 2, 'Les Barbares ont l''habitude de voyager en courant, ils sont super au point sur le cardio-training.
Ils peuvent courir deux fois plus longtemps et se déplacer rapidement 5 fois plus longtemps que la normale.', 'BARBARE_MOVEMENT');

INSERT INTO origin_info (id, originid, title, description) VALUES (1, 2, 'Les Barbares et la magie', 'ils n''aiment pas la magie, ni les mages. Ils n''aiment pas la lecture, de base, et considèrent ceux
qui la pratiquent comme des mauviettes. Bien sûr, il se peut qu''ils côtoient des mages au cours de leur carrière d''aventurier
et que leur a-priori soit un peu bouleversé. D''une manière générale, le Barbare pourra choisir de s''équiper d''une arme
magique/enchantée s''il est convaincu du caractère efficace de celle-ci. En recours exceptionnel, un mage pourrait réussir à
convaincre un Barbare de s''équiper d''un autre type objet enchanté (collier, bracelets ou autre).'),
 (2, 2, 'Les Barbares et l''armure', 'un Barbare a grandi dans les plaines à moitié nu. Il est persuadé que les armures complètes sont
destinées aux faibles. En conséquence, il s''équipera souvent de protections car il peut facilement en porter le poids et il n''est
pas tout à fait stupide, mais il aime être libre de ses mouvements. Les parties principales du corps ne pourront donc pas
porter simultanément une armure.
On pourra donc trouver sur un Barbare des combinaisons de ce type :
<ul>
<li>Plastron, casque, bracelets</li>
<li>Plastron, bracelets, gantelets ou épaulières</li>
<li>Jambières, casque, bracelets (et torse nu huilé, c''est la classe)</li>
</ul>
On <b>ne pourra pas trouver</b> sur un Barbare des combinaisons de ce type :
<ul>
<li>Plastron, jambières, bracelet, casque</li>
<li>Plastron, jambières, brassières</li>
</ul>
'),
 (3, 2, 'Les Barbares et les boucliers', 'porter un bouclier pour se protéger n''est pas dans la culture du Barbare. Porter deux armes,
par contre, est tout à fait son style ! Le Barbare se concentrera généralement sur l''attaque plutôt que sur sa protection.'),
 (4, 2, 'Les armes de jet', 'les barbares sont aussi des chasseurs. En conséquence, il est tout à fait probable qu''ils aient envie
d''utiliser des armes de jet pour infliger des dégâts, mais dans le cas d''une mêlée ils ne resteront pas en marge du combat
pour tirer des flèches... On pourra trouver sur un Barbare des armes de jet qui font de vrais dégâts et qui ne sont pas trop
complexes à utiliser : les arcs et les javelots, haches de jets et poignards, dagues, grosse pierre. Ils sont assez forts le cas
échéant pour lancer n''importe quelle arme (qui, n''étant pas prévue pour ça, leur donnera évidemment un malus).'),
 (5, 3, 'Les Nains et les armes', 'Les Nains ont les bras plus courts que les humains et que les autres créatures et n''ont pas le même
sens de l''équilibre, ni le même centre de gravité. Cela leur pose des problèmes pour ce qui concerne l''utilisation d''un certain
nombre d''armes. On considère donc que les armes à 1 main des humains sont des armes à 2 mains pour les Nains (ils ont
donc +1 aux dégâts) et qu''ils ne peuvent pas manier les vraies armes à 2 mains. Les Nains eux-mêmes fabriquent des
armes spécialement étudiées (haches et marteaux d''artisan Nain, ou Durandil) qu''ils peuvent manier à 1 main (ils peuvent
ainsi en prendre une dans chaque main, ou utiliser un bouclier avec). En conséquence, la compétence « armes de bourrins »
ne sert à rien pour les Nains. Ils sont bourrins de base !'),
 (6, 3, 'Les Nains et les armures', 'il n''y a aucune restriction pour les Nains liées au port d''armure lourde ou encombrante, car ils
aiment sentir sur eux le poids du métal et du cuir. En revanche, il faut savoir que de nombreux malus de déplacement ou
d''adresse (= scores de combat) peuvent s''appliquer.'),
 (7, 3, 'Les Nains et la magie', 'ils n''aiment pas la magie, ni les mages, ni les livres ni la lecture, ni le papier. Cependant, ils sont un
peu plus rusés que les Barbares et savent faire feu de tout bois. D''une manière générale, le Nain pourra choisir de s''équiper
d''une arme ou d''une armure magique/enchantée s''il est convaincu du caractère efficace de celle-ci (augmentation de
caractéristique ou gain de compétence). Il en sera de même pour les colifichets, bijoux et autres articles enchantés.
En revanche, un Nain n''utilisera pas d''objet générant des effets magiques : bague ou objet chargée, et surtout pas de
parchemin.'),
 (8, 3, 'Les armes de jet', 'un Nain n''utilisera pas une arme de jet qui rappelle les Elfes : les arcs et arbalètes et tout ce qui tire des
flèches, ainsi que les javelots qui « ressemblent à des grosses flèches ». En revanche, ils sont assez bons à la hache de jet ou
au lance-pierre. Lancer des cailloux, c''est tout à fait dans la culture du Nain qui a grandi sous la roche !'),
 (9, 3, 'Un problème de taille', 'le Nain est considéré comme créature « de petite taille », mais il est de nature maladroite et
pataude. Il subira donc toujours des malus dans les épreuves de type « escalade » ou « discrétion ». Il est assez large et
lourd et son poids n''est pas si différent de celui d''un humain, surtout qu''il est souvent lourdement équipé.'),
 (10, 4, 'Les hauts-elfes et les armes', 'ils sont assez évolués pour utiliser toute forme d''arme, mais leur côté précieux les rend
quelque peu réfractaire à l''utilisation des armes à deux mains. Considérées comme des « armes de bourrin » dans toute la
Terre de Fangh, elles donne un côté bestial et fait souvent jaillir le sang à plusieurs mètres à la ronde, ce qui peut tacher les
vêtements. Ainsi, même s''il est guerrier le haut-elfe ne se munira pas d''arme à deux mains (sauf cas particulier d''arme à
deux mains « elfique » fabriquée pour son usage).'),
 (11, 4, 'Les hauts-elfes et l''équipement', 'd''un naturel soigneux et délicat, ce personnage ne veut pas se transformer en dromadaire.
Il refusera donc de porter de lourdes charges ou de s''encombrer, tout simplement parce que ce n''est pas dans sa nature. Il
n''aimera pas non plus se trouver engoncé dans une boîte de conserve, et va préférer le port de plusieurs pièces d''armure de
cuir ou de tissu à celui d''une pièce d''armure métallique ou renforcée.'),
 (12, 4, 'La magie', 'il est tout à fait dans le caractère d''un haut-elfe d''utiliser toutes les formes de magie, ou tout type de matériel
béni pour peu que ça ne soit pas contraire à sa religion (dans le cas où il serait prêtre).'),
 (13, 4, 'Les armes de jet', 'on a vu des hauts-elfes utiliser à peu près tous les types d''armes de jet, à l''exception des haches et des
lance-pierres qui sont « des accessoires ridicules prévus pour les Nains ».'),
 (14, 5, 'Les demi-elfes les armes', 'ils sont assez évolués pour utiliser toute forme d''arme, mais leurs origines elfiques les trahissent
quand il s''agit d''utiliser une arme à deux mains. Ils se sentent gauches et peu efficaces. Ainsi, même s''il est guerrier le
demi-elfe ne se munira pas d''arme à deux mains (sauf cas particulier d''arme à deux mains « elfique » fabriquée pour son
usage).'),
 (15, 5, 'Les demi-elfes et l''équipement', 'plus robuste que les autres elfes, mais possédant tout de même une certaine grâce et un
naturel délicat, ce personnage ne pourra pas transporter de lourdes charges. Il n''aimera pas non plus se trouver engoncé
dans une boîte de conserve, et va préférer le port de plusieurs pièces d''armure de cuir ou de tissu à celui d''une pièce
d''armure métallique ou renforcée.'),
 (16, 5, 'La magie', 'il est tout à fait dans le caractère d''un demi-elfe d''utiliser toutes les formes de magie, ou tout type de matériel
béni pour peu que ça ne soit pas contraire à sa religion (dans le cas où il serait prêtre).'),
 (17, 5, 'Les armes de jet', 'ils peuvent utiliser absolument toutes les armes de jet.'),
 (18, 6, 'Les Sylvains et les armes', 'ils sont assez évolués pour utiliser toute forme d''arme, mais leur côté précieux et fragile les
rend quelque peu réfractaire à l''utilisation des armes à deux mains. Considérées comme des « armes de bourrin » dans toute
la Terre de Fangh, elles donne un côté bestial et fait souvent jaillir le sang à plusieurs mètres à la ronde, ce qui peut tacher
les vêtements. Ainsi, les Sylvains n''utilisent jamais d''armes à deux mains.'),
 (19, 6, 'Les Sylvains et l''équipement', 'd''un naturel soigneux et délicat, ce personnage ne veut pas se transformer en dromadaire. Il
refusera donc de porter de lourdes charges ou de s''encombrer, tout simplement parce que ce n''est pas dans sa nature. Il
n''aimera pas non plus se trouver engoncé dans une boîte de conserve, et va préférer le port de plusieurs pièces d''armure de
cuir ou de tissu à celui d''une pièce d''armure métallique ou renforcée.'),
 (20, 6, 'L''Elfe Sylvain et la magie', 'il n''a pas d''aptitude à la magie par manque d''imagination et d''intelligence, la plupart du temps,
mais il n''y est pas réfractaire et trouve généralement cela merveilleux. Il est tout à fait dans le caractère d''un elfe
d''utiliser n''importe quel objet magique, ou tout type de matériel béni pour peu que ça ne soit pas contraire à sa religion
(dans le cas où il serait prêtre). En revanche, il ne sera capable d''utiliser les parchemins que s''il sait lire. Note : Certains
Elfes Sylvains d''ailleurs font des études particulières pour être capable de lancer eux mêmes des sortilèges, mais les gens
s''en méfient.'),
 (21, 6, 'Les armes de jet', 'l''arme de jet de prédilection des Sylvains est l''arc. La plupart des autres armes de jet sont moches,
encombrantes, lourdes, peu pratiques ou fabriquées par les Nains. Ils ne sont pas mauvais au poignard également.'),
 (22, 7, 'Les armes', 'les Elfes Noirs sont plus frêles que les humains et ne sont pas à l''aise avec les armes à deux mains, considérées
comme des « armes de bourrin » dans toute la Terre de Fangh. Cependant, ils peuvent choisir de s''en équiper si l''arme est
légère et esthétique, donc a priori seulement si elle est enchantée.'),
 (23, 7, 'Les Elfes Noirs et l''équipement', 'habitué à se faufiler, à bouger rapidement, à se mouvoir dans l''ombre, l''Elfe Noir ne
s''encombre jamais d''armure imposante ni de bouclier. Il portera sans problème du cuir ou du tissu, mais sera plutôt
réfractaire à toutes les armures métalliques ou renforcées. Il porte rarement un casque, à moins que celui-ci ne soit
enchanté et très léger.'),
 (24, 7, 'Utilisation de la magie', 'rien ne fait peur à l''Elfe Noir : il peut utiliser toute forme de magie ou d''objet enchanté, y compris
les parchemins s''il dispose de la compétence « érudition »'),
 (25, 7, 'Les armes de jet', 'les Elfes Noirs n''ont pas vraiment d''honneur et peuvent utiliser toutes les armes de jet, même les plus
fourbes. S''ils peuvent inoculer du poison, c''est parfait ! Ils aiment les petites lames, les arcs et les shuriken. Ils ont en
revanche du mal à concevoir l''emploi d''arme de jet lourdes ou encombrantes : arbalètes, haches ou javelots.'),
 (26, 8, 'L''orque et l''équipement', 'tant qu''il s''agit de sauver sa peau, de frapper des gens ou de s''enrichir, l''orque ne reculera devant
rien. Il peut transporter de lourdes charges, porter tous les types d''armure, utiliser n''importe quel arme dont le maniement
n''est pas trop complexe ou qui n''est pas trop fragile (exit les arbalètes, nunchakus et sarbacanes). L''orque est avant tout
un survivant, et il s''adapte à tout.'),
 (27, 8, 'Magie', 'persécuté depuis des millénaires par les mages, l''Orque déteste la magie, sous toutes ses formes. Il peut « sentir »
l''aura magique d''un objet s''il doit le porter sur lui, et ça le dérange. Il n''utilise donc aucune arme, armure ou objet magique.
Il ne sera jamais vraiment l''ami d''un mage ou d''un prêtre (car il n''aime pas les dieux non plus).'),
 (28, 9, 'Le demi-orque et l''équipement', 'tout comme son parent peau-verte, il ne reculera devant rien. Il peut transporter de
lourdes charges, porter tous les types d''armure, utiliser n''importe quel arme dont le maniement n''est pas trop complexe ou
qui n''est pas trop fragile (exit les arbalètes, nunchakus et sarbacanes).'),
 (29, 9, 'Le demi-orque et la Magie', 'ils n''aiment pas la magie, ni les mages, mais sont beaucoup moins perturbés que les orques pur-
sang. Ils n''aiment pas la lecture, de base, et considèrent ceux qui la pratiquent comme des gens bizarres. Bien sûr, il se peut
qu''ils côtoient des mages au cours de leur carrière d''aventurier et que leur a-priori soit un peu bouleversé. D''une manière
générale, le demi-orque pourra choisir de s''équiper d''une arme magique/enchantée s''il est convaincu du caractère efficace de
celle-ci. En recours exceptionnel, un mage pourrait réussir à le convaincre de s''équiper d''un autre type objet enchanté
(collier, bracelets ou autre).'),
 (30, 10, 'Magie', 'persécuté depuis des millénaires par les mages, le gobelin déteste la magie, sous toutes ses formes (à moins d''être un
peu fou, ce qui arrive de temps en temps). Il peut « sentir » l''aura magique d''un objet s''il doit le porter sur lui, et ça le
dérange. Il n''utilise donc aucune arme, armure ou objet magique. Il ne sera jamais vraiment l''ami d''un mage ou d''un prêtre
(car il n''aime pas les dieux non plus – mais il faut bien dire que les dieux ne l''aiment pas !).'),
 (31, 10, 'Le gobelin et les armes', 'bien que d''un naturel violent, le gobelin souffre d''un problème quand il s''agit de combattre : il n''a
pas la taille ni la force nécessaire à l''emploi de la plupart des armes. Ainsi, il est à l''aise avec les couteaux, petits gourdins,
hachettes, hachoirs et dagues. Il peut éventuellement utiliser des armes de fabrication maison et même de petits boucliers,
mais ne peut générer beaucoup de puissance, et donc ne fera que des dégâts limités.
Si le gobelin utilise une épée courte, il le fera avec ses deux mains, mais contrairement au Nain n''aura pas de bonus aux
dégâts car il n''a pas de force.'),
 (32, 10, 'Le gobelin et l''équipement', 'pour survivre, le gobelin peut essayer de s''équiper de n''importe quoi. Son principal problème
vient du fait que personne ne fabrique d''armures à sa taille, et qu''il est donc très difficile de trouver de l''équipement adapté.
La plupart du temps, il porte donc des armures rafistolées, des casques trop grands ou des bracelets bricolés. Il perdra
rapidement de l''adresse en portant une armure lourde (supérieure à 3 PR), mais contrairement à la plupart des autres héros
ne sera jamais affligé d''un malus au score de PARADE ou d''ESQUIVE. Il est simplement tellement couard qu''il développe
un sens spécial pour échapper aux coups ! Son score d''ATTAQUE en revanche pourra toujours être réduit.'),
 (33, 10, 'Les armes de jet', 'les gobelins sont fourbes, vils et manquent totalement de courage. Quand ils peuvent attaquer à distance,
ils ne s''en privent pas ! Ils sont adroits et ingénieux, bien que relativement stupides, et peuvent utiliser n''importe quelle
arme de jet, tant que son poids ou sa taille n''est pas un problème. Ils aiment les petites lames, les arcs courts, les petites
arbalètes et les shuriken, frondes, lance-pierres. Ils sont en revanche incapables d''utiliser des armes de jet lourdes ou
encombrantes : arbalètes à taille humaine, haches ou javelots.
On raconte que certains gobelins, vivant avec des ingénieurs fous, fabriquent des armes à poudre et à feu qui crachent la
mort de loin...'),
 (34, 11, 'Magie', 'pour l''Ogre, la magie c''est un concept beaucoup trop compliqué. Il peut s''émerveiller devant une boule de feu ou
des éclairs en chaîne, mais ne se sentira jamais à l''aise en portant un objet magique, dont il pourra sentir l''influence. Il n''a
rien contre les gens qui pratiquent la magie, mais ça lui est égal de toute façon du moment qu''on le nourrit.'),
 (35, 11, 'L''ogre et l''équipement', 'habitué à vivre nu ou en pagne, l''Ogre ne sera jamais engoncé dans une armure. C''est d''autant
plus facile à comprendre que la plupart des gens ne font pas de vêtements à sa taille ! Il peut éventuellement porter des
braies, des bracelets, un casque léger, de petites pièces d''armure produites par des artisans spécialisés (et qui seront bien sûr
plus chers) mais rien qui ne puisse entraver ses mouvements, ou il se sentira mal à l''aise et jettera l''accessoire dans la plus
proche poubelle. Il peut transporter de lourdes charges ou de gros sacs sans vraiment s''en rendre compte, du moment qu''il
peut le poser en cas de danger.'),
 (36, 11, 'L''ogre et les armes', 'L''Ogre utilise tout ce qu''il peut trouver pour taper les gens qui l''agressent. En général, ce sont des
armes de grande taille car il ne voit pas l''intérêt de frapper avec une brindille. En conséquence il n''utilisera pas les dagues,
poignards, couteaux et autres lames courtes. Il n''utilisera pas non plus les armes de jet nécessitant une manipulation
quelconque. Généralement, l''Ogre s''équipe d''une grosse branche ou d''une massue, ou d''armes spéciales et encombrantes
fabriquées par des malades mentaux. Quoi qu''il arrive il n''est pas très adroit mais produit des dégâts considérables lorsqu''il
touche. Si l''ogre prend la compétence « bourre-pif », il sera déjà très dangereux à mains nues.'),
 (37, 12, 'La magie', 'l''intelligence des semi-hommes est légèrement supérieure à celle des humains mais ils ne sont pas de grands
fanatiques de magie. Ils se servent de leur intelligence pour autre chose, comme par exemple trouver des solutions pour
échapper au danger. Quand on a la taille d''un enfant de 8 ans, le moindre coup de hache un peu trop appuyé peut vous
expédier au cimetière ! Certains d''entre eux en revanche font de bons prêtres. Les semi-hommes sont donc capables
d''utiliser des objets magiques ainsi que des armes, armures ou même des parchemins mais ils trouvent rarement du matériel
magique adapté à leur taille.'),
 (39, 12, 'Le semi-homme et l''équipement', 'comme il n''est pas très lourd ni particulièrement costaud (bien que plus robuste qu''un
gobelin), le semi-homme aura tendance à porter des armures assez légères. Il aura cependant beaucoup de mal à trouver de
l''équipement adapté à sa taille, à moins d''en commander à un artisan (en payant le prix fort). Certains vendeurs ont du
matériel pour semi-homme, mais ils ne se privent pas pour en augmenter les tarifs. Au niveau du poids transporté, c''est un
personnage qui n''est pas fainéant, mais qui est limité par sa corpulence.'),
 (40, 12, 'Le semi-homme et les armes', 'tout comme les Nains, les semi-hommes ne peuvent pas utiliser les armes à deux mains
prévues pour les humains. S''ils se munissent d''une arme à une main, ils l''utiliseront à deux mains sans appliquer de
modification à leurs caractéristiques. Cependant, le semi-homme n''a pas la force du Nain et n''aura donc pas de bonus aux
dégâts.
Les armes à une main qu''il peut utiliser sont donc de petite taille : couteaux, poignards, ou même une dague qui dans leur
main se transforme en épée courte.'),
 (41, 12, 'Les armes de jet', 'la plupart des armes de jet usuelles sont trop lourdes, trop grandes ou trop encombrantes pour les semi-
hommes. Cependant, ils considèrent que l''arme de jet est bonne pour leur survie car elle leur permet de rester le plus
longtemps possible loin des ennemis. Ils peuvent donc se munir de petites lames, de shuriken, d''une sarbacane, d''une fronde
ou d''un lance-pierre.'),
 (42, 13, 'Super esquive', 'à la différence des autres aventuriers, le gnôme peut attaquer et esquiver dans le même assaut. Il est si
souple et si vif que ça ne lui pose pas de problème. Il utilise donc très rarement la PARADE, d''autant plus qu''il n''a pas la
force physique pour parer, ni une arme capable de dévier les coups. En cas d''échec critique à l''esquive, on peut considérer
que c''est simplement une esquive ratée.'),
 (43, 13, 'Magie', 'pour le gnôme, la magie c''est amusant à regarder. Ensuite, c''est aussi très dangereux pour lui ! Il essaie de s''en
tenir éloigné au maximum s''il s''agit de magie offensive. Si on lui confie un objet magique qui ne semble pas dangereux, il
s''en accommodera mais sans chercher à courir après.'),
 (44, 13, 'L''équipement', 'il est très compliqué pour un gnôme de s''équiper. D''une part, personne ne fabrique d''objets à sa taille, à
l''exception de ses congénères ou de lui-même. Le matériel dont il peut se munir est donc très rare et très cher. Il est aussi
léger et frêle, et quoi qu''il en soit ne pourra jamais s''équiper d''autre chose que de cuir souple, vaguement rembourré dans le
meilleur des cas. Une pièce d''armure un peu épaisse lui donnera immédiatement un sévère malus d''adresse. Dans un second
temps, la constitution du gnôme ne lui permet pas de transporter de charges réelles, et il devra souvent se contenter d''une
petite besace ou d''un baluchon. Le reste de son équipement pourra être porté par d''autres gens s''il a des équipiers.
L''intelligence du gnôme lui permet de reconnaître beaucoup de choses sans savoir lire, comme les poisons par exemple. Il
s''en sert habilement pour chasser ou se débarrasser de ses ennemis.'),
 (45, 13, 'Les armes', 'les mains du gnôme sont trop petites pour empoigner autre chose que des petits couteaux ou des poignards. Les
dagues par exemple sont déjà trop grosses et trop volumineuses pour lui !'),
 (46, 13, 'Les armes de jet', 'à l''exception des sarbacanes qu''il peut fabriquer tout seul, le gnôme n''a pas la force de lancer quoi que ce
soit de volumineux ou de lourd, même les poignards. Il peut à la rigueur s''essayer au shuriken.');

INSERT INTO origin_requirement (id, originid, stat, `minvalue`, `maxvalue`) VALUES (1, 2, 'FO', 13, null),
 (2, 2, 'COU', 12, null),
 (3, 3, 'FO', 12, null),
 (4, 3, 'COU', 11, null),
 (5, 4, 'CHA', 12, null),
 (6, 4, 'AD', 12, null),
 (7, 4, 'INT', 11, null),
 (8, 4, 'FO', null, 12),
 (9, 5, 'CHA', 10, null),
 (10, 5, 'AD', 11, null),
 (11, 6, 'CHA', 12, null),
 (12, 6, 'AD', 10, null),
 (13, 6, 'FO', null, 11),
 (14, 7, 'AD', 13, null),
 (15, 7, 'INT', 12, null),
 (16, 7, 'FO', null, 12),
 (17, 8, 'FO', 12, null),
 (18, 8, 'INT', null, 8),
 (19, 8, 'CHA', null, 10),
 (20, 9, 'FO', 12, null),
 (22, 9, 'AD', null, 11),
 (23, 9, 'INT', null, 10),
 (24, 10, 'INT', null, 10),
 (25, 10, 'CHA', null, 8),
 (26, 10, 'COU', null, 10),
 (27, 10, 'FO', null, 9),
 (28, 11, 'FO', 13, null),
 (29, 11, 'INT', null, 9),
 (30, 11, 'AD', null, 11),
 (31, 11, 'CHA', null, 10),
 (32, 12, 'COU', 12, null),
 (33, 12, 'INT', 10, null),
 (34, 12, 'FO', null, 10),
 (35, 13, 'AD', 13, null),
 (36, 13, 'INT', 10, null),
 (37, 13, 'FO', null, 8);

INSERT INTO origin_restrict (id, originid, text, tokens) VALUES (1, 2, 'n’utilise pas la magie sauf sur arme enchantée', 'NO_MAGIC,NO_MAGIC_ARMOR,NO_MAGIC_OBJECT'),
 (2, 2, 'n’utilise pas d’arbalète (c''est compliqué !)', ''),
 (3, 2, 'n’utilise pas d’armure complète ou d''armure enchantée', 'NO_MAGIC_ARMOR'),
 (4, 2, 'n’utilise pas de bouclier', ''),
 (5, 3, 'n’utilise pas la magie sauf sur arme ou protection enchantée', 'NO_MAGIC,NO_MAGIC_OBJECT'),
 (6, 3, 'n’utilise pas d’arc ou arbalète', ''),
 (7, 3, 'n’utilise pas les armes à 2 mains « humaines »', ''),
 (8, 4, 'ne peut utiliser les armes à 2 mains', ''),
 (9, 4, 'transport de charge limitée à 10 kilos', ''),
 (10, 4, 'n’utilise pas d’armure supérieure à PR4 (sauf magique)', ''),
 (11, 5, 'ne peut utiliser les armes à 2 mains', ''),
 (12, 5, 'transport de charge limitée à 15 kilos', ''),
 (13, 5, 'n’utilise pas d’armure supérieure à PR5 (sauf magique)', ''),
 (14, 6, 'pas d’aptitudes à la magie (métier de mage ou prêtrise)', 'NO_MAGIC'),
 (15, 6, 'ne peut utiliser les armes à 2 mains', ''),
 (16, 6, 'transport de charge limitée à 10 kilos', ''),
 (17, 6, 'n’utilise pas d’armure supérieure à PR4 (sauf magique)', ''),
 (18, 7, 'ne peut utiliser les armes à 2 mains', ''),
 (19, 7, 'ne peut utiliser les boucliers', ''),
 (20, 7, 'transport de charge limitée à 15 kilos', ''),
 (21, 7, 'n’utilise pas d’armure supérieure à PR3 (sauf magique)', ''),
 (22, 8, 'n’utilise aucune forme de magie', 'NO_MAGIC,NO_MAGIC_ARMOR,NO_MAGIC_WEAPON,NO_MAGIC_OBJECT'),
 (23, 8, 'n’utilise pas d’arbalète ou d''armes complexes', ''),
 (24, 9, 'n’utilise pas la magie sauf sur arme ou protection enchantée', 'NO_MAGIC,NO_MAGIC_OBJECT'),
 (25, 9, 'n’utilise pas d’arbalète ou d''armes complexes', ''),
 (26, 10, 'n’utilise aucune forme de magie', 'NO_MAGIC,NO_MAGIC_ARMOR,NO_MAGIC_WEAPON,NO_MAGIC_OBJECT'),
 (27, 10, 'ne parle pas la langue', ''),
 (28, 10, 'transport de charge limité à 10 kilos', ''),
 (29, 11, 'n’utilise pas d’armes compliquées à manier', ''),
 (30, 11, 'n’utilise aucune forme de magie', 'NO_MAGIC,NO_MAGIC_ARMOR,NO_MAGIC_WEAPON,NO_MAGIC_OBJECT'),
 (31, 11, 'ne parle pas la langue', ''),
 (32, 11, 'n’utilise pas d’arc ou arbalète', ''),
 (33, 11, 'n’utilise pas d’armure supérieure à 4PR', ''),
 (34, 12, 'n’utilise pas la magie sauf sur arme, objet ou protection enchantée', 'NO_MAGIC'),
 (35, 12, 'n’utilise pas d’arc ni d’arme à 2 mains « à taille humaine »', ''),
 (36, 12, 'n’utilise pas d’armure complète', ''),
 (37, 12, 'n’utilise pas d’armure supérieure à PR3 (sauf magique)', ''),
 (38, 12, 'transport de charge limité à 10 kilos', ''),
 (39, 13, 'n’utilise pas la magie sauf sur arme ou protection enchantée', 'NO_MAGIC,NO_MAGIC_OBJECT'),
 (40, 13, 'armes autorisées : poignards, dagues, couteaux uniquement', ''),
 (41, 13, 'transport de charge limitée à 2 kilos', ''),
 (42, 13, 'ne parle pas la langue', ''),
 (43, 13, 'n’utilise pas d’armure supérieure à PR2 (sauf magique)', '');

INSERT INTO origin_skill (originid, skillid, `default`) VALUES (1, 1, false),
 (1, 2, false),
 (1, 3, false),
 (1, 5, false),
 (1, 6, false),
 (1, 7, false),
 (1, 8, false),
 (1, 9, false),
 (1, 10, false),
 (1, 11, false),
 (1, 12, false),
 (1, 13, false),
 (1, 14, false),
 (1, 15, false),
 (1, 16, false),
 (1, 17, false),
 (1, 18, false),
 (1, 19, false),
 (1, 20, false),
 (1, 21, false),
 (1, 22, false),
 (1, 23, false),
 (1, 24, false),
 (1, 25, false),
 (1, 26, false),
 (1, 27, false),
 (1, 28, false),
 (1, 29, false),
 (1, 30, false),
 (1, 31, false),
 (1, 32, false),
 (1, 33, false),
 (1, 34, false),
 (1, 35, false),
 (1, 36, false),
 (1, 37, false),
 (1, 38, false),
 (1, 39, false),
 (1, 40, false),
 (1, 41, false),
 (1, 42, false),
 (1, 43, false),
 (1, 44, false),
 (1, 45, false),
 (1, 46, false),
 (1, 47, false),
 (1, 48, false),
 (1, 49, false),
 (2, 1, true),
 (2, 7, false),
 (2, 10, false),
 (2, 14, true),
 (2, 15, false),
 (2, 23, false),
 (2, 30, false),
 (2, 35, false),
 (2, 38, false),
 (2, 44, true),
 (2, 46, true),
 (2, 47, false),
 (2, 49, false),
 (3, 3, false),
 (3, 5, true),
 (3, 8, false),
 (3, 10, false),
 (3, 11, false),
 (3, 14, false),
 (3, 24, false),
 (3, 26, false),
 (3, 29, true),
 (3, 33, false),
 (3, 37, true),
 (3, 40, true),
 (3, 47, false),
 (3, 49, false),
 (4, 13, false),
 (4, 15, false),
 (4, 22, true),
 (4, 31, false),
 (4, 35, false),
 (4, 39, false),
 (4, 43, true),
 (4, 47, false),
 (4, 48, true),
 (5, 3, true),
 (5, 11, false),
 (5, 15, false),
 (5, 16, true),
 (5, 21, true),
 (5, 22, false),
 (5, 23, false),
 (5, 27, false),
 (5, 33, true),
 (5, 34, false),
 (5, 35, false),
 (5, 47, false),
 (6, 15, true),
 (6, 17, false),
 (6, 19, false),
 (6, 31, false),
 (6, 35, false),
 (6, 36, true),
 (6, 38, false),
 (6, 39, true),
 (6, 46, false),
 (6, 47, true),
 (6, 48, true),
 (7, 1, false),
 (7, 2, true),
 (7, 16, false),
 (7, 19, true),
 (7, 21, true),
 (7, 22, false),
 (7, 23, false),
 (7, 24, false),
 (7, 25, false),
 (7, 33, false),
 (7, 38, false),
 (7, 43, false),
 (7, 47, true),
 (8, 2, true),
 (8, 4, true),
 (8, 5, true),
 (8, 7, false),
 (8, 10, true),
 (8, 14, false),
 (8, 27, false),
 (8, 28, true),
 (8, 30, false),
 (8, 44, true),
 (8, 46, true),
 (8, 49, false),
 (9, 2, true),
 (9, 7, false),
 (9, 10, false),
 (9, 14, true),
 (9, 23, false),
 (9, 27, false),
 (9, 28, true),
 (9, 30, false),
 (9, 35, false),
 (9, 44, true),
 (9, 46, true),
 (9, 47, false),
 (9, 49, false),
 (10, 2, true),
 (10, 3, true),
 (10, 4, true),
 (10, 9, true),
 (10, 11, false),
 (10, 20, false),
 (10, 23, false),
 (10, 28, true),
 (10, 29, true),
 (10, 44, true),
 (10, 46, true),
 (11, 5, true),
 (11, 6, true),
 (11, 7, true),
 (11, 10, false),
 (11, 14, false),
 (11, 27, false),
 (11, 28, true),
 (11, 30, true),
 (11, 32, false),
 (11, 44, true),
 (11, 46, true),
 (11, 49, false),
 (12, 3, false),
 (12, 5, true),
 (12, 9, true),
 (12, 16, false),
 (12, 18, true),
 (12, 22, false),
 (12, 25, false),
 (12, 26, false),
 (12, 27, false),
 (12, 28, true),
 (12, 29, false),
 (12, 34, false),
 (12, 42, true),
 (12, 47, false),
 (13, 1, true),
 (13, 3, true),
 (13, 15, true),
 (13, 16, true),
 (13, 17, false),
 (13, 19, true),
 (13, 20, false),
 (13, 21, false),
 (13, 23, false),
 (13, 29, true),
 (13, 31, false),
 (13, 34, false),
 (13, 35, false),
 (13, 45, false);

INSERT INTO origin (id, name, description, maxload, maxarmorpr, advantage, baseev, baseea, bonusat, bonusprd, diceevlevelup, size, special, speedmodifier) VALUES (1, 'Humain', 'Les humains sont répandus en Terre de Fangh et vivent un peu partout. Ils ont un patrimoine génétique très large et donc
on en trouve de toutes les tailles, avec plus ou moins d''intelligence, de caractère fort ou faible, plus ou moins adroits. Ils
peuvent porter toutes sortes d''armures à condition d''être assez forts pour les supporter, et utiliser n''importe quelle arme
s''ils ont la force requise et les compétences associées.', null, null, 'L''humain de base peut utiliser n’importe quelle forme de magie sur des objets ou des enchantements. Il peut utiliser des
parchemins s''il sait lire (compétence Érudition). Il peut également choisir n''importe quelle profession à condition d''avoir les
scores nécessaires, et s''il n''en choisit pas il peut sélectionner de base deux compétences au choix - sauf « Appel du
sauvage »', 30, null, null, null, 6, 'Taille humaine standard.', 'USE_JOB_SKILLS', null),
 (2, 'Barbare', '<p>Le Barbare a une endurance très élevée. Il n''aime pas tout ce qui est compliqué. Il résiste au froid, au chaud, à la douleur.
</p>
<p>
C''est un humain différent des autres, car plus robuste et beaucoup moins polyvalent.
</p>
Comme il est tout de même humain, le Barbare ne dispose pas d''immunités particulièrement développées à la plupart des
maladies, et c''est un peu son point faible.
</p>', null, null, null, 35, null, 1, -1, 6, 'Taille humaine standard.', '', null),
 (3, 'Nain', '', null, null, null, 35, null, null, null, 6, 'Entre 1,20 m et 1,30 m
', null, -20),
 (4, 'Haut Elfe', '<p>Les hauts-elfes sont les descendants des elfes ayant découvert la Terre de Fangh il y a bien longtemps. Plutôt que de
s''enfuir dans la forêt pour monter une société arboricole, ils ont choisi de se fondre dans la population humaine, même s''ils
vivent en général dans des quartiers qui leur sont propres. De part leur style précieux et réfléchi, et de part leur grande
longévité ils ont le plus souvent fondé des familles nobles et riches. Ils sont hautains, propres sur eux, respectueux de
l''environnement et de toute forme d''activité artistique mais ne sont pas fascinés par leurs cousins les Elfes Sylvains.
</p>
', 10, 4, 'Excellente vue, nyctalopie moyenne. Ouïe plus développée que la moyenne', 25, null, null, null, 6, 'Taille humaine standard, mais en moyenne plus mince que les humains.
', null, null),
 (5, 'Demi-Elfe', '<p>Le demi-elfe, qu''il soit issu d''Elfe Sylvain ou de Haut-Elfe, a gardé un côté précieux et fragile mais aussi une part de la
beauté provenant de ses origines elfiques, et une adresse un peu supérieure à la moyenne. Il a gagné en robustesse et en
force grâce à l''apport génétique humain.
</p>
<p>
Considérés comme des bâtards par les deux peuples, ils ont souvent une enfance difficile et sont sujets à diverses moqueries,
développent ainsi une forme de paranoïa qui les suivra tout au long de leur vie d''aventurier. Ils ont quelques facilités en ce
qui concerne la communication avec les animaux mais n''ont pas vraiment de traits caractéristiques des elfes, et ne
partagent pas non plus leur aversion pour les Nains.
</p>
<p>
Leurs origines elfiques peuvent être assez discrètes, souvent un œil avisé pourra les deviner, mais il est assez facile de
cacher les oreilles légèrement pointues sous des cheveux ou une capuche.
</p>', 15, 5, 'Excellente vue, nyctalopie moyenne.', 28, null, null, null, 6, 'Taille humaine standard.', null, null),
 (6, 'Elfe sylvain', '<p>Les Sylvains sont les descendants des elfes ayant découvert la Terre de Fangh il y a bien longtemps. Ils ont choisi de fuir la
compagnie des humains pour vivre dans la forêt car ils s''y sentaient bien, et que tout le monde y est gentil. Ils ont une
culture particulière, des styles de vie particuliers et sont enclins à la niaiserie et à l''innocence.
</p>', 10, 4, 'Peut utiliser n’importe quelle forme d''objet enchanté (et parchemin avec « érudition » s''il choisit un métier).
Excellente vue, bon odorat, nyctalopie totale.', 25, null, null, null, 6, 'Taille humaine standard, généralement plus mince et plus élancé.', null, 20),
 (7, 'Elfe Noir', '<p>Les Elfes Noirs sont le résultat, semble-t-il, d''expériences chaotiques menées par les dieux sur les Elfes il y a bien
longtemps. Ils ont perdu toute l''innocence de leurs ancêtres et ont développé une culture très marginale, loin de la plupart
des autres peuples. Ils sont capables de vivre aussi bien dans les cavernes qu''en ville, pratiquent toutes les formes de magie
et sont enclins à la violence et à l''aventure.
</p>
<p>
Ils ne sont pas très à l''aise en compagnie d''autres gens, à l''exception de leurs semblables. Très discrets, ils sont également
fourbes et vifs, et naturellement doués pour les armes de jet.
Au niveau du physique, l''Elfe Noir à la peau sombre et bleutée, les cheveux blancs la plupart du temps. Cependant, ces
caractéristiques ne les privent aucunement de charisme.
</p>', 15, 3, 'Excellente vue, nyctalopie totale, ouïe très développée.', 25, null, null, null, 6, 'Taille humaine standard, généralement plus mince et plus élancé.', null, 20),
 (8, 'Orque', '<p>
L''orque est un peu l''équivalent du Barbare, mais en beaucoup plus idiot et sans aucun principe. Il est d''un naturel fourbe,
vicieux et méchant, mais certains parviennent à se faire une place dans la société en abandonnant les cavernes et les
hordes dans lesquelles ils vivent habituellement. Il garde toujours un côté un peu sauvage et peut y retourner si jamais il
est plongé dans le milieu d''où il est sorti.
</p>
<p>
Chassé depuis des millénaires par tous les autres peuples, l''orque a développé des sens particuliers. Il voit dans l''obscurité et
il peut flairer les ennuis avant qu''ils ne soient sur lui. Il n''aime pas se retrouver en lieu public, entouré d''autres gens.
C''est un personnage qui n''a aucune finesse mais peut se révéler ingénieux quand il s''agit de sauver sa peau. Il n''a pas
d''honneur et pas de code de conduite. Il n''est pas non plus très patient ! Son métabolisme s''est adapté pour résister à la
plupart des maladies, et il peut manger relativement n''importe quoi.
</p>
<p>
L''orque dispose de son propre langage mais ils apprend et parle assez facilement la langue commune, de façon rustre.
</p>
', null, null, 'Excellent odorat : peut flairer le sang ou le danger à 50 m. Mauvaise vue, mais nyctalopie totale.', 35, null, 1, -1, 6, 'Taille humaine standard ou légèrement plus grand. Toujours un peu plus massif et plus costaud.', null, null),
 (9, 'Demi-Orque', '<p>
Le demi-orque a hérité de son origine peau-verte une certaine stupidité et une méfiance générale vis-à-vis du monde qui
l''entoure. Il est né bâtard d''une ethnie considérée par la plupart des gens comme un ennemi, et cela ne l''a pas aidé à
développer une personnalité équilibrée. Il est cependant plus beau, plus intelligent, et moins robuste qu''un orque. Il ne peut
jamais apprendre à lire, par déficience mentale générale, et ne sera jamais non plus très adroit.
</p>
', null, null, 'Très bon odorat : peut flairer le sang ou le danger à 25 m. Nyctalopie moyenne.', 35, null, null, null, 6, 'Taille humaine standard.', null, null),
 (10, 'Gobelin', '<p>
Les gobelins sont les « petits frères pauvres » des orques. Ils ont également la peau verte et le visage contrefait, mais ils ne
sont ni intelligents, ni forts, ni courageux, ni beaux... Il ne leur reste pour survivre que l''adresse et la fourberie.
Ils parlent une langue bizarre et syncopée, très complexe et très rapide, et n''arrivent que très rarement à articuler des
mots de la langue commune. On peut donc les comprendre seulement si on connaît les langues des monstres. Ils ne voient
pas les couleurs comme les autres gens, mais seulement des nuances de vert.
</p>', 10, null, 'Les armes longues à 1 main sont pour le gobelin des armes à 2 mains. Tous les vêtements/protections sont 20% plus chers.
Excellent odorat : peut flairer le sang ou le danger à 50 m. Bonne vue, nyctalopie totale.
Le gobelin sait éviter les coups, le malus de PARADE relatif au matériel ne s''applique jamais', 20, null, null, null, 4, 'Entre 1,10 m et 1,20 m', null, -20),
 (11, 'Ogre', '<p>
Les ogres sont des créatures semi-géantes d''un naturel placide mais assez promptes à la violence. Ils vivent dans tous
types de milieux à condition qu''on y trouve de la nourriture, généralement assez loin des grandes villes. Parfois, un ogre
s''ennuie et décide de parcourir le monde et de rencontrer des gens. Ses compétences sont cependant réduites, mais ils
compensent par une grande force.
</p>
<p>
Leur principale activité consiste à trouver de la nourriture, mais ils sont attirés par les belles choses, sans vraiment les
comprendre. Ils ont donc un côté un peu enfantin, mais restent très dangereux pour leurs ennemis, et parfois pour leur
entourage.
</p>
<p>
Ils parlent une langue bizarre extrêmement simple, à base de concepts. Ils n''arrivent que très rarement à articuler des
mots de la langue commune. On peut donc les comprendre seulement si on connaît les langues des monstres.
</p>', null, 4, 'Très bon odorat : peut flairer le sang ou le danger à 50 m. Tous les vêtements/protections sont 30% plus chers.

L''Ogre a le droit de retrancher jusqu''à 3 points à son score de base en ATTAQUE et/ou en PARADE
pour en faire un bonus de dégâts (au corps à corps, toutes armes confondues). Ainsi il peut avoir +3 en dégâts en plus de ses
autres bonus de FORCE, mais son côté bourrin le rend maladroit. Le bonus est à choisir en début de carrière et ne pourra
être modifié par la suite.', 45, null, 1, -1, 6, 'Entre 2,10 m et 2,40 m, large et gros.', null, null),
 (12, 'Semi-Homme', '<p>
Les semi-hommes sont des gens simples vivant dans quelques parties de la Terre de Fangh, principalement là où il n''y a
pas trop de danger et où on peut cultiver des légumes. Ils sont assez courageux pour leur taille, et parfois certains sont
assez braves pour partir à l''aventure, bien qu''ils n''aient pour cette activité aucune prédisposition particulière.
</p>
<p>
Leur principal centre d''intérêt est la nourriture, et ils excellent dans tous les domaines culinaires. Leurs spécialités sont
réputées. On les prend souvent pour des enfants, mais les monstres ont une fâcheuse tendance à leur foncer dessus.
</p>', 10, 3, 'Les armes à 1 main sont pour le semi-homme des armes à 2 mains. Tous les vêtements/protections sont 20% plus chers.', 25, null, null, null, 4, 'Entre 1 m et 1,10 m, souvent rondouillard ou obèse', null, -50),
 (13, 'Gnôme des forêts du Nord', '<p>
Les gnômes des forêts du nord sont les aventuriers les plus improbables qui soient. Ils sont minuscules et hardis, très adroits,
silencieux, mais ils ont autant de force physique qu''un flan aux fruits, et la constitution d''un jeune gamin. Ils ont un
véritable talent pour la contorsion et les acrobaties.
</p>
<p>
Ils vivent en tribus dans les forêts, avec un mode de vie assez proche des Elfes Sylvains mais en moins sophistiqué. Ils
disposent d''une forme d''intelligence très particulière et sont beaucoup moins naïfs. Les gnômes ignorent par exemple toute
communication écrite et n''ont jamais appris à compter. Cependant, ils peuvent élaborer des pièges complexes et fabriquer
des objets superbes, ou trouver la solution à des problèmes d''ordre pratique qui rebuteraient un Nain. Ils sont aussi très
adroits pour dénicher les richesses.
</p>', 2, 2, 'Tous les vêtements/protections sont 50% plus chers (sur mesure). La plupart des armes sont trop lourdes. Le gnôme est
contorsionniste, et roi de l''esquive. De part sa petite taille, il peut chevaucher n''importe quoi.', 15, null, 2, -2, 4, 'Environ 60 cm, léger et mince avec un corps souple', null, -50);


INSERT INTO skill_effect (skill, stat, value) VALUES (49, 'PR', 1);

INSERT INTO skill (id, name, description, `require`, resist, `using`, roleplay, stat, test) VALUES (1, 'Ambidextrie', 'Pure compétence de guerrier en mêlée. À partir du niveau 2, le héros peut prendre une arme dans
chaque main. En plus d''avoir l''air méchant, il pourra donner deux attaques par assaut s''il atteint ou dépasse un score
d''adresse de 14. Ce qui lui donne, bien sûr, deux fois plus de chance de se blesser tout seul... Car la deuxième attaque est plus
difficile à réussir. Il ne peut parer qu''une fois, ambidextre ou non.', 'Avoir 2 armes à 1 main, minimum AD 14.', null, 'Deuxième attaque possible à chaque assaut, avec une épreuve AT-5 / une seule parade.', null, 'AD', null),
 (2, 'Agoraphobie', ': Les personnages agoraphobes ont peur des gens, de la foule. En présence d''une foule (taverne,
place du marché...), à la demande du Grand Vilain MJ, le héros devra réussir une épreuve d''intelligence +4 pour garder le
contrôle de lui-même. S''il échoue, il prendra la fuite et devra être convaincu par les autres de reprendre sa place dans le
groupe. C''est dommage, mais c''est comme ça.', null, 'Les équipiers peuvent tenter une épreuve de CHA pour le raisonner', 'En milieu peuplé, épreuve INT+4 du héros pour garder son sang-froid. Échec : fuite', null, 'INT', 4),
 (3, 'Appel des renforts', 'Cette compétence permet de fuir très vite en arrière en oubliant ses petits camarades derrière
soi. Le héros qui sait fuir (dignement, bien sûr) ne sera jamais touché par des ennemis au moment de leur tourner le dos
pour détaler. Bien entendu, les Barbares et les Paladins ne font jamais ça... ', null, null, 'En cas de fuite d''une scène de combat, le héros ne peut être frappé par les ennemis', null, null, null),
 (4, 'Appel du sauvage', 'Le héros à moitié barge a vécu son enfance dans des hordes ou dans les grottes de créatures
aux mœurs violentes. Si les aventuriers sont attaqués par un grand nombre d''ennemis (à partir de 5), le Grand Vilain MJ
demandera au héros sauvage de faire une épreuve d''intelligence +4. S''il échoue, il rejoindra le camp adverse... Et il ne sera
pas facile de le faire changer d''avis.', null, 'Les équipiers peuvent tenter une épreuve de CHA pour le raisonner.', 'En présence de horde, épreuve INT+4 du héros pour garder son sang-froid. Échec : le héros devient ennemi.', null, 'INT', 4),
 (5, 'Appel du tonneau ', 'L''alcool attire le héros, s''il ne parvient pas à résister à son instinct de poivrot. Il devra
passer une épreuve d''intelligence +4 pour s''en sortir... Ou décidera de s''adonner à la boisson, quitte à finir allongé dans son
vomi. C''est vraiment la honte.', null, 'À moins d''utiliser la force, on ne peut pas tenter de raisonner un ivrogne.', 'En présence d''alcool, épreuve INT+4 du héros pour ne pas s''enivrer. Échec : le héros finit bourré', null, 'INT', 4),
 (6, 'Appel du ventre', 'Certaines personnes ont besoin de manger souvent. Le héros qui subit l''appel du ventre doit
trouver à manger de façon régulière. S''il n''a pas ses trois repas par jour, il devra résister à l''envie de piquer la nourriture
de ses camarades, ou même à la tentation de leur manger un bras. Il sera bon pour une épreuve d''intelligence +4. S''il
échoue, ça risque de causer quelques problèmes !', null, 'Epreuve de CHA (difficile) pour le convaincre ou épreuve de FO (difficile) pour le ceinturer.', 'En manque de nourriture, épreuve INT+4 du héros pour rester calme. Échec : il veut manger ses amis.', null, 'INT', 4),
 (7, 'Armes de bourrin', 'Le personnage est capable d''utiliser toutes les armes qui sont lourdes et font très mal, comme les
grosses haches, les grosses épées, les grosses massues... En bref, ils ont la capacité d''utiliser des armes portant l''étiquette « à
deux mains ». Cette compétence n''est pas utilisable par les Nains et certaines autres créatures.', 'Avoir la force nécessaire (donc, n''avoir pas de restriction d''origine sur les armes à deux mains).', null, 'Peut s''équiper d''armes à deux mains et les utiliser (une à la fois !).', null, null, null),
 (8, 'Arnaque et Carambouille', 'Il faut parfois faire des concessions à la moralité pour augmenter ses revenus. Le
personnage arnaqueur obtiendra une remise de 20% sur le prix à l''achat d''objets neufs, sans faire la moindre épreuve au
dé. Il est libre ensuite d''en profiter pour faire du trafic au sein du groupe, à condition que le marchand ne flaire pas
l''arnaque (sur décision du MJ). Il peut gagner également 10% sur la revente de matériel usagé (butin), mais il faut savoir
que le prix de base d''un matériel revendu est toujours diminué d''au moins 50% par rapport au neuf.', '', null, 'En boutique ou en négociation, obtient une remise de 20% sur le prix d''achat, 10% à la revente.', 'pas d''épreuve au dé, mais le joueur doit convaincre le MJ avec un discours abracadabrant !', null, null),
 (9, 'Attire les montres', 'Le héros qui attire les monstres sera toujours le premier visé dans le cas où une bestiole ou un
méchant doit faire un choix de victime. Dommage pour lui, il a sans doute une tête à baffes !', null, null, 'Dans le cas d''une rencontre avec des ennemis, le héros est attaqué en premier.', null, null, null),
 (10, 'Bourre-pif', 'L’art du bourre-pif consiste à taper n’importe comment avec les poings de manière efficace. Casser un bras
ou se battre avec un tabouret rentre dans la compétence bourre-pif. Le personnage adepte du bourre-pif n''aura pas de
malus à son score d''attaque, pourra utiliser la « table des critiques à mains nues » ainsi que les « coups spéciaux à mains
nues ». Voir à ce sujet la page 13 du document des règles de base.', null, null, 'Pas de malus au score AT, dégâts de base 1D6, coups critiques, accès aux coups spéciaux.', null, null, null),
 (11, 'Bricolo du dimanche ', 'À l''aide de cette compétence, un personnage pourra tenter de réparer ou de fabriquer
des objets rudimentaires, pour peu qu''il réussisse une épreuve d''adresse, et sans avoir besoin de connaître le sujet en
particulier. C''est au Grand Vilain MJ de s''arranger pour que la difficulté de l''épreuve soit adaptée au profil du héros ainsi
qu''à l''objet désiré. Un gobelin fabriquera plus facilement une baliste qu''un nécessaire de coiffure ! Il aura bien entendu
besoin d''un certain nombre d''outils et de matériel de construction.', null, null, 'Fabrication ou réparation possible d''armes rudimentaires, de matériel varié, consolidation : épreuve AD.', null, 'AD', null),
 (12, 'Chance du rempailleur', 'Le personnage qui n''a que des caractéristiques pourries peut bénéficier de cette
compétence, sur décision du Grand Vilain MJ. Les dieux sont parfois cléments avec ceux qui ont une existence difficile. Le
personnage bénéficiant de la chance du rempailleur ne pourra mourir dans un combat, il se passera toujours quelque chose
de bizarre au moment on son énergie vitale approche de zéro... Il peut en revanche mourir de maladie ou d''accident.', null, null, null, null, null, null),
 (13, 'Chef de groupe', 'Le héros pense qu''il est un bon chef, et il arrive même à en convaincre les autres. Il lui est donc plus
facile d''imposer son avis quand le groupe doit prendre une décision, qu''elle soit bonne ou mauvaise.', null, null, 'le vote du chef du groupe compte pour 2 voix, et s''il y a égalité, c''est le chef de groupe qui a raison', null, null, null),
 (14, 'Chercher des noises', 'À moins d''être surpris, le personnage qui sait chercher des noises frappe toujours en premier
quand il se retrouve au corps-à-corps avec un ennemi. Ceci évite de confronter les scores de courage, et ça peut faire la
différence contre quelqu''un qui a une plus grosse épée.', null, null, 'le héros a l''initiative sur tous les combats au corps-à-corps', null, null, null),
 (15, 'Chevaucher', 'Permet de monter à cheval sans subir le courroux de la bête, sans faire d''épreuve
particulière. Chevaucher permet aussi de prétendre pouvoir s''installer sur le dos d''un certain nombre d''autres montures,
comme le Chapon Fanghien, le Sanglier de Combat... Au prix d''une épreuve d''adresse ou de charisme plus difficile à la
discrétion du Grand Vilain MJ. Pour les autres, c''est souvent « non, moi je vais marcher ».', null, null, 'Le héros peut utiliser une monture classique sans être ridicule et sans tomber au moindre mouvement.', null, 'CHA,AD', null),
 (16, 'Chouraver', 'Cette compétence permet à son possesseur de faire les poches de ses petits camarades sans être repéré
ou de piquer sans complexe des choux sur le marché. Un chouraveur a rarement beaucoup d''amis, et peut coupler sa
compétence avec « Appel des renforts » pour assurer ses chances de survie. Il aura un bonus de +4 aux épreuves d''adresse
impliquant un larcin.', null, null, 'bonus +4 sur les épreuves AD de vol à la tire, n''impliquant pas de violence.', null, 'AD', 4),
 (17, 'Comprendre les animaux', 'Le héros peut être fier de cette excellente compétence : grâce à elle, il peut
tenter d''instaurer un dialogue avec une mouette, des souris, un chat, une belette ou tout autre animal possédant un
embryon de cerveau. Le Vilain MJ devra s''assurer de lui prévoir un épreuve d''intelligence à la hauteur de la tâche. Une
fois le dialogue établi, le personnage peut bien sûr essayer d''en faire un animal familier !', null, null, null, null, 'INT', null),
 (18, 'Cuistot', 'C''est l''ami de tout le monde, ce cuistot ! Grâce à ses talents, il peut préparer à manger pour tous ses amis
en utilisant quelques ingrédients de base, et en plus, c''est bon ! Chaque repas préparé par le cuistot permettra de récupérer
2PV au lieu d''un seul. De plus, on n''attrape pas de maladie liée à la nourriture. Pas d''épreuve nécessaire.', 'disposer d''ingrédients et de matériel de cuisine, avoir 30 minutes pour cuisiner.', null, '+1PV de récupération sur un repas pour toute l''équipe. Pas d''épreuve.', null, 'AD', null),
 (19, 'Déplacement silencieux', 'Pour se glisser derrière quelqu''un sans être vu et lui dérober les clés de la prison,
rien de tel qu''un spécialiste du déplacement silencieux... Celui qui dispose de cette compétence aura un bonus de +4 à son
épreuve d''adresse.', null, null, 'bonus +4 sur les épreuves AD de dissimulation et furtivité.', null, 'AD', 4),
 (20, 'Désamorcer', 'Le personnage spécialiste en désamorçage dispose d''un bonus de +4 à l''épreuve d''adresse pour
débarrasser une porte, un couloir ou un coffre de n''importe quel mécanisme douloureux. Il doit cependant l''avoir détecté
avant (lui ou quelqu''un du groupe), en annonçant une détection des pièges et en réussissant son épreuve !', null, null, 'bonus +4 sur les épreuves AD pour désamorcer un piège.', null, 'AD', 4),
 (21, 'Détecter', 'Le héros dispose de sens aiguisés et d''une bonne faculté d''analyse, et ce n''est pas le genre à marcher
n''importe où. Il dispose d''un bonus de +2 à l''épreuve d''intelligence pour déceler les pièges et les chausse-trappes, les
ennemis cachés, les embuscades, les environnements risqués. L''action de détecter n''est pas automatique et doit être
annoncée par le héros', null, null, 'bonus +2 sur les épreuves INT pour détecter les pièges ou le danger.', null, 'INT', 2),
 (22, 'Érudition', 'Quand on a une certaine éducation, il y a des choses qu''on peut faire assez facilement. Le héros qui
dispose de l''érudition saura lire (la langue de base), écrire et compter, sans avoir à passer d''épreuve. Un héros qui n''a pas
reçu l''érudition ne saura faire ni l''un ni l''autre (ou alors seulement lire du texte de base, avec une épreuve INT)', null, null, 'le personnage sait lire, écrire et compter', null, 'INT', null),
 (23, 'Escalader', 'Spider-Man triche, il a les mains qui collent ! Mais cette compétence permet d’éviter les chutes
désastreuses avec talent, lorsqu''on déambule sur une corniche, qu''on attaque une falaise par la face nord ou qu''on se
retrouve suspendu entre ciel et terre par une toute petite corde.', null, null, 'Bonus +3 sur les épreuves AD pour l''escalade et les numéros de monte-en-l''air.', null, 'AD', 3),
 (24, 'Forgeron', 'Le héros forgeron peut réparer et améliorer des armes de métal, et comme c''est un talent plutôt rare,
peut en profiter pour faire payer ses services. Une épreuve d''adresse est nécessaire à la réussite d''une quelconque
manipulation. La difficulté sera dosée en fonction du contexte par le Grand Vilain MJ, dans sa grande magnificence.', '', null, 'aiguiser ou réparer une arme, améliorer une arme avec épreuve AD (voir tableau correspondant).', '', 'AD', null),
 (25, 'Frapper Lâchement', 'Quand on n''a pas la force nécessaire pour battre un adversaire au corps à corps et qu’on
a le sens moral d’un chacal, on a toujours le choix de feindre le sourire et de frapper de le dos. Cette compétence permet de
doubler les dégâts d’une attaque lorsque celle-ci est placée dans le dos, par une bonne connaissance des points vitaux. Mais
cela n''est possible qu''une seule fois par combat car l''ennemi ne se fait pas prendre deux fois à ce genre de jeu. Il faut tout de
même réussir son attaque... et se mettre en position au préalable. La parade est impossible.', 'avoir une dague, poignard ou autre lame courte - se placer dans le dos de la cible', 'une seule fois par combat, non cumulable avec « ambidextrie », ne fonctionne que sur les humanoïdes de taille
standard (pas sur les monstres, esprits, animaux et autres) – dague ou autre la courte uniquement', 'une fois les dégâts de l''arme calculés sur une attaque réussie, multipliez le total par 2', null, 'AT', null),
 (26, 'Fariboles', ' Ce talent particulier permet de baratiner n’importe qui en le noyant sous un flot d’histoires
invraisemblables. C''est très utile pour distraire des ennemis potentiels (à condition qu''ils ne soient pas en combat), captiver
une foule, énerver les gens, faire perdre du temps à quelqu''un, déstabiliser, marchander. Le héros maîtrisant l''art des
fariboles doit bien sûr impressionner les joueurs autour de la table, en racontant ses histoires dans la vraie vie ! Il aura un
bonus de +3 aux épreuves de charisme ou d''intelligence liées à cette compétence.', null, null, '+3 aux épreuves de CHA ou INT pour faire croire n''importe quoi à quelqu''un.', 'le joueur doit également convaincre le MJ avec son discours original !', 'CHA,INT', 3),
 (27, 'Fouiller dans les poubelles', 'Le héros n''a pas d''amour-propre. Il a l''habitude de faire son marché dans les
détritus, et sera toujours le premier à trouver un objet intéressant lorsqu''il fouillera une salle, un coffre, un trésor ou
n''importe quoi (même une poubelle, d''ailleurs). Si plusieurs aventuriers ont cette compétence, ils peuvent régler l''affaire
avec un duel au dé.', null, null, 'en cas de fouille d''un lieu ou d''un cadavre, le héros est le premier à trouver le meilleur butin', null, '', null),
 (28, 'Instinc de survie', 'Le héros dispose d''un flair particulier : il trouve de la nourriture ou de la boisson quand il y en a
quelque part. Il peut ainsi guider tout un groupe d''aventuriers vers la cuisine du donjon.
Utilisation : si le héros annonce qu''il suit son instinct de survie, le MJ devra le guider vers la nourriture/boisson proche', null, null, 'si le héros annonce qu''il suit son instinct de survie, le MJ devra le guider vers la nourriture/boisson proche.', null, '', null),
 (29, 'Instinc du trésor', 'Le héros a du flair pour trouver les choses cachées, surtout quand elles ont de la valeur !
Cette compétence donne un bonus de +3 aux épreuves d''intelligence pour sentir les trésors et cachettes.', null, null, '+3 à l''épreuve INT sur une épreuve de fouille ou détection de trésor/cachette.', null, 'INT', 3),
 (30, 'Intimider', 'Quand on se retrouve face à un gros costaud qui fait la grimace et approche son visage
furieux de votre nez avec l’apparente attention de vous accrocher la tête au bout d’une pique, on a souvent deux choix :
se battre ou fuir. L’intimidation permet au personnage de faire peur à ses adversaires sans avoir besoin de les combattre. Il
doit pour cela disposer d''une valeur de courage supérieure à son (ou ses) ennemis, et réussir une épreuve de charisme !', null, null, 'épreuve de CHA possible pour faire fuir un adversaire moins courageux que le héros.', null, 'CHA,COU', null),
 (31, 'Jonglage et danse', 'Ces trucs, ça ne s''invente pas, c''est un don. Le héros capable de danser et de jongler
pourra souvent distraire les gens, gagner de l''argent ou obtenir des faveurs avec une épreuve d''adresse. Pour les autres, ils
pourront se rendre ridicule, mais c''est tout.', null, null, 'possibilité d''essayer des prestations artistiques sans malus à l''épreuve AD', null, 'AD', null),
 (32, 'Langues des monstres', 'Les monstres disent n''importe quoi, c''est bien connu. Pour le héros qui a fait des études dans
ce domaine, pas de problème ! Il comprendra les propos de la plupart des créatures douées de parole : les ogres, les trolls, les
gnômes des forêts du nord, les kobolds, etc.', null, null, 'compréhension générale des langues de monstres sans épreuve.', null, '', null),
 (33, 'Méfiance', 'Quand le héros discute avec un personnage au cours d''une aventure, il peut utiliser la compétence de
méfiance pour détecter si le personnage ment, ou pas. S''il réussit l''épreuve, le Grand Vilain MJ lui dira si c''est le cas. S''il
échoue en revanche, il pourra lui raconter n''importe quoi...', null, null, null, null, 'INT', null),
 (34, 'Mendier et pleurnicher', 'Cette compétence permet au héros de gagner quelques pièces d''or entre deux
aventures, sans rien faire... Le montant sera tiré au dé, sur une décision du Grand Vilain MJ.', null, null, 'gagner de l''or entre deux aventures, sur jet de dé (1D20 PO max.).', null, 'INT', null),
 (35, 'Nager', 'Pas besoin de faire un dessin, le héros aura eu la chance d''apprendre à nager pendant sa jeunesse. Il
bénéficie donc, non seulement de la possibilité de nager sans jeter un dé, mais d''un bonus de +5 aux épreuves liées à la nage
(comme par exemple, essayer de sauver un équipier tombé dans la rivière).', null, '', 'possibilité de nager, +5 à l''épreuve AD sur une épreuve impliquant de la nage.', null, 'AD,FO', 5),
 (36, 'Naïveté touchante', 'Le personnage naïf est si mignon que les autres gens (joueurs et non joueurs) lui
pardonnent plus aisément un acte stupide, ou des paroles déplacées. Il dispose d''un bonus de +5 à l''épreuve de charisme pour
sauver sa peau dans ce genre de situation.', null, null, '+5 à l''épreuve CHA pour éviter un conflit suite à un problème ou une bévue impliquant le héros.', 'le joueur doit trouver une excuse bidon !', 'CHA', 5),
 (37, 'Pénible', 'Le héros est chiant, même quand il ne dit rien. Il agace les gens, aussi bien les aventuriers de sa
compagnie que les personnages rencontrés au cours du jeu. Le Grand Vilain MJ peut lui demander de faire une épreuve
d''intelligence dans ce genre de cas, pour savoir s''il se fait frapper ou non', null, null, 'en cours de partie, le MJ décide que le héros a été chiant et que ses compagnons sont fâchés. Le héros peut
essayer de sauver la situation en réussissant une épreuve INT (sans quoi, il se fait frapper).', null, 'INT', null),
 (38, 'Pister', 'Tout le monde peut suivre un troll à la trace, vu que généralement tout est cassé sur son chemin, mais
pister peut également servir à poursuivre des animaux ou des adversaires beaucoup plus discrets, en se repérant à tous les
signaux qu’ils ont pu laisser derrière eux. La compétence permet de bénéficier d''un bonus de +3 aux épreuves liées à cette
discipline. Il est interdit de dire « Moi j''ai envie de pister ».', null, null, '+3 à l''épreuve INT sur une épreuve de pistage.', null, 'INT', 3),
 (39, 'Premiers soins', 'Le personnage maîtrisant les premiers soins aura plein d''amis ! Il peut faire récupérer
quelques points de vie à ses camarades tombés au combat, pour peu qu''il réussisse une épreuve de moyenne AD/INT. Le
Grand Vilain MJ prendra soin d''augmenter ou de diminuer la difficulté en fonction de la blessure.', null, null, 'Épreuve AD possible pour tenter de soigner quelqu''un (max 1D6 PV).
Sur un échec critique, le héros parvient à blesser encore plus son compagnon (-1D6 PV).', null, 'AD', null),
 (40, 'Radin', 'Cette compétence est innée chez les Nains... Le héros radin disposera d''un bonus de +4 sur son
épreuve de charisme pour marchander (dans la limite d''une remise de 20%, non cumulable avec d''autres bonus). En
contrepartie, il devra passer une épreuve d''intelligence +4 quand il faut partager un butin ou une dépense avec le reste du
groupe. S''il échoue, il y aura sans doute un conflit à régler !', null, null, '+4 à l''épreuve CHA pour le marchandage, épreuve nécessaire INT+4 en cas de partage de butin (conflit).', null, 'CHA,INT', 4),
 (41, 'Récupération', 'Les mages, les prêtres et les paladins ont besoin de se poser 1H par jour pour réviser leurs
sortilèges ou prier. C''est comme ça... Et ce n''est pas la peine d''essayer d''y couper. Ils peuvent le faire à la place du repos, au
détriment de la récupération d''un certain nombre de points de vie (voir les règles de récupération).', null, '', 'obligation de faire une pause chaque jour pour continuer à pratiquer la magie / les prodiges. Récupère 4PA.', null, '', null),
 (42, 'Ressemble à rien', 'Il est des gens dont personne ne se souvient, qui passent inaperçus. Le héros qui ne ressemble à rien
dispose de ce talent. Certes, il ne sert pas à grand-chose, mais un jour il pourra peut-être lui sauver la vie, par exemple s''il
est recherché par des gardes et qu''ils tombent sur lui par hasard.', null, null, 'les PNJs ne se souviennent pas du héros.', null, '', null),
 (43, 'Runes bizarres', 'Le héros disposant de cette compétence peut interpréter les écritures les plus étranges de la
Terre de Fangh, pour peu qu''il réussisse une épreuve d''intelligence +4. Les autres, c''est pas de chance, ils n''ont même pas le
droit d''essayer.', null, null, ' +4 à l''épreuve INT pour lire les langues bizarres.', null, 'INT', 4),
 (44, 'Sentir des pieds', 'Le héros concerné, s''il enlève ses bottes, éloigne les animaux (dangereux ou pas) quand il dort en
milieu naturel. Dans une chambre d''auberge ou un dortoir, il incommode les autres équipiers qui dormiront moins bien
(récupération moins bonne). Les équipiers qui sentent eux-mêmes des pieds ne sont pas incommodés.
', null, null, 'éloigne les prédateurs la nuit en bivouac, mais diminue le confort des chambres partagées par les alliés.', null, '', null),
 (45, 'Serrurier', 'Dans certains villages éloignés de Fangh, les élèves serruriers sont souvent automatiquement pendus
de manière préventive. En effet, dans un cas sur deux, ce n’est pas le noble art de la fabrication de serrure qui intéressent
les apprentis mais bien comment fracturer le coffre du commerçant d’en face sans faire de bruit. La compétence de
serrurier permet de pouvoir ouvrir n’importe quel porte ou mécanisme fonctionnant avec une serrure, avec une épreuve
d''adresse. Ceux qui n''ont pas la compétence auront le droit d''essayer, mais le Grand Vilain MJ leur rendra la vie dure
avec une épreuve beaucoup plus ardue.', null, null, 'épreuve AD possible pour tenter de crocheter une porte, un mécanisme.', null, 'AD', null),
 (46, 'Tête vide', 'Les sorts affectant le psychique n''ont pas prise sur ce héros, car il ne dispose pas du capital nécessaire. C''est
le cas des sorts de prise de contrôle, de terreur, d''illusion, de télépathie.', null, null, 'résiste automatiquement à certains types de sortilèges, illusions ou malédictions.', null, '', null),
 (47, 'Tirer correctement', 'Tirer correctement permet d’utiliser une arme comme l’arc, le couteau de jet ou
l’arbalète de manière efficace, avec une épreuve d''adresse. Pour donner un exemple, prenez l’elfe, et bien c’est exactement
le contraire. Clair non ? Les gens qui n''ont pas cette compétence peuvent toujours essayer, mais le Grand Vilain MJ leur
donnera du fil à retordre avec une épreuve plus difficile. De toutes façons, le fait d''avoir la compétence n''empêche pas de
tirer accidentellement sur les petits copains...', null, null, 'épreuve AD possible pour utiliser des armes de jet.', null, 'AD', null),
 (48, 'Tomber dans les pièges', 'Une fois qu''il se retrouve affublé de cette tare grotesque, le héros sera toujours le premier
à tomber dans un piège, dans le cas ou un groupe d''aventuriers marche dedans sans le détecter. Il n''avait qu''à faire
attention. Si plusieurs aventuriers ont cette compétence, ils peuvent régler l''affaire avec un duel au dé', null, null, 'le héros se prend toujours le piège en premier.', null, '', null),
 (49, 'Truc de mauviette', 'Le héros n''a pas mal, même quand il a mal. Il serre les dents et continue de faire son
malin, parce que la douleur est une simple information. Le héros qui rit des trucs de mauviette dispose d''une protection
naturelle de 1 point supplémentaire (PR+1).', null, null, '+1 au score de PR totale.', null, '', null);

INSERT INTO speciality_modifier (id, speciality, stat, value) VALUES (1, 2, 'EV', -5),
 (2, 2, 'EA', 5),
 (3, 2, 'FO', -2);

INSERT INTO speciality_special (id, speciality, isbonus, description, token) VALUES (1, 2, false, 'le mage ne peut choisir aucune autre spécialisation que celle de Tzinntch', 'ONE_SPECIALITY'),
 (2, 2, false, 'le mage doit préserver 50% de ses gains en or, nature et joyaux pour les donner au culte', null),
 (3, 2, false, 'le mage commence sa carrière avec -5 points d''EV et -2 en FO sur ses compétences d''origine', null),
 (4, 2, false, 'le mage gagne 1D6-1 en EV au changement de niveau s''il choisit d''augmenter l''EV (minimum 1)', 'LEVELUP_DICE_EV_-1'),
 (5, 2, false, 'le mage doit obligatoirement porter la robe noire de l''ordre – il peut porter quelque chose en-dessous, coquins', null),
 (6, 2, true, 'le mage a accès à tous les sorts de « magie généraliste », à 1 niveau au-dessus du sien', 'GENERIC_MAGIC_+1_LEVEL'),
 (7, 2, true, 'e mage commence sa carrière avec +5 PA', null),
 (8, 2, true, 'le mage dépense 1 PA de moins pour chaque sort de « magie généraliste » (minimum 1)', 'GENERIC_MAGIC_-1_MANA'),
 (9, 2, false, 'le mage a accès aux sortilèges inédits réservés aux cultistes de Tzinntch', null),
 (10, 1, false, 'le mage ne peut choisir aucune autre spécialisation que l''invocation – sa panoplie de sorts est réduite', 'ONE_SPECIALITY'),
 (11, 1, false, 'le mage doit faire attention à son charisme', null),
 (12, 1, false, 'Le mage doit renvoyer toutes ses créatures (hors familier, compagnon ou double) avant de se reposer, ou bien elles
échapperont à son contrôle', null),
 (13, 1, true, 'le mage n''a pas forcément besoin d''être adroit', null),
 (14, 1, true, 'le mage a accès à quelques sorts de magie généraliste, mais seulement ceux de son grimoire', 'NO_GENERIC_MAGIC'),
 (15, 1, true, 'le mage commence sa carrière avec le « Manuel de l''Invocateur Inconscient » qui lui servira jusqu''au niveau 10*', null),
 (16, 1, true, 'le mage a accès aux sortilèges inédits réservés aux invocateurs', null),
 (17, 7, false, 'il doit choisir cette spécialisation au niveau 1 et ne pourra en choisir d’autres par la suite', 'ONE_SPECIALITY'),
 (18, 7, false, 'il doit faire attention à la présence à ces côtés de créatures mortes : celles-ci peuvent attirer l’attention', null),
 (19, 7, false, 'il a souvent besoin de trouver des ingrédients et/ou de cadavres', null),
 (20, 7, false, 'en voyage à pieds, il avance à la vitesse de ses créatures, soit plutôt lentement', null),
 (21, 7, true, 'il n''a pas forcément besoin d''être adroit', null),
 (22, 7, true, 'il peut éviter de mettre sa vie en danger en faisant travailler les morts à sa place', null),
 (23, 7, true, 'il peut régénérer son énergie vitale et son énergie astrale sans l’aide d’équipiers', null),
 (24, 7, true, 'il a accès au grimoire de magie généraliste à chaque niveau, en plus de son propre grimoire de nécromancien', null);

INSERT INTO speciality (id, name, description, job) VALUES (1, 'Invocation', 'Le mage invocateur a délaissé la magie généraliste pour s''adonner à son passe-temps favori : faire apparaître dans le
monde des humains des créatures étranges, dangereuses et à moitié folles, dans le seul but de se faire servir et d''accéder
rapidement à la puissance. Ce n''est pas une spécialité très populaire car elle a un côté aléatoire très prononcé. Néanmoins,
elle peut être vraiment passionnante pour peu qu''on ait un peu d''instinct de survie. L''invocateur sait aussi lancer
quelques sortilèges normaux, mais ça l''ennuie... Et il ne pourra utiliser qu’un seul grimoire tout au long de sa carrière !', 10),
 (2, 'Magie Noire de Tzinntch', 'Pour pratiquer cette discipline, il faut adhérer à la secte. En récompense de vos bons offices (et d''une contribution non
négligeable en monnaie), le culte vous permet d''accéder à des sortilèges de combat inédits, plus puissants et plus
économiques en énergie astrale. Vous avez aussi accès à du matériel exceptionnel à des prix relativement intéressants.
C''est une carrière qui ne vous rendra pas populaire – tout comme celle de nécromant – mais qui propose une escalade
rapide vers la puissance, comme une sorte de « côté obscur de la force », si vous voyez ce que je veux dire. Les sortilèges de
Tzinntch sont très prisés par les mages vicieux désirant s''illustrer au combat. Le gain de puissance se fait en revanche au
détriment d''une partie de votre santé.', 10),
 (3, 'Magie de combat', 'Premier stade de la magie dédiée à la violence, et jusqu''au niveau 14 uniquement. Plus tard, le mage de combat peut
évoluer vers la « Magie de bataille » ou même la « Magie de guerre ». On retrouve dans cette spécialité un grand nombre
de sortilèges réservés aux aventuriers, c''est pourquoi la plupart d''entre eux choisissent cette voie. Sorts à destination d''une
cible, sorts de masse, améliorations personnelles, la magie de combat offre un grand festival de choix variés.', 10),
 (4, 'Magie du feu', 'C''est une discipline particulièrement tournée vers la violence, contrairement à ce que peuvent en dire certains professeurs
égocentriques. Le feu brûle, détruit et cause en général de gros dégâts. Il n''a aucune intelligence et se trouve rarement
sélectif, ce qui aura des conséquences sur les dommages causés aux équipiers. Néanmoins, il existe dans la spécialité
quelques sortilèges anodins, purement utilitaires ou simplement esthétiques. On peut même y trouver des sorts pour
amuser les amis. En situation de combat, c''est idéal pour faire de gros dégâts en consommant le moins d''énergie astrale
possible, surtout dans les premiers niveaux. On notera que peu de créatures résistent au feu, en dehors des dragons et des
démons : ce n''est pas le cas pour la magie de la glace par exemple, contre laquelle on peut se prémunir avec un gros pull.
En revanche, à moins d''être complètement obsédé par le feu, c''est assez rapidement lassant.', 10),
 (5, 'Métamorphoses', 'La métamorphose est une discipline enseignée par les Dieux du Chaos eux-mêmes. Si les elfes noirs sont passés maîtres
dans cette spécialité, elle est accessible à toutes les races chaotiques ou assimilées, donc à presque tout le monde, pour peu
qu’on ait un minimum de dispositions pour la magie. Cependant, malgré le côté spectaculaire de la discipline, de nombreux
étudiants la délaissent au profit de spécialités plus efficaces au combat. Parmi les magies chaotiques, la métamorphose est
une des moins dangereuses pour la santé mentale et consomme souvent peu d''énergie astrale.
', 10),
 (7, 'Nécromancie', 'Les mages nécromants ou nécromanciens - ou nécros’ dans le langage pauvre et imbécile des aventuriers de tous bords -
sont des êtres sanguinaires, dangereux et irresponsables. Leurs rêves de puissance n’ont d’égal que la folie qui les anime. Et
comme ils sont aussi mégalomanes qu’inconscients, leurs espoirs de puissance sont souvent déçus. En outre, ils attirent les
aventuriers comme personne : Il suffit qu’un nécromant s’installe dans un donjon perdu au milieu de nulle part pour que,
sitôt son installation connue, les bandes d’aventuriers surgissent comme des essaims d’abeilles tueuses. C''est ainsi que le
nécromant a bien souvent des tas d''ennemis, et pas d''amis. En revanche, s''il trouve des gens assez fous pour l''accompagner
sur les chemins de l''aventure, le nécromant saura tirer son épingle du jeu dès lors qu''il prend du galon : les sorts de bas
niveau sont plutôt tranquilles, mais la puissance augmente rapidement. Il faut être patient cela dit car nombre d''entre eux
sont des rituels : il faut donc dans un premier temps trouver les ingrédients, et dans un second temps savoir les utiliser.', 10),
 (8, 'Magie de la Terre', 'La magie de la terre peut sembler ridicule aux yeux de l''ignorant. Pour certains, elle se rapproche de la béatitude
écologique des druides et des elfes sylvains coiffant les poneys sous la lune argentée. Cependant, cette discipline n''a rien
d''une partie de rigolade. On y trouve des sortilèges très variés : camouflage, assistance, sorts offensifs et défensifs,
invocations, malédictions, pièges. En définitive, une offre très complète.', 10),
 (9, 'Dlul', 'Dlul est le dieu chaotique du sommeil et de l''ennui. Son prêtre dispose toutefois de quelques pouvoirs très utiles, voire même dangereux !', 9),
 (10, 'Youclidh', 'Youclidh est le dieu asexué de la Bonne Santé, du Bien-être et de la Guérison - un soigneur du côté du Bien', 9),
 (11, 'Slanoush', 'Slanoush est le dieu des secrets, des vices, de la perversion, de la psychologie et des rêves - un prêtre polyvalent (à déconseiller aux mineurs)', 9),
 (12, 'Adathie', 'Adathie est la déesse de la Justice et des Merguez - un prêtre assez polyvalent dans un genre qui tend plutôt vers le "bon" (discipline à l''origine proposée par Cham von Schrapwitz, Siegmund Krönfeld et Nak’hua Thorp)', 9),
 (13, 'Dlul', 'Dlul est le dieu chaotique du sommeil et de l''ennui. Mais son paladin peut se révéler puissant, tant qu''on ne l''empêche pas de dormir', 12),
 (14, 'Braav''', 'Braav’ est le dieu loyal-bon de la gentillesse, de la défense des opprimés, du bien et de la bonne action - un paladin puissant qui doit suivre en permanence le droit chemin !', 12),
 (15, 'Slanoush', 'Slanoush est le dieu des secrets, des vices, de la perversion, de la psychologie et des rêves - cela donne un paladin quelque peu sournois (à déconseiller aux mineurs)
', 12),
 (16, 'Khornettoh', 'Khornettoh est le dieu de la violence et du sang - un paladin donc assez teigneux !', 12),
 (17, 'Ingénieur Mécanicien', 'Sa connaissance des mécanismes est augmentée, et il est tout à fait capable d''opérer des réparations et confections de plus
grande envergure. Réparer un char, par exemple, trafiquer un piège complexe ou mettre en place un système de pont levis.
De fait, il est apprécié par les populations, mais ayant tendance à surfacturer ses services, ce type d''ingénieur a souvent
une sale réputation. Il peut évaluer assez facilement la valeur et l''usage d''une arme mécanique.', 18),
 (18, 'Ingénieur Forgeron Concepteur', 'Il fait partie d''une ancienne famille d''artisans, et dispose de secrets de fabrication connus d''eux seuls. Il peut ainsi créer de
nouveaux modèles d''armes et renforcer des existantes, sans se cantonner à la simple réparation ou à l''entretien comme
peut le faire n''importe qui avec la compétence Forgeron. Très apprécié chez les Nains, même s''il est d''une autre origine, il
se retrouvera fréquemment en affaires avec eux. Il reconnaît assez facilement la valeur des armes et armure de métal,
sauf dans le cas où ces derniers sont enchantés.', 18),
 (19, 'Ingénieur Ébéniste', 'Très à l''aise avec toutes les constructions et le travail du bois, il est recherché pour ses capacités quand il s''agit de concevoir
ou d''améliorer des armes de jet en bois, des projectiles et les boucliers. Il est naturellement l''ami des elfes car il respecte le
bois et en connaît les essences. Il peut déceler les défauts du bois sur tous types de construction et ainsi évaluer facilement
la résistance ou le poids d''une porte, d''un pont, d''une charpente, d''un meuble... Il évalue aussi facilement le prix des objets
en bois, dans la mesure où ils n’ont pas été enchantés.', 18),
 (20, 'Ingénieur Artisan cuir', 'L''artisan du cuir sait travailler ce noble matériau pour en tirer des réalisations variées à l''aide de quelques outils simples.
Ceintures, sacs, bottes, armures, casques, outres, matériel d''équitation, il saura toujours se faire un peu d''argent, que ce soit
en confection ou en réparation. Il peut déceler les qualités d''un cuir à vue d''œil et peut évaluer facilement le prix d''un
article en cuir ainsi que sa valeur, sauf si ces dernier a été enchanté, bien sûr.', 18),
 (21, 'Ingénieur Couturier', 'Passé maître dans l’art du patron, de la découpe et de l’assemblage de tissus variés, l’ingénieur couturier est souvent mal vu
car on considère généralement qu’il manque de virilité et qu’il exerce un métier honteux. Enfin, de toute façon, c’est ce qu’il
aime faire, alors on ne va pas l’en priver. Il peut réparer des vêtements endommagés, mais peut également mettre à profit
ses connaissances pour constituer des déguisements ou aider quelqu’un à trouver le bon costume pour s’infiltrer quelque
part, sachant tirer parti des us et coutumes vestimentaires de milieux variés. Ce spécialiste de la fringue saura évaluer
d’un coup d’œil la valeur et la provenance des tissus mais aussi de n’importe quel vêtement, sauf si ces dernier a été
enchanté, bien sûr.', 18),
 (22, 'Ingénieur Cuisinier', 'Il sort d''une grande école de cuisine et saura cuisiner à peu près tout avec à peu près rien. Métier honorable, il est
fréquemment sollicité quand il passe près d’une cuisine ou qu’on a besoin de récupérer de l’énergie vitale. Chacun a son
style qui lui est propre et on raconte que plusieurs fois par an, ils se réunissent pour discuter et échanger des recettes lors
d''un conclave où, par définition, on mange bien. L’ingénieur cuisiner est tout à fait capable de masquer l''ajout de quelque
chose dans la nourriture, de repérer un goût bizarre ou de savoir si un aliment est périmé, d’augmenter la durée de
conservation d’un aliment à l’aide d’un traitement. Naturellement, il trouvera toujours des amis chez les semi-hommes.', 18),
 (23, 'Ingénieur Alchimiste', 'Cet d’ingénieur est un érudit qui n’a pas voulu se tourner vers le métier de mage, sans doute à cause d’un problème
d’énergie astrale ou de concentration. L’alchimiste aime faire des recherches et mélanger des ingrédients pour parvenir à
créer des mixtures aux effets variés, aussi bien que des objets utilisant des principes alchimiques pour se faciliter la vie au
quotidien. Réputés dangereux et instables, les alchimistes n’ont pas très bonne réputation et on leur attribue de nombreux
accidents en milieu urbain, souvent à raison d’ailleurs... Ils savent reconnaître la plupart des ingrédients magiques et les
matériaux bizarres (produits pour alchimistes). De part leur érudition, ont une connaissance assez bonne des gemmes.', 18),
 (24, 'Ingénieur Médecin', 'Très prisé dans les petites bourgades ou aucun temple de Youclidh n''a cru bon de s''installer, et remplacement avantageux
de la vielle rebouteuse qui habite à la sortie du village dans une cabane pourrie, ceux-ci sont habituellement aptes à soigner
les petits bobos campagnards. Très souvent, ils opèrent la double fonction de coiffeur-visagiste parce que les gens ne se
blessent pas tout le temps. Dans ces village, on les appelle alors les Guérisseurs. Avec un peu d’expérience, ils deviennent
de précieux alliés pour les aventuriers. Ils savent reconnaître la plupart des potions et des poisons, sont aptes à réduire les
fracture et stopper les hémorragies pour peu qu’ils disposent du matériel adequat, et le cas échéant peuvent obtenir un
rabais auprès d''un autre guérisseur. Ils sont évidemment très bien vus des prêtres de Youclidh.', 18),
 (25, 'Ingénieur Gobelin', 'Gobelin exclusivement, il est une spécialité à part entière. Il est capable de fabriquer des pièges mécaniques et explosifs, des
engins à fonctionnement aléatoire, des bricolages hasardeux, des machines étranges et les préparations chimiques douteuses.
Ses produits ne rencontrent pas toujours le succès, mais ils sont toujours surprenants. Touche-à-tout, il travaille
généralement pour un Maître de Donjon, mais certaines personnalités plus recommandables font parfois appel à ses
services. Il travaille régulièrement – et parfois sous la menace - avec les guildes de voleurs, car qui mieux que le serrurier
connaît la composition du coffre-fort ? C’est l’ingénieur le plus polyvalent de tous car on lui connaît des talents basiques
pour la forge, l’alchimie, la construction, la mécanique et le travail du cuir. Bien sûr, il est également capable de diriger ses
propres engins. Le gobelin a des chances de reconnaître les gemmes, les matériaux et les produits alchimiques.
Comme tous les gobelins, il ne sait pas lire mais il est capable de griffonner des plans qui ne seront compris que par d’autres
gobelins (ou des gens formés aux runes bizarres). Il ne voit pas les couleurs, mais seulement des nuances de vert.', 18);

INSERT INTO stat (name, displayname, description, bonus, penality) VALUES ('AD', 'Adresse', 'la caractéristique la plus souvent testée hors du combat. La plupart des actions risquées
entreprises par un héros nécessitent une épreuve d''adresse : escalader un mur, se faufiler, désamorcer un
piège, grimper à un arbre, esquiver des coups... Bon nombre de compétences sont liées à l''adresse. N''hésitez
pas à lancer à la volée des épreuves d''adresse quand un héros désire faire l''équilibriste. Une bonne adresse
permet également d''améliorer l''habileté au combat (attaque/parade) et l''utilisation d''armes de jet.', 'Si l''ADRESSE est supérieure à 12 : +1 à l’attaque OU à la parade (un seul point quel que soit le score)
', 'une caractéristique ADRESSE de 8 ou inférieur : -1 à l’attaque OU à la parade'),
 ('AT', 'Attaque', '', null, null),
 ('CHA', 'Charisme', 'représente l''apparence du héros et son “aura”, prestigieuse ou non... Permet d''influencer
les gens, de les convaincre, et d''une manière générale d''influencer les dieux. C''est la caractéristique
principale des prêtres et des ménestrels.', null, null),
 ('COU', 'Courage', 'utilisé principalement pour déterminer qui frappe le premier dans un combat au corps à
corps, on s''en sert aussi pour gérer les réactions des héros (ou des monstres) à une situation stressante. Si le
héros se retrouve brusquement cerné par 3 orques, le MJ peut lui demander de passer une épreuve de
courage. La partie continue normalement s''il réussit, mais en cas d''échec il paniquera et tentera de
prendre la fuite, ou bien il se mettra à pleurer', null, null),
 ('CRIT', 'Critiques', 'donne 1 chance supplémentaire d''obtenir un critique en combat sur 1D20, en épreuve AT ou PRD', null, null),
 ('CRIT-AT', 'Critiques AT', 'Donne 1 chance supplémentaire d''obtenir un critique en combat sur 1D20, en épreuve AT', null, null),
 ('CRIT-MAG', 'Critique magique', 'Donne 1 chance supplémentaire d''obtenir un critique en combat sur 1D20, sur le lancement des sorts', null, null),
 ('CRIT-PROD', 'Critique prodige', 'Donne 1 chance supplémentaire d''obtenir un critique en combat sur 1D20, sur les prodige', null, null),
 ('EA', 'Énergie astrale', 'cette énergie est utilisée par les mages/prêtres/paladins pour lancer des sorts et
appeler des prodiges. Chaque action de ce type a un coût en PA (points astraux), en général dépendant de
la puissance du sort. Les points dépensés sont retirés du capital de PA, en attendant d''être récupérés soit
par le repos, soit par l''étude, soit par le transfert ou par l''usage d''une potion.', null, null),
 ('ESQ', 'Esquive', '', null, null),
 ('EV', 'Énergie vitale', '', null, null),
 ('FO', 'Force', 'inutile de faire un dessin... La Force est utile en combat (elle détermine les dégâts entre autres)
mais pas prépondérante : c''est surtout l''adresse qui est utile, car elle permet d''augmenter les chances de
toucher. Cela dit, la force permet aux héros de pousser quelqu''un du haut d''une falaise, de défoncer une
porte, de soulever un rocher, d''utiliser des armes de bourrin, de transporter des charges.', 'Pour chaque point de FORCE supérieur à 12 : +1 point d’impact (dégâts des armes améliorés, au corps à corps ou à distance)
Le bonus au dégâts sera donc de +1 pour FO 13, et de +3 pour FO 16, etc.', 'au contraire sur une carac. de FORCE de 8 ou inférieure : -1 point d’impact (dégâts des armes diminués, car mauviette)
Contrairement au bonus, le malus ne se cumule pas, car on considère que l''arme de base, même maniée faiblement, peut
blesser.'),
 ('INT', 'Intelligence', 'on teste l''intelligence en particulier quand on pratique la magie... C''est la
caractéristique qui sert à lancer la plupart des sortilèges ! Elle peut augmenter les dégâts des sorts. Elle
permet aussi de réussir les potions... Parfois le MJ peut demander un test d''intelligence pour sortir les
aventuriers d''une situation. On s''en sert aussi pour détecter les pièges, trouver son chemin dans un
labyrinthe...', 'Pour chaque point d''INTELLIGENCE supérieur à 12 : +1 point de dégâts des sorts (selon sortilège)
Le bonus au dégâts sera donc de +1 pour INT 13, et de +3 pour INT 16, etc.
Il s''applique à chaque jet de dégât de sortilège : s''il y a plusieurs cibles, il s''appliquera donc à chaque cible', null),
 ('MV', 'Mouvement', '', null, null),
 ('PI', 'Points d''impacts', '', null, null),
 ('PR', 'Protection', '', null, null),
 ('PRD', 'Parade', '', null, null),
 ('RESM', 'Résistance à la magie', 'Dans certains cas, on peut tenter de résister à un sortilège – c''est une
moyenne de plusieurs caractéristiques (COU, INT, FO) qui détermine la volonté du héros, sa capacité à ne
pas flancher face à une attaque magique. Les projectiles magiques (type boule de feu) ne sont pas remis en
question par la résistance à la magie, car une fois lancés ils agissent comme des attaques physiques. En
revanche, de nombreux sorts plus élaborés (tels que les attaques mentales, les illusions, les malédictions)
peuvent être évités (par les héros, mais aussi par les PNJs et les monstres) en réussissant une épreuve de
résistance à la magie. Dans tous les tableaux de magie, les sorts concernés par la résistance à la magie
comportent la mention « sauf résistance magie » dans la colonne « notes ». Utiliser cette caractéristique à
bon escient permet d''éviter que les mages ne deviennent des « tueurs de boss » en utilisant des sortilèges
stupides sur des monstres ou des ennemis puissants. Ces derniers en effet ont souvent une bonne
résistance à la magie ! Important : En augmentant une ou plusieurs caractéristiques impliquées dans cette
moyenne, le héros devra recalculer sa résistance à la magie.', null, null),
 ('PR_MAGIC', 'PR_MAGIC', '', null, null);
SET foreign_key_checks = 1;
